carrier_refractive_index,trial_number,retrofit_refractive_index,retrofit_thickness_nm,optimization_relative_gain_percent,trial_state
1.2,0,1.100474,118.791,0.3469919641442498,COMPLETE
1.2,1,1.0954451150103321,136.93063937629154,0.3584544233145692,COMPLETE
1.2,2,1.2880035409270574,231.51524612531296,-1.1392820075824872,COMPLETE
1.2,3,1.0629823889912113,224.62006785000762,0.10601105599319371,COMPLETE
1.2,4,1.2714839261760544,242.85202543757785,-0.9421057542205236,COMPLETE
1.2,5,1.1983785086963978,88.48547627147866,-0.2909556721850448,COMPLETE
1.2,6,1.0206278273475768,113.64017345473749,-0.06291387328654086,COMPLETE
1.2,7,1.229980788836999,157.51589862264495,-0.6644555419370257,COMPLETE
1.2,8,1.121046155533621,178.67255766584574,0.21615093962794596,COMPLETE
1.2,9,1.059186037818502,160.4792815809182,0.2435737532343829,COMPLETE
1.2,10,1.224217330175396,192.79933810634813,-0.5383088021942428,COMPLETE
1.2,11,1.2551733886819714,237.52885782196893,-0.7830381667049302,COMPLETE
1.2,12,1.1393640150644624,240.82476653222471,0.02685239438486864,COMPLETE
1.2,13,1.271958769087361,155.31317640290814,-1.2602831630391997,COMPLETE
1.2,14,1.2045729624590018,72.58408845854774,-0.3490374585955802,COMPLETE
1.2,15,1.2194371888760072,76.48635065212446,-0.5029425912184582,COMPLETE
1.2,16,1.2120875861734992,133.2997410712988,-0.4592565717456254,COMPLETE
1.2,17,1.1931558110302716,241.1915161706843,-0.25882421053575744,COMPLETE
1.2,18,1.1162263850277274,74.11305664461672,0.11229083773500736,COMPLETE
1.2,19,1.1352265204671816,88.73210606619827,0.15837191214851387,COMPLETE
1.2,20,1.0492667915111016,165.5640112239592,0.1815766891741344,COMPLETE
1.2,21,1.1407442788587452,130.1278641227401,0.22709653191712587,COMPLETE
1.2,22,1.2234269909329667,246.9510553299483,-0.4876208232637458,COMPLETE
1.2,23,1.2508351084554845,137.47495838424715,-1.0126391989695227,COMPLETE
1.2,24,1.0853772017209882,114.07091086402767,0.32762541529642863,COMPLETE
1.2,25,1.0911476898784687,108.77175304284813,0.3185805535879771,COMPLETE
1.2,26,1.1725967124549916,52.36395649972695,-0.18453531684541336,COMPLETE
1.2,27,1.0872874446950869,112.4528180469459,0.32592843685894657,COMPLETE
1.2,28,1.0911823227831552,142.05124434756596,0.35339258379261107,COMPLETE
1.2,29,1.103281651538881,143.46672924535244,0.3468860214024261,COMPLETE
1.2,30,1.16055401552925,204.534213171636,-0.029423088536928432,COMPLETE
1.2,31,1.0990208495203277,145.92290126552243,0.34725431329984957,COMPLETE
1.2,32,1.069837726136499,125.51177255768883,0.30876467125597884,COMPLETE
1.2,33,1.0354383936618743,146.0877525825735,0.1024505286010946,COMPLETE
1.2,34,1.1076351834951979,173.41235547844823,0.2669375950565378,COMPLETE
1.2,35,1.0645255816493795,99.1972852608273,0.21050778230431444,COMPLETE
1.2,36,1.081559023130961,146.32151492281682,0.3379405441437555,COMPLETE
1.2,37,1.1260011552535134,123.0634903334134,0.29704347122581076,COMPLETE
1.2,38,1.1527648837605218,183.25461568196775,0.054792727217045645,COMPLETE
1.2,39,1.0436411878502307,218.8719082665884,0.04108930086959006,COMPLETE
1.2,40,1.1049818637497948,120.58954291556613,0.3464262191966716,COMPLETE
1.2,41,1.100954314809371,141.29178940365784,0.3520707084779806,COMPLETE
1.2,42,1.0752251054796687,153.56196491259652,0.3132290290372097,COMPLETE
1.2,43,1.101208119975193,167.8184356230337,0.29347729578892423,COMPLETE
1.2,44,1.1203178325697534,99.3191411150142,0.25636058947289264,COMPLETE
1.2,45,1.0551403430065616,137.82219002899348,0.24625725235167817,COMPLETE
1.2,46,1.0242208340066905,157.4670291374336,-0.010426865491752757,COMPLETE
1.2,47,1.0952210012921055,186.5935984861979,0.24120161048246658,COMPLETE
1.2,48,1.127564973230055,150.17481860335985,0.26775640188949623,COMPLETE
1.2,49,1.1107228569291494,102.95140311554826,0.290745640662049,COMPLETE
1.2,50,1.0759804186590889,131.07789837107242,0.3330501463560731,COMPLETE
1.2,51,1.0976401736087484,141.64972188102624,0.35383057433175935,COMPLETE
1.2,52,1.095248410864349,139.88277457538788,0.35626343170542807,COMPLETE
1.2,53,1.0907838918372266,163.1611328727223,0.3116291654744252,COMPLETE
1.2,54,1.0659545270989537,141.06074479696102,0.29815832350272853,COMPLETE
1.2,55,1.113019676715691,172.96452335768342,0.25647904437913205,COMPLETE
1.2,56,1.1475646165416897,129.6458711860651,0.1852885664425763,COMPLETE
1.2,57,1.096189188583108,150.82626168237533,0.34004353050385294,COMPLETE
1.2,58,1.1304834161459008,139.764572738191,0.27239450695060174,COMPLETE
1.2,59,1.076653875114202,160.48247827340828,0.30218799281822584,COMPLETE
1.2,60,1.1169079938320747,118.10483655473499,0.32067030153004605,COMPLETE
1.2,61,1.0833186357221058,134.5170740055596,0.349736805073686,COMPLETE
1.2,62,1.0574850935980016,134.3504920301915,0.2589530640154436,COMPLETE
1.2,63,1.0979559598145818,126.53113442953801,0.35754953735092077,COMPLETE
1.2,64,1.0849329355008417,129.0150598880654,0.3510202592631684,COMPLETE
1.2,65,1.0881941650721263,126.08238656169617,0.35306877403131764,COMPLETE
1.2,66,1.095215621066649,116.33309834944947,0.34250564646425286,COMPLETE
1.2,67,1.2914935605461997,108.7306545776307,-1.7943924545914536,COMPLETE
1.2,68,1.0709669427406174,122.66172490705246,0.30890669990124575,COMPLETE
1.2,69,1.1088085970331747,126.55405384098948,0.34699360633632104,COMPLETE
1.2,70,1.123557797817289,150.36327323313054,0.28343630007141574,COMPLETE
1.2,71,1.08683602938269,127.96748909770156,0.35298922757558415,COMPLETE
1.2,72,1.0808058176456075,141.17348531090497,0.34216140263729766,COMPLETE
1.2,73,1.1364956826185912,108.3466290187911,0.22816918918528994,COMPLETE
1.2,74,1.0896598861486697,90.32170998497136,0.2284798170183011,COMPLETE
1.2,75,1.1015153667678284,146.79416892801012,0.34372181876625163,COMPLETE
1.2,76,1.1150279888188483,155.79093553772918,0.29902871032678746,COMPLETE
1.2,77,1.0625522679445738,135.276729117823,0.2846177652827686,COMPLETE
1.2,78,1.047555944059667,123.69008757392466,0.1884286251963685,COMPLETE
1.2,79,1.0728055852441252,114.64301807005967,0.29833322571821697,COMPLETE
1.2,80,1.1032099632550483,143.5905367263109,0.3467990688206468,COMPLETE
1.2,81,1.0874808420225206,126.54767188137012,0.3526728496786591,COMPLETE
1.2,82,1.0922626473971007,127.57169707253757,0.35751536617931734,COMPLETE
1.2,83,1.0908059718593832,127.22874228967851,0.35638147747389937,COMPLETE
1.2,84,1.0795005224118979,121.32917529425708,0.3318519740457049,COMPLETE
1.2,85,1.0955752770148497,132.8191060374134,0.3598226289131423,COMPLETE
1.2,86,1.095285605433348,133.32100444296302,0.35976855077306524,COMPLETE
1.2,87,1.1096451331317927,135.91334495896407,0.34470278053548853,COMPLETE
1.2,88,1.0959961611624396,132.32294915402608,0.3598296214864849,COMPLETE
1.2,89,1.1198759530167692,103.36078831058336,0.27376669279093324,COMPLETE
1.2,90,1.0957613724715156,132.20608953534182,0.3598443320528055,COMPLETE
1.2,91,1.0955733653641238,131.36141510138506,0.35980660204131265,COMPLETE
1.2,92,1.0944908528124724,131.7400061818869,0.3597621686446617,COMPLETE
1.2,93,1.106056282621438,131.9115863935733,0.3523443417664529,COMPLETE
1.2,94,1.0947563841326398,114.45013133061613,0.3378550977797712,COMPLETE
1.2,95,1.0671512514824955,121.08476138497888,0.2917246578842292,COMPLETE
1.2,96,1.1127303866229963,132.08560683916335,0.3399182289464342,COMPLETE
1.2,97,1.0759624963276018,110.79907169829711,0.2968311633583909,COMPLETE
1.2,98,1.1294718120034746,118.12327818136458,0.2781525397982598,COMPLETE
1.2,99,1.1033046283381738,145.6984559221531,0.34350858993310585,COMPLETE
1.2,100,1.0812450128846647,136.9087187566889,0.3455022117523354,COMPLETE
1.2,101,1.0938492605416525,131.1359850343923,0.3595687894806243,COMPLETE
1.2,102,1.0981924680758277,130.08574373218073,0.3591555231068577,COMPLETE
1.2,103,1.1078578878147727,131.3382461375046,0.3496460242472299,COMPLETE
1.2,104,1.1005129015697612,136.5192022616433,0.3566320943398482,COMPLETE
1.2,105,1.1210891003609251,118.91333289218156,0.30989326449528676,COMPLETE
1.2,106,1.0927636010958093,150.4685048017531,0.34119720069842874,COMPLETE
1.2,107,1.0985245686867122,124.49728219663854,0.355660354027032,COMPLETE
1.2,108,1.1175804810863268,132.3198355513636,0.32719422021378897,COMPLETE
1.2,109,1.0844092149298938,138.28602357858477,0.3501639509413179,COMPLETE
1.2,110,1.0704909677540382,147.06894744107495,0.3095193842429955,COMPLETE
1.2,111,1.098811034478139,136.53847691525175,0.3576963797189636,COMPLETE
1.2,112,1.1068799518684969,128.98316267496594,0.35099362682198265,COMPLETE
1.2,113,1.096190021708855,133.923900396065,0.3596058526209589,COMPLETE
1.2,114,1.0987769095968078,143.88934619631348,0.3504155394008057,COMPLETE
1.2,115,1.1134213646292817,153.92136200048859,0.30775984967581493,COMPLETE
1.2,116,1.1865325385527665,138.97037910587733,-0.15805775368668007,COMPLETE
1.2,117,1.2810490133498191,134.27025423570652,-1.5312369286846983,COMPLETE
1.2,118,1.078685069763141,124.11073246960078,0.33406361869383616,COMPLETE
1.2,119,1.0845336408722017,120.18812430916006,0.33997792709339336,COMPLETE
1.2,120,1.0972967254844743,148.93152669575673,0.34314983615546524,COMPLETE
1.2,121,1.0933223335062614,130.3271750311518,0.359243937062681,COMPLETE
1.2,122,1.2424818934724398,132.37403692208233,-0.894334411936093,COMPLETE
1.2,123,1.1041175416331965,140.16289266006814,0.3499190253050566,COMPLETE
1.2,124,1.0915269816714774,128.6016604060866,0.35772060963095154,COMPLETE
1.2,125,1.0909717716861767,136.53030260623405,0.3575838476967963,COMPLETE
1.2,126,1.0861062251459528,53.102729998147254,-0.05554077099193533,COMPLETE
1.2,127,1.1106022724191966,131.2547330189287,0.3446440134875717,COMPLETE
1.2,128,1.073032829813247,143.55003708681443,0.3211867089797371,COMPLETE
1.2,129,1.0796305961589818,121.96649051314843,0.3332031900728172,COMPLETE
1.2,130,1.0930627095880083,116.41739071425071,0.3417960225355454,COMPLETE
1.2,131,1.0889292121020058,135.9558122400009,0.35639645675942244,COMPLETE
1.2,132,1.1034092999181122,136.70830130918435,0.35378482104975184,COMPLETE
1.2,133,1.0954608364922735,128.03682322651952,0.358723949291595,COMPLETE
1.2,134,1.0960352679216219,129.58819299310426,0.3594143380531767,COMPLETE
1.2,135,1.0937464721023615,129.16961805589216,0.3589705717261582,COMPLETE
1.2,136,1.108892129878622,111.83313092284797,0.32333550353751406,COMPLETE
1.2,137,1.0829878420160568,124.63270945283145,0.3439128524921564,COMPLETE
1.2,138,1.1162713150935566,132.1430482731246,0.33096617670380635,COMPLETE
1.2,139,1.0959872191803224,141.34374291594742,0.35470058703634955,COMPLETE
1.22,0,1.100474,118.791,0.279918280518876,COMPLETE
1.22,1,1.104536101718726,135.8036190637778,0.2933137286802223,COMPLETE
1.22,2,1.0316854746417339,229.83651146560427,-0.20293198111390742,COMPLETE
1.22,3,1.0845190711351818,236.23890434188533,0.0008307151269537627,COMPLETE
1.22,4,1.084887603973198,226.95256701392825,0.02063992751160093,COMPLETE
1.22,5,1.2033802283854178,154.8418137661463,-0.3159897302888126,COMPLETE
1.22,6,1.0867598732009647,199.94196737191496,0.09834021964252315,COMPLETE
1.22,7,1.2837058691326426,92.23735473082894,-1.4482033013574203,COMPLETE
1.22,8,1.2978403902996765,233.6686363307965,-1.243666786075448,COMPLETE
1.22,9,1.2476480190178725,106.0201076962972,-0.8898351280557826,COMPLETE
1.22,10,1.2054476762369506,190.01615022436184,-0.36925567265215786,COMPLETE
1.22,11,1.1568164518305142,65.86496414923413,-0.13339076488876334,COMPLETE
1.22,12,1.2203129954774814,220.40403856806216,-0.5040357535482709,COMPLETE
1.22,13,1.1877152539708355,93.5661987380669,-0.1683997425204531,COMPLETE
1.22,14,1.2108978663833148,195.71154004108766,-0.4198879430284408,COMPLETE
1.22,15,1.139942420464023,125.48318555179532,0.21381344990099027,COMPLETE
1.22,16,1.1248772699514364,228.45287204035438,-0.0013197908882767173,COMPLETE
1.22,17,1.2602582892037661,171.512095882852,-0.9640949397142329,COMPLETE
1.22,18,1.1081787285799012,242.1271251297568,-0.0024251269965192,COMPLETE
1.22,19,1.264491915086262,249.85273914182514,-0.8804972999609362,COMPLETE
1.22,20,1.2229360505474614,162.4932404828303,-0.5316113531168565,COMPLETE
1.22,21,1.251000403381017,203.60490876882682,-0.7952345343688494,COMPLETE
1.22,22,1.0290067284205995,200.96459034638235,-0.17966400647326797,COMPLETE
1.22,23,1.1044577893355032,85.38756559879891,0.11247480388509867,COMPLETE
1.22,24,1.1483583533583477,129.64516011759594,0.17157561271403665,COMPLETE
1.22,25,1.0598912193212036,128.18007385055498,0.15365003570873004,COMPLETE
1.22,26,1.1509967464020396,128.04755712278825,0.15719869357453398,COMPLETE
1.22,27,1.1273118185228699,148.5453398458852,0.23506834065216697,COMPLETE
1.22,28,1.0572408830478242,146.59931432333116,0.13648927084477513,COMPLETE
1.22,29,1.0518629431819513,111.23778353005497,0.06196033302880988,COMPLETE
1.22,30,1.1832464152827797,143.23268009632775,-0.10326993794179673,COMPLETE
1.22,31,1.1267748215044362,112.84446041602372,0.24144212384906716,COMPLETE
1.22,32,1.1209128505072687,175.8992496748806,0.16494538629026056,COMPLETE
1.22,33,1.1709205267006695,111.10440774668828,0.009649544017964473,COMPLETE
1.22,34,1.0958470970536065,141.5275065648972,0.2840191158522076,COMPLETE
1.22,35,1.0796542273966652,54.670971546538695,-0.198526826473977,COMPLETE
1.22,36,1.0971854335809406,137.6282209403901,0.28917645345487575,COMPLETE
1.22,37,1.0907126291895566,139.05364400816086,0.2796088175686773,COMPLETE
1.22,38,1.0717205517882205,159.81123792497073,0.1890636101907761,COMPLETE
1.22,39,1.1008412097231572,96.40875006849896,0.18700670011837506,COMPLETE
1.22,40,1.0452103290070378,178.59217432480014,-0.005379928045701199,COMPLETE
1.22,41,1.0861843323363132,136.45215201609184,0.27179203134826135,COMPLETE
1.22,42,1.093946396105077,140.09149309177357,0.28350716137466314,COMPLETE
1.22,43,1.0705094668407094,119.68307799269151,0.19890607107999614,COMPLETE
1.22,44,1.1123184881450838,156.25784183528066,0.2483333686480238,COMPLETE
1.22,45,1.0985071651263025,138.76475315010114,0.2892289291781758,COMPLETE
1.22,46,1.0920784957082899,167.08197104708242,0.21804246682992634,COMPLETE
1.22,47,1.1349212073636463,150.01725523478805,0.2040920325893758,COMPLETE
1.22,48,1.0712872575527537,135.95580202637152,0.21990197794730104,COMPLETE
1.22,49,1.0395908175770863,182.50563524194098,-0.056523218368154104,COMPLETE
1.22,50,1.117632669349607,100.15222624919699,0.20739735229791112,COMPLETE
1.22,51,1.0989513323871207,120.4578062142118,0.28202085617321515,COMPLETE
1.22,52,1.096926059967258,135.05356131399682,0.2904383729038118,COMPLETE
1.22,53,1.0781661334267438,153.7194903438145,0.22603751457450638,COMPLETE
1.22,54,1.0998914565565516,138.27652967949902,0.29047998395526076,COMPLETE
1.22,55,1.1090043588390446,81.02691016275675,0.07882093526241363,COMPLETE
1.22,56,1.1383902272549566,131.46839079871853,0.2197883211996876,COMPLETE
1.22,57,1.1612624359092185,122.04869319325614,0.09149718840790744,COMPLETE
1.22,58,1.1138438612025234,166.6249761680338,0.21253104767053888,COMPLETE
1.22,59,1.0644096435528199,105.88332690202876,0.12200438290652649,COMPLETE
1.22,60,1.1014314793349707,144.48146778980598,0.2828935028682755,COMPLETE
1.22,61,1.0957068391065732,137.76857166497703,0.28763474569275527,COMPLETE
1.22,62,1.0210600696489922,133.34206269812742,-0.2022583020886537,COMPLETE
1.22,63,1.0826649152530292,153.01481861464353,0.24051042783257426,COMPLETE
1.22,64,1.0953298050837321,124.59519134167633,0.2843803059531913,COMPLETE
1.22,65,1.1274720846700643,125.31368399147301,0.25947915935298216,COMPLETE
1.22,66,1.105950557035142,114.56499290186952,0.2716807634260743,COMPLETE
1.22,67,1.0850294005459122,133.76134162967142,0.26941259212436286,COMPLETE
1.22,68,1.1185693444184606,116.66947268827535,0.2676434567407959,COMPLETE
1.22,69,1.1452798934371922,107.119857157613,0.158499740084439,COMPLETE
1.22,70,1.075068393645666,161.4299026471099,0.1973437148237389,COMPLETE
1.22,71,1.0935391714375136,143.2714321355118,0.2791170366264195,COMPLETE
1.22,72,1.1008928592283518,124.83419491677006,0.2900677541251895,COMPLETE
1.22,73,1.063957914038526,124.02906564548596,0.17265611078587373,COMPLETE
1.22,74,1.103499482318869,128.65906576973973,0.29404910018198116,COMPLETE
1.22,75,1.109177754902908,137.29486289321844,0.2902238307023408,COMPLETE
1.22,76,1.13140275961138,147.45386674511957,0.22380979792846478,COMPLETE
1.22,77,1.1079355355614338,130.81660692335115,0.2939354053523413,COMPLETE
1.22,78,1.1085822243095176,128.07202444864953,0.29297505540613056,COMPLETE
1.22,79,1.1107649514263076,129.9607663453358,0.2920735292873289,COMPLETE
1.22,80,1.1196302292534581,101.9290661780883,0.21394622052235412,COMPLETE
1.22,81,1.1087857348297765,129.61890768960149,0.2933705653272556,COMPLETE
1.22,82,1.11001867150448,130.7684362010588,0.29269633290849306,COMPLETE
1.22,83,1.12383123273221,128.4440935846821,0.27028050533191017,COMPLETE
1.22,84,1.1129567155080153,131.02878676034868,0.2899577281713306,COMPLETE
1.22,85,1.132350873112263,117.018813670275,0.23457862011146968,COMPLETE
1.22,86,1.1421851001561767,148.66449091683626,0.1751687965741322,COMPLETE
1.22,87,1.10826519466401,108.87966408275972,0.2527410618436754,COMPLETE
1.22,88,1.0841717657432952,119.03668140221895,0.2504679663740239,COMPLETE
1.22,89,1.1517561336368645,131.16974544712775,0.151336235377042,COMPLETE
1.22,90,1.0886969376742706,157.4306504488397,0.24248314743480215,COMPLETE
1.22,91,1.1058996860566732,141.57536234899803,0.2869842402615008,COMPLETE
1.22,92,1.1162424357088143,220.74975356173803,0.03110187990038593,COMPLETE
1.22,93,1.1232819191398937,135.94705773951375,0.26838599563789867,COMPLETE
1.22,94,1.1106617316606218,127.59305399683967,0.2914478784779684,COMPLETE
1.22,95,1.1039499194846534,127.57285487390584,0.2935437655606332,COMPLETE
1.22,96,1.1045634777283686,127.5317851675184,0.29357605639928064,COMPLETE
1.22,97,1.1296871319835122,128.4704888072095,0.2535676067411341,COMPLETE
1.22,98,1.137197848415467,114.94047058943204,0.21313531518185602,COMPLETE
1.22,99,1.1139470826783777,122.38516781142344,0.28378673940481214,COMPLETE
1.22,100,1.1042138898718523,120.34123643175627,0.2848293323701956,COMPLETE
1.22,101,1.1026186743107236,128.93901438614742,0.29396556862490986,COMPLETE
1.22,102,1.0904657020036344,127.71357651330948,0.2795141081142649,COMPLETE
1.22,103,1.1231990960370501,144.54690596448734,0.25574208994296743,COMPLETE
1.22,104,1.1111331069725972,132.2091239442169,0.2916128482647995,COMPLETE
1.22,105,1.0793784993783888,112.03164754305244,0.214384727319894,COMPLETE
1.22,106,1.1041079193464987,132.94499403207195,0.2945714404592126,COMPLETE
1.22,107,1.1041433680280257,141.25634532281416,0.2878706422195565,COMPLETE
1.22,108,1.2923592215608561,150.41661248080118,-1.513459579534271,COMPLETE
1.22,109,1.1185159815087233,118.99416008311368,0.27236823170808666,COMPLETE
1.22,110,1.0872950467268498,132.55746231937374,0.2749616618926032,COMPLETE
1.22,111,1.1134520905999645,131.30594473151996,0.2893514699077837,COMPLETE
1.22,112,1.1038979211657545,122.4803006222951,0.2882734251272723,COMPLETE
1.22,113,1.0911655425027875,125.77142036424412,0.2789940284525061,COMPLETE
1.22,114,1.1100524501327156,134.6992840712057,0.29151343327997736,COMPLETE
1.22,115,1.1182635188543157,140.7194333016176,0.27376131467133913,COMPLETE
1.22,116,1.099072057054105,144.97326818129835,0.28128621395639986,COMPLETE
1.22,117,1.1269581706372755,112.97815823351362,0.24133667369463652,COMPLETE
1.22,118,1.107349803806086,129.46006632008283,0.29398268669666994,COMPLETE
1.22,119,1.094513950434278,103.18449337370113,0.21655653005174802,COMPLETE
1.22,120,1.1044481854081327,116.85223989429721,0.2774447505764943,COMPLETE
1.22,121,1.114058634772482,130.45157992262637,0.2886787383459488,COMPLETE
1.22,122,1.1082871026472858,134.619406221628,0.2927724563607015,COMPLETE
1.22,123,1.0990496261319902,125.01506779102968,0.28894946415105593,COMPLETE
1.22,124,1.124416494357535,136.6263140810665,0.2647392766841339,COMPLETE
1.22,125,1.1053719139312326,122.75068251627464,0.28885108674594484,COMPLETE
1.22,126,1.1191623105190591,128.46054862511832,0.280484256575364,COMPLETE
1.22,127,1.0831538521391404,138.40118013172898,0.2628871575474756,COMPLETE
1.22,128,1.1327879821356368,134.07616322149676,0.24047545323373498,COMPLETE
1.22,129,1.0744251635512065,146.46554153765894,0.2255269386395975,COMPLETE
1.22,130,1.091863298696118,109.57239848710914,0.24012939355766427,COMPLETE
1.22,131,1.113844902863633,132.2294571189864,0.2886709453855163,COMPLETE
1.22,132,1.1066706088641654,127.98498213529749,0.2936320621814259,COMPLETE
1.22,133,1.100854709211418,119.45722365706615,0.2815892011259091,COMPLETE
1.22,134,1.0975482315623635,125.65146420913496,0.2882294498279814,COMPLETE
1.22,135,1.1074759515729864,128.4555327715079,0.2936073581073728,COMPLETE
1.22,136,1.087171906489752,140.83049293761906,0.2710286841081322,COMPLETE
1.22,137,1.1072733508742485,122.00691435964879,0.2876119427450252,COMPLETE
1.22,138,1.119631028446058,116.05147485503086,0.26452021625826827,COMPLETE
1.22,139,1.0942237025662285,135.09292065929236,0.28734618802312983,COMPLETE
1.24,0,1.100474,118.791,0.18579826203370953,COMPLETE
1.24,1,1.1135528725660044,134.70397652008117,0.21056525625782196,COMPLETE
1.24,2,1.1390909801866769,117.55653993835244,0.16211186123864518,COMPLETE
1.24,3,1.2767887748426074,144.84852603089877,-1.2253057477890628,COMPLETE
1.24,4,1.0701996825835425,174.9958355273168,0.0028262384043520328,COMPLETE
1.24,5,1.116379819144255,59.152149749675864,-0.2706704766608059,COMPLETE
1.24,6,1.176911004543684,160.51038331143968,-0.10849337903316991,COMPLETE
1.24,7,1.2482309988776499,231.70822650360128,-0.7825640996321215,COMPLETE
1.24,8,1.1223368937268432,50.58159147859298,-0.36769667369256354,COMPLETE
1.24,9,1.1625400398469932,192.61459544391408,-0.13061548773345422,COMPLETE
1.24,10,1.2110141419044493,206.9115417646466,-0.47083120852309257,COMPLETE
1.24,11,1.1011870588009887,177.02901282749917,0.07884782453961847,COMPLETE
1.24,12,1.2618106934309925,160.4622885231971,-0.980087443262645,COMPLETE
1.24,13,1.134976920690973,241.81741553532365,-0.15934445573071443,COMPLETE
1.24,14,1.238876744969529,168.83828302219408,-0.6992658941701757,COMPLETE
1.24,15,1.1747846654399612,71.37166986673282,-0.2448465883563511,COMPLETE
1.24,16,1.2792314759571048,193.96230096401456,-1.119971157187638,COMPLETE
1.24,17,1.1265587278997118,190.5456925474358,0.004530352676557214,COMPLETE
1.24,18,1.174808385973086,167.51687156801367,-0.11691791105830074,COMPLETE
1.24,19,1.2192781497487195,140.06921662020568,-0.45904764518702734,COMPLETE
1.24,20,1.1277125512119905,222.24245515653027,-0.10409587559729871,COMPLETE
1.24,21,1.24685291823931,206.53879062373767,-0.7742390146856959,COMPLETE
1.24,22,1.1046310657734988,172.1267698309822,0.10114489714918573,COMPLETE
1.24,23,1.0646999600510711,57.33778034884563,-0.3904723919935904,COMPLETE
1.24,24,1.0484284206994858,107.39563010793846,-0.13723613795474376,COMPLETE
1.24,25,1.086142661450578,106.74397089360795,0.09831475759662922,COMPLETE
1.24,26,1.0304702959221905,109.59425719258692,-0.3094001287099135,COMPLETE
1.24,27,1.16141407812921,90.15158162042204,-0.04183171490782511,COMPLETE
1.24,28,1.143517852789241,128.32131714852892,0.15530093074132,COMPLETE
1.24,29,1.0772398012904978,130.92070003502917,0.12310831800479427,COMPLETE
1.24,30,1.092604772142992,87.85245487428674,-0.007684478707892239,COMPLETE
1.24,31,1.1475431546700334,121.59175891310682,0.13754799732317302,COMPLETE
1.24,32,1.1990994303329479,145.43785385081793,-0.2546474507110874,COMPLETE
1.24,33,1.143496458935437,121.0192863338683,0.15263565789878086,COMPLETE
1.24,34,1.1089626428569122,148.2849115164956,0.1866087829264007,COMPLETE
1.24,35,1.106040469964529,139.75719824846166,0.20237152062481112,COMPLETE
1.24,36,1.0619325943819204,143.46993584579616,0.028439170530702995,COMPLETE
1.24,37,1.1110500992198262,151.75735058186743,0.17704891884100515,COMPLETE
1.24,38,1.0506864016698874,93.38052708439363,-0.18626550446396717,COMPLETE
1.24,39,1.0864262556639854,158.396008531049,0.12114824581554995,COMPLETE
1.24,40,1.1161782495213215,134.19457993074013,0.21025566969294918,COMPLETE
1.24,41,1.1123954216431913,134.21544382482503,0.21094325268800063,COMPLETE
1.24,42,1.115046608996234,134.52249488847661,0.2104147309528459,COMPLETE
1.24,43,1.1173439573574415,136.2826058712574,0.20768294412003563,COMPLETE
1.24,44,1.1192624513649054,129.46203522635244,0.21024576428436692,COMPLETE
1.24,45,1.0929307104869983,127.86503376411348,0.1824071703951491,COMPLETE
1.24,46,1.1544190855018146,110.89793033756314,0.08815006776279333,COMPLETE
1.24,47,1.1358284435999133,99.59641527395544,0.10168146905646935,COMPLETE
1.24,48,1.1215443918107069,154.91397614504098,0.1586985676174546,COMPLETE
1.24,49,1.0778920940777554,116.60104774863723,0.10084732338051516,COMPLETE
1.24,50,1.184752945525453,78.20282837545454,-0.24461630831200676,COMPLETE
1.24,51,1.1158242750700245,134.77226549454642,0.20994260215498883,COMPLETE
1.24,52,1.132885392040588,134.80855849018567,0.1843438652494811,COMPLETE
1.24,53,1.2956658204941693,123.97825444836415,-1.5974010351918921,COMPLETE
1.24,54,1.0989975107452368,115.68078415421039,0.17409042915041972,COMPLETE
1.24,55,1.117774363149124,181.9321372537264,0.05431462637397466,COMPLETE
1.24,56,1.1276260350440854,133.03405523447347,0.19782318582288738,COMPLETE
1.24,57,1.1592443012510434,165.05187139134728,-0.013106315798228074,COMPLETE
1.24,58,1.0962560680454179,149.63645759929375,0.1697161528327884,COMPLETE
1.24,59,1.114469053336855,140.82134229865838,0.20257547925870423,COMPLETE
1.24,60,1.0779148188747618,162.72683945296728,0.07751762087939706,COMPLETE
1.24,61,1.1159079174953057,137.16870522007227,0.2074266624439991,COMPLETE
1.24,62,1.1227351579252658,125.34724010268404,0.20561867648103416,COMPLETE
1.24,63,1.1353309043001447,133.96209624379182,0.17863567603282338,COMPLETE
1.24,64,1.104838339306284,114.755528567709,0.18180133306602286,COMPLETE
1.24,65,1.1523908496504895,102.04418790687026,0.06410746520721933,COMPLETE
1.24,66,1.0857688544662303,144.05772773610715,0.1527069009099824,COMPLETE
1.24,67,1.1701911187099283,153.069617494135,-0.03830292119282319,COMPLETE
1.24,68,1.1264634916743996,128.85822621854444,0.20162343589564813,COMPLETE
1.24,69,1.140746507176608,120.48335840441479,0.16146743629217308,COMPLETE
1.24,70,1.0975125216376227,136.62323971206743,0.19377054698708207,COMPLETE
1.24,71,1.1153616048968724,137.33330695836713,0.2074557499030627,COMPLETE
1.24,72,1.107629877953153,145.20645451902635,0.19350253686680752,COMPLETE
1.24,73,1.1181319134596928,158.3965836296785,0.1506765914976782,COMPLETE
1.24,74,1.1307236793105027,128.54583171098471,0.1934475872060748,COMPLETE
1.24,75,1.087564502557596,137.9973799164153,0.16585436389422448,COMPLETE
1.24,76,1.1106753478335931,123.26331365285014,0.20700413088414749,COMPLETE
1.24,77,1.1481480651684437,147.70482779839557,0.10239591433010009,COMPLETE
1.24,78,1.0691872627414423,131.43030649036908,0.07842190531544002,COMPLETE
1.24,79,1.1033582590260025,155.44212985025322,0.16284960481551813,COMPLETE
1.24,80,1.1382506897997586,101.4498849085991,0.10665938257019558,COMPLETE
1.24,81,1.1170060516791465,139.0083004244232,0.20429324634319013,COMPLETE
1.24,82,1.1234961169290423,112.29135888141664,0.17857145172957,COMPLETE
1.24,83,1.113960485572531,137.67091016509477,0.20745641523129965,COMPLETE
1.24,84,1.1017461056213824,143.38400144987654,0.191989731408726,COMPLETE
1.24,85,1.0909232889108842,118.84330700220701,0.16109286104470932,COMPLETE
1.24,86,1.1106077268177583,131.8714097773676,0.2116563864388743,COMPLETE
1.24,87,1.1302688131205911,125.89489634279923,0.19394681656168533,COMPLETE
1.24,88,1.1099877587581457,149.6743867527989,0.18305337574746616,COMPLETE
1.24,89,1.0808362327229921,249.50799631597414,-0.1784194159117125,COMPLETE
1.24,90,1.1214856327099285,132.3120801614963,0.20743874817146235,COMPLETE
1.24,91,1.1123813575807957,141.34050824414194,0.2021043213349838,COMPLETE
1.24,92,1.1000180583589234,134.72398601255236,0.19965288596244246,COMPLETE
1.24,93,1.1418742959766046,119.65852323160281,0.1566541787057396,COMPLETE
1.24,94,1.1280186266400734,128.8527696093044,0.1988953276432115,COMPLETE
1.24,95,1.0944616431551943,106.16720251425237,0.12351007829789484,COMPLETE
1.24,96,1.1140281622877686,145.90357342637603,0.1921774444395563,COMPLETE
1.24,97,1.1206696734805588,123.95884462966389,0.2063981321466679,COMPLETE
1.24,98,1.1332498529119075,136.41563590121527,0.18131483524690406,COMPLETE
1.24,99,1.1066780192941676,153.44631645566724,0.17119498356978902,COMPLETE
1.24,100,1.0826549192108617,141.1895995955718,0.1447701771776222,COMPLETE
1.24,101,1.120117238736698,131.62985806121927,0.2091164300698667,COMPLETE
1.24,102,1.1467464937576002,132.51584409998085,0.13962884029183886,COMPLETE
1.24,103,1.1245818381454804,125.03331926890363,0.2031495086481927,COMPLETE
1.24,104,1.1018604834520813,115.43289704549218,0.1790794298771603,COMPLETE
1.24,105,1.1143244401466437,129.8758151026066,0.21233010070143,COMPLETE
1.24,106,1.0911656368369194,129.5984143263599,0.17840262815331798,COMPLETE
1.24,107,1.1375977752176762,119.1202641511977,0.16914675661980905,COMPLETE
1.24,108,1.1082286728120319,112.10361845830374,0.17681574969024005,COMPLETE
1.24,109,1.1170134574014636,149.29210127063547,0.18150553210019016,COMPLETE
1.24,110,1.0969549403607914,133.20195409109343,0.1942025490095034,COMPLETE
1.24,111,1.1129281676904261,139.27738915763754,0.20541433415106614,COMPLETE
1.24,112,1.1271524408217495,136.12496373927752,0.19552604966381892,COMPLETE
1.24,113,1.120161976331527,126.65472746404215,0.2088466672905076,COMPLETE
1.24,114,1.1192804826823415,126.17701958797653,0.20922638953015937,COMPLETE
1.24,115,1.1221265586344273,122.47030071274217,0.20341004885691127,COMPLETE
1.24,116,1.1326892809735858,127.96583582990576,0.18893346366102293,COMPLETE
1.24,117,1.1007831558138406,124.97412098157842,0.197698675256186,COMPLETE
1.24,118,1.1527699509903153,116.66490124849257,0.10852225946456073,COMPLETE
1.24,119,1.1071851264188757,108.08305936693243,0.1588725895385501,COMPLETE
1.24,120,1.1182478967931255,142.53582174563965,0.19705173970729906,COMPLETE
1.24,121,1.1116872653805177,130.38677616505092,0.21215685736915013,COMPLETE
1.24,122,1.1271025410286761,130.27524814692651,0.20028764550779066,COMPLETE
1.24,123,1.10402873208215,121.26881105539658,0.19722743004193521,COMPLETE
1.24,124,1.120164693771297,132.26882828583933,0.20878330509033205,COMPLETE
1.24,125,1.1097988506480256,126.73800640064873,0.21012086191429802,COMPLETE
1.24,126,1.1098564397139048,124.8134100989322,0.20843736357267773,COMPLETE
1.24,127,1.0942734412935,127.59052304560784,0.18586624170005006,COMPLETE
1.24,128,1.1388768389901422,114.31833518338468,0.1556147453611656,COMPLETE
1.24,129,1.129377703740573,119.21631199138051,0.18840856638173697,COMPLETE
1.24,130,1.1099141415748983,144.87208741036164,0.19497098450989014,COMPLETE
1.24,131,1.1209576997563573,132.4295531194677,0.20793053100900405,COMPLETE
1.24,132,1.1228655070676123,131.2772512912206,0.20631609742143286,COMPLETE
1.24,133,1.1141191273707407,219.7692202679221,-0.08149983042757825,COMPLETE
1.24,134,1.1349241913584311,134.49617084571116,0.1791993391672131,COMPLETE
1.24,135,1.104256160228254,126.50232631175052,0.20472756632157196,COMPLETE
1.24,136,1.1188379445757877,141.18943224774878,0.1991642573470065,COMPLETE
1.24,137,1.099283294270467,122.60184961416414,0.19131770875571164,COMPLETE
1.24,138,1.1256270365932022,129.98472720158247,0.20282640594857515,COMPLETE
1.24,139,1.111288788462072,136.36147706528013,0.20900725675641052,COMPLETE
1.26,0,1.100474,118.791,0.06962293664569685,COMPLETE
1.26,1,1.1224972160321824,133.6306209562122,0.11693310467546514,COMPLETE
1.26,2,1.1110518204983646,78.98332538076222,-0.19792595939547297,COMPLETE
1.26,3,1.297637862380795,66.34234489502722,-1.367059110289115,COMPLETE
1.26,4,1.191069437493248,190.4255589480722,-0.3688691178079573,COMPLETE
1.26,5,1.0844003787494074,190.59010737268042,-0.15619112153131276,COMPLETE
1.26,6,1.1917960193436108,173.34358702916688,-0.31259371621037424,COMPLETE
1.26,7,1.0638450400224737,58.29944119758912,-0.5876394543200103,COMPLETE
1.26,8,1.1512550107454151,57.02734993110301,-0.4694345441871306,COMPLETE
1.26,9,1.0591624434114755,74.81448826621269,-0.4530485784950633,COMPLETE
1.26,10,1.0739492527930203,130.3808410650905,-0.040062654826578115,COMPLETE
1.26,11,1.2878089024116153,196.84405028104214,-1.2340564746942229,COMPLETE
1.26,12,1.261446130502635,160.13080112965486,-0.9648997635999801,COMPLETE
1.26,13,1.0661626027114384,126.52076708264576,-0.10130372652576991,COMPLETE
1.26,14,1.2194299138739177,83.06139347290667,-0.5176277548711194,COMPLETE
1.26,15,1.192352602069684,190.3614345313825,-0.37693402289203926,COMPLETE
1.26,16,1.235147588140211,225.6244663973896,-0.7408839091268105,COMPLETE
1.26,17,1.2025700186431179,52.36504864165023,-0.6448388157154206,COMPLETE
1.26,18,1.1015597279894858,76.09683244722413,-0.253143962202218,COMPLETE
1.26,19,1.0682478051808768,221.50593409960305,-0.33431020117874466,COMPLETE
1.26,20,1.2589185187199237,206.01694436097245,-0.9357176897766717,COMPLETE
1.26,21,1.0428277124242062,150.21676006038177,-0.3221388065888564,COMPLETE
1.26,22,1.1717388127775377,65.43046470177237,-0.40239397145328537,COMPLETE
1.26,23,1.0725721039911578,217.8853056378579,-0.304279657659845,COMPLETE
1.26,24,1.1338057687612006,108.78846633593207,0.06836423076390652,COMPLETE
1.26,25,1.1374798925651959,103.57764175370357,0.03714493922002404,COMPLETE
1.26,26,1.1241022010591735,113.16824584854014,0.09021796911030666,COMPLETE
1.26,27,1.1159461247454026,134.41631169775215,0.1141337304443768,COMPLETE
1.26,28,1.0246708388074388,244.4587858829475,-0.6802284878058784,COMPLETE
1.26,29,1.1203399446096876,144.15233403037007,0.09785369861514681,COMPLETE
1.26,30,1.1644792223179514,132.39692645315844,0.004992694822525401,COMPLETE
1.26,31,1.1178753756872188,147.90828716334394,0.0868144397375481,COMPLETE
1.26,32,1.119947975159289,96.68717419459131,-0.009105066791614824,COMPLETE
1.26,33,1.1027390006610591,118.28223529552287,0.07498303483388646,COMPLETE
1.26,34,1.1281921113859028,145.8469189921714,0.08841170689446454,COMPLETE
1.26,35,1.090040582332412,169.99708706923366,-0.04669018620535592,COMPLETE
1.26,36,1.1559152437523765,138.18818454166126,0.034371749809158914,COMPLETE
1.26,37,1.143424768449125,117.55624965602236,0.08220281422404163,COMPLETE
1.26,38,1.1750365710201622,90.58489136510184,-0.16735038033789396,COMPLETE
1.26,39,1.0929810872764503,169.02791222799954,-0.03351881123602185,COMPLETE
1.26,40,1.1135100191027174,159.01881762281167,0.04410073440310747,COMPLETE
1.26,41,1.1252352911326329,143.41518014242337,0.09800230736156657,COMPLETE
1.26,42,1.1266365795069309,138.6371666572654,0.10800772979928652,COMPLETE
1.26,43,1.149355618528564,138.578998266637,0.05909406450550492,COMPLETE
1.26,44,1.1057252155919302,159.1427311285877,0.035973935200828144,COMPLETE
1.26,45,1.0873406243799417,126.61827276565059,0.03313222100755908,COMPLETE
1.26,46,1.134124949742711,178.75234149218403,-0.06778611117963518,COMPLETE
1.26,47,1.1632491750505254,136.86768483481683,0.002961999683281924,COMPLETE
1.26,48,1.1109313899548354,152.62107449593057,0.06714302436707786,COMPLETE
1.26,49,1.0476814900110278,126.88553039136819,-0.27110292712216877,COMPLETE
1.26,50,1.0787382715776264,182.0689861327039,-0.14152659776245358,COMPLETE
1.26,51,1.1255135569888686,112.19064103961894,0.08661530796407746,COMPLETE
1.26,52,1.142491808043556,122.34923841662128,0.09188125220660481,COMPLETE
1.26,53,1.1484751208669688,142.10842301816763,0.053019046838365114,COMPLETE
1.26,54,1.1413509258303942,126.4395856088471,0.0968487109006766,COMPLETE
1.26,55,1.184542864578385,163.30582919749858,-0.22151282731029953,COMPLETE
1.26,56,1.1008211666669965,132.59393917316993,0.08821211481830904,COMPLETE
1.26,57,1.1599587424294802,153.00771005136187,-0.03320815061703675,COMPLETE
1.26,58,1.111420622436218,145.6593144358671,0.08941428638997717,COMPLETE
1.26,59,1.1316154296988217,120.54425228773917,0.10743912913613318,COMPLETE
1.26,60,1.1298707437648616,101.70186516185177,0.03106025361956366,COMPLETE
1.26,61,1.1210979804031787,119.37513706767069,0.1078740963343261,COMPLETE
1.26,62,1.093560018298075,120.43473535434717,0.049063316090469655,COMPLETE
1.26,63,1.1209519162290722,107.30015978637158,0.062309212891298316,COMPLETE
1.26,64,1.1096531783267156,136.7216647937979,0.10461568550592659,COMPLETE
1.26,65,1.1080737347247853,135.9946250082193,0.10282049282823724,COMPLETE
1.26,66,1.082044245029248,133.54489676081857,0.010517512179952782,COMPLETE
1.26,67,1.0975264037962489,92.51733491777267,-0.09493511615074057,COMPLETE
1.26,68,1.1098463059987802,114.182685140745,0.07858480347857633,COMPLETE
1.26,69,1.0563391642859328,122.39800351874877,-0.19337589035579583,COMPLETE
1.26,70,1.0765345844274088,131.1159921228792,-0.02274462707027025,COMPLETE
1.26,71,1.1297925976410552,138.9020915415282,0.10447463821037228,COMPLETE
1.26,72,1.135480230098098,137.5475925284748,0.09864286107816866,COMPLETE
1.26,73,1.1126505752184266,150.33305728519053,0.07649582036384217,COMPLETE
1.26,74,1.1502404149922114,106.43540408366206,0.026652702268070705,COMPLETE
1.26,75,1.1031167881750037,124.434359235134,0.089412414107648,COMPLETE
1.26,76,1.1313755444054834,114.36234926384637,0.09231231522159877,COMPLETE
1.26,77,1.1198359971627738,140.01227621859294,0.1075447958431397,COMPLETE
1.26,78,1.1217803260001995,156.76239307908492,0.05352002139340506,COMPLETE
1.26,79,1.1713671492571083,141.58494262699216,-0.05436831951177723,COMPLETE
1.26,80,1.1399681144736702,98.95338713097628,0.00422236006301091,COMPLETE
1.26,81,1.1170936274145995,134.5083936831822,0.11480902879568156,COMPLETE
1.26,82,1.1283933027715747,128.03413783174784,0.1168319946931673,COMPLETE
1.26,83,1.1199122697123123,128.26111508736835,0.11840946977952349,COMPLETE
1.26,84,1.1162259187426364,129.43374540097255,0.11641339084138558,COMPLETE
1.26,85,1.1151409808317128,129.24547569965483,0.11541354138151494,COMPLETE
1.26,86,1.095831442477646,129.77309058059265,0.07174277178703115,COMPLETE
1.26,87,1.114998446822509,116.39721418841555,0.09463699050789032,COMPLETE
1.26,88,1.0864050660047972,128.10349376539423,0.030276883799551513,COMPLETE
1.26,89,1.1570133751074836,111.58885224612789,0.02456395459056182,COMPLETE
1.26,90,1.1163201429886167,148.04533862133871,0.08597344956557951,COMPLETE
1.26,91,1.1233400057089005,130.34362943703337,0.11879321086645245,COMPLETE
1.26,92,1.1455858023246037,132.51624156630868,0.08221407281490123,COMPLETE
1.26,93,1.13774466607169,123.70199705238791,0.10300501634712411,COMPLETE
1.26,94,1.125032395861199,119.05063497998881,0.10783867389216883,COMPLETE
1.26,95,1.1037924020118992,129.2267771018635,0.09571829336247895,COMPLETE
1.26,96,1.117995201987981,143.41691871900773,0.09953727813638569,COMPLETE
1.26,97,1.1280398842841084,164.52230981823885,0.012914286706244837,COMPLETE
1.26,98,1.1349903011009213,153.3400429618851,0.05092699907944809,COMPLETE
1.26,99,1.0985231888524685,109.29786662815243,0.025861948459504625,COMPLETE
1.26,100,1.1064229854050185,134.33272122803962,0.10108011693528152,COMPLETE
1.26,101,1.1229133172551726,118.19006106465727,0.10563381261876614,COMPLETE
1.26,102,1.2963797669307564,124.54516158875472,-1.5173889087212844,COMPLETE
1.26,103,1.1243324910261157,119.93906081984947,0.1097745254004634,COMPLETE
1.26,104,1.1529493446393253,129.12245970707343,0.06052793926767386,COMPLETE
1.26,105,1.1437226459662104,133.91145000455379,0.08572864640727929,COMPLETE
1.26,106,1.115654248751181,144.9717450165062,0.09460019973643874,COMPLETE
1.26,107,1.1254210974299954,120.68823805221474,0.11114291496574502,COMPLETE
1.26,108,1.0908588025947725,125.81631242559615,0.048216837011061386,COMPLETE
1.26,109,1.1277118445262506,103.07395243325217,0.04015366432073009,COMPLETE
1.26,110,1.1374169836807928,122.49316929824803,0.10241670580408702,COMPLETE
1.26,111,1.123554615914934,116.10440163218932,0.10001172748632658,COMPLETE
1.26,112,1.110332813910838,135.93380364767586,0.10650397705385117,COMPLETE
1.26,113,1.1174520768389822,131.5472097122298,0.11699386167247638,COMPLETE
1.26,114,1.1050666736759844,130.86567151322674,0.09918009282046114,COMPLETE
1.26,115,1.1160910143432725,140.71058895050356,0.10490230880113582,COMPLETE
1.26,116,1.2498972702746785,148.44529766595713,-0.8181498469009951,COMPLETE
1.26,117,1.1324403374583392,126.70811108137683,0.11266070828468422,COMPLETE
1.26,118,1.1317084658159222,127.12915107116007,0.11361988223712594,COMPLETE
1.26,119,1.1456415181520327,127.41984746220675,0.08566648825438783,COMPLETE
1.26,120,1.1324285666601348,133.15449515426263,0.11010536647955149,COMPLETE
1.26,121,1.131244452608491,131.77499367057752,0.11285786878769688,COMPLETE
1.26,122,1.137040519650412,124.62389436294393,0.10492241945956327,COMPLETE
1.26,123,1.130508258810222,129.83862233187276,0.11473733028939392,COMPLETE
1.26,124,1.130965834903917,140.92330331559478,0.09852440025095444,COMPLETE
1.26,125,1.113824607298731,129.62512000969383,0.11407358272677026,COMPLETE
1.26,126,1.112824912269355,130.4857473007303,0.11290664489274072,COMPLETE
1.26,127,1.110612371372388,135.90872094941707,0.10693091970903623,COMPLETE
1.26,128,1.1027418736563503,110.66716902092513,0.046136858042578055,COMPLETE
1.26,129,1.0981964115727425,242.77825627897033,-0.298378030159141,COMPLETE
1.26,130,1.1132168650031664,144.60516169506707,0.09389283929708281,COMPLETE
1.26,131,1.1210804338098619,130.38079859995133,0.11874755526541936,COMPLETE
1.26,132,1.1179704933228591,129.30520947066825,0.11764395060147592,COMPLETE
1.26,133,1.1179462633149515,139.0349578304362,0.10896992568034669,COMPLETE
1.26,134,1.1210826760233963,128.49025012766276,0.11879632031199794,COMPLETE
1.26,135,1.1188253042196454,135.14866699936465,0.11495142508781697,COMPLETE
1.26,136,1.1201226583489634,135.9756087496507,0.11427351077841763,COMPLETE
1.26,137,1.1226483266977654,139.20660309718335,0.1089081578426132,COMPLETE
1.26,138,1.1076052705666015,115.41236839135973,0.07828260259821196,COMPLETE
1.26,139,1.1221293278032551,134.23058303675836,0.11638439919712251,COMPLETE
1.28,0,1.100474,118.791,-0.0703924101203901,COMPLETE
1.28,1,1.131370849898476,132.58252147247765,0.008872183820884949,COMPLETE
1.28,2,1.2657814257247832,69.31193722047762,-1.0544764119418626,COMPLETE
1.28,3,1.1655853446381175,60.162500972573255,-0.606286909003928,COMPLETE
1.28,4,1.1231926917860136,136.33949198667514,0.0011426081647947228,COMPLETE
1.28,5,1.2755087245241428,74.79943375459229,-1.1497346037746103,COMPLETE
1.28,6,1.2493924299848251,112.98329576232754,-0.7756146637074357,COMPLETE
1.28,7,1.2781379100074868,99.85938061277812,-1.1749173572504934,COMPLETE
1.28,8,1.0491969715118923,63.77943698911628,-0.8318992192573482,COMPLETE
1.28,9,1.1893512954515568,102.57537351627566,-0.2364615427528749,COMPLETE
1.28,10,1.1685169829756357,126.86387275550204,-0.07359914238842524,COMPLETE
1.28,11,1.1130212698328155,180.2511635907461,-0.1979464220288385,COMPLETE
1.28,12,1.2062597780825537,81.22670580116484,-0.49336856904295123,COMPLETE
1.28,13,1.2494339779471026,169.01063999549382,-0.8588463079226116,COMPLETE
1.28,14,1.0894439088396648,246.236388630509,-0.5102815019870754,COMPLETE
1.28,15,1.1245997864191353,82.84584909094512,-0.28271063828750886,COMPLETE
1.28,16,1.1382915179950912,188.65199268242,-0.25189799105791444,COMPLETE
1.28,17,1.0471712114144995,235.60425744334108,-0.703003394600954,COMPLETE
1.28,18,1.041497005530493,91.06992592371003,-0.6848848866103818,COMPLETE
1.28,19,1.224169232595018,183.03418037895585,-0.6637446954055992,COMPLETE
1.28,20,1.1279591033537975,99.37079110979165,-0.10651866506008467,COMPLETE
1.28,21,1.1475977252158815,215.39950532645443,-0.39222759718532396,COMPLETE
1.28,22,1.1072222374430023,173.64965263009276,-0.17066887066385927,COMPLETE
1.28,23,1.1942887450095452,59.341594482612976,-0.6831247997517997,COMPLETE
1.28,24,1.0832081101550723,143.8068966577922,-0.14903758317528215,COMPLETE
1.28,25,1.074601825619731,146.8219185713134,-0.2123574739574252,COMPLETE
1.28,26,1.1553993998712389,133.60071152864114,-0.03178142526719663,COMPLETE
1.28,27,1.1620195149053698,137.91708837433322,-0.06497806903177361,COMPLETE
1.28,28,1.157030504010937,158.06425685618083,-0.1294116017113378,COMPLETE
1.28,29,1.0671819205292477,124.06073749428168,-0.27429360077250164,COMPLETE
1.28,30,1.1039519071306925,200.22492845269346,-0.3156461475221639,COMPLETE
1.28,31,1.1383847118961117,137.81847590368457,-0.004123463626892754,COMPLETE
1.28,32,1.182929376637961,157.7163878498274,-0.2528300968534736,COMPLETE
1.28,33,1.1416540540731699,135.80479132206713,-0.00420259484404939,COMPLETE
1.28,34,1.135221321957318,112.06918229204888,-0.023182500425422692,COMPLETE
1.28,35,1.1217657830043055,151.0594985288738,-0.04233281159886637,COMPLETE
1.28,36,1.0983162669950985,117.39541700664329,-0.08463096024562411,COMPLETE
1.28,37,1.1751760124941033,157.8939352395001,-0.20943039989760326,COMPLETE
1.28,38,1.1410871950867325,129.44425323821793,0.0044884685591384255,COMPLETE
1.28,39,1.2130697511718318,110.02676378981246,-0.38783704994245216,COMPLETE
1.28,40,1.2970557679001378,130.82480958375245,-1.459915625844821,COMPLETE
1.28,41,1.1452515331255462,120.75140989622932,-0.005735206927159897,COMPLETE
1.28,42,1.0242858331405713,140.34904713712535,-0.7768751358924297,COMPLETE
1.28,43,1.116007107229115,133.10759430193468,-0.00494316398819139,COMPLETE
1.28,44,1.1365270286761695,168.00498630610167,-0.13277722672505599,COMPLETE
1.28,45,1.1737694313971228,104.29514944401015,-0.14711823091937415,COMPLETE
1.28,46,1.0905771358416565,122.40061245384194,-0.1092855512171309,COMPLETE
1.28,47,1.1491468716558557,151.6655641298142,-0.07358431771607998,COMPLETE
1.28,48,1.1278894163503372,164.3046217906123,-0.10475950341233276,COMPLETE
1.28,49,1.1124734849471585,90.78678788270653,-0.2181541981408297,COMPLETE
1.28,50,1.1676935690538996,142.2807788931433,-0.10301634101710366,COMPLETE
1.28,51,1.1095639860101274,134.33736429139748,-0.02059535202445506,COMPLETE
1.28,52,1.1198139038468562,129.3461686649335,0.002574259692544878,COMPLETE
1.28,53,1.1416557193327268,127.62989520684441,0.004324960187584992,COMPLETE
1.28,54,1.1281577377542398,126.09796948413774,0.009488224016762636,COMPLETE
1.28,55,1.0952017225846504,115.35760448718683,-0.10735468057311293,COMPLETE
1.28,56,1.1217388268863402,127.48235146903995,0.004694890790912787,COMPLETE
1.28,57,1.1209958655237782,106.90167166242723,-0.06283988300178622,COMPLETE
1.28,58,1.0673590409696652,51.442503363857554,-0.8686264415733391,COMPLETE
1.28,59,1.1256485492946773,127.03955218797327,0.008466364534531756,COMPLETE
1.28,60,1.153359349934532,94.23756894294674,-0.15820497503332698,COMPLETE
1.28,61,1.1307855922266705,126.92292918186108,0.010669621125236617,COMPLETE
1.28,62,1.1281788092461458,125.13614071074126,0.008756340610593938,COMPLETE
1.28,63,1.1334423328105188,122.82183005651765,0.00714229952465395,COMPLETE
1.28,64,1.1274845160066118,118.33004281255297,-0.003920570894599962,COMPLETE
1.28,65,1.1317039929790915,147.42671852770246,-0.027746209443091363,COMPLETE
1.28,66,1.0999518398147439,97.708145053583,-0.19684397323772584,COMPLETE
1.28,67,1.077601855418298,123.15168441283625,-0.19166300953463722,COMPLETE
1.28,68,1.1613512987589734,84.209638294104,-0.2754253461824563,COMPLETE
1.28,69,1.1044813031185094,108.48863287983572,-0.10008804475377664,COMPLETE
1.28,70,1.0859544420163738,116.20415816959002,-0.15614197411162323,COMPLETE
1.28,71,1.11333127371514,128.44948469035296,-0.010087886574383642,COMPLETE
1.28,72,1.1308756847102168,126.62597627502252,0.010558168557173175,COMPLETE
1.28,73,1.130943249009229,125.25337494187858,0.009721502992676712,COMPLETE
1.28,74,1.14812527268341,112.21386533369234,-0.033497220706113495,COMPLETE
1.28,75,1.1322424482370128,142.87785489227352,-0.012563951877042623,COMPLETE
1.28,76,1.1516680957692345,102.43719730691215,-0.09105388258334735,COMPLETE
1.28,77,1.160434890013578,149.9085087034411,-0.10261010746472898,COMPLETE
1.28,78,1.1333548834730152,121.52592893320632,0.005174166882948583,COMPLETE
1.28,79,1.1261810587375296,137.23341624894903,0.0015021825657601795,COMPLETE
1.28,80,1.1878403327161846,112.71301873120416,-0.1902789436446728,COMPLETE
1.28,81,1.1367100057708197,121.8325736494553,0.004698795756730156,COMPLETE
1.28,82,1.1147318713752432,123.54492895721623,-0.011970433534391756,COMPLETE
1.28,83,1.1297388211881605,119.0576191137196,-0.000659558563398388,COMPLETE
1.28,84,1.1406016873859062,133.09624517057992,0.001704962547877109,COMPLETE
1.28,85,1.1173217733762804,154.72267846345855,-0.061479973820954825,COMPLETE
1.28,86,1.104764059199782,140.29382023669092,-0.04252426298674283,COMPLETE
1.28,87,1.0945051165571522,105.81899713040023,-0.16128231903712598,COMPLETE
1.28,88,1.1444925317124806,144.97700421183532,-0.035099036383801074,COMPLETE
1.28,89,1.1334481343131853,125.11572599490957,0.009554247094545332,COMPLETE
1.28,90,1.1535893672731083,126.31340322090581,-0.019487653664873594,COMPLETE
1.28,91,1.13423330060671,134.11565603335902,0.006124329884871216,COMPLETE
1.28,92,1.1249557473197762,133.42265736704255,0.006232886499768497,COMPLETE
1.28,93,1.1246569729293654,115.61823180300902,-0.015192697504506913,COMPLETE
1.28,94,1.1105296623594425,131.4075914503752,-0.016657565982791667,COMPLETE
1.28,95,1.1199824850426008,138.6324469478632,-0.00614142388927208,COMPLETE
1.28,96,1.1721177319514693,125.67762656760645,-0.08988326838746952,COMPLETE
1.28,97,1.1445859573147539,109.78913910712238,-0.039033418749434556,COMPLETE
1.28,98,1.245949160091686,136.29373930678318,-0.7498268530292118,COMPLETE
1.28,99,1.1081922885191156,146.47783040464765,-0.047593980573312766,COMPLETE
1.28,100,1.1259464699075983,119.1931167437523,-0.002958377662143352,COMPLETE
1.28,101,1.136014702980309,132.0633941646279,0.007485496687076321,COMPLETE
1.28,102,1.1368240697708667,132.24230248994593,0.006696039227382933,COMPLETE
1.28,103,1.1395332462216226,126.3664012133668,0.0066306336233168395,COMPLETE
1.28,104,1.1583379871640591,129.57880922028977,-0.035712745661387046,COMPLETE
1.28,105,1.1317287153035869,115.00067630941302,-0.01210549615604517,COMPLETE
1.28,106,1.1481943330704658,123.3268193494008,-0.00786090838864606,COMPLETE
1.28,107,1.1658404361522257,140.1092388210067,-0.08740852909430163,COMPLETE
1.28,108,1.1163755640595934,131.49763650043724,-0.003442640851714085,COMPLETE
1.28,109,1.1366679523341734,119.1952930766038,-0.00024397164624101464,COMPLETE
1.28,110,1.1442736028199596,217.38642397870058,-0.393162543287906,COMPLETE
1.28,111,1.1391540400691296,125.35513372629633,0.006582511605057739,COMPLETE
1.28,112,1.1308929676570636,127.6376961265047,0.010881117099947879,COMPLETE
1.28,113,1.120680843433936,142.68687534857688,-0.014830799634601988,COMPLETE
1.28,114,1.1521762437540826,136.89011038292233,-0.029135270696400983,COMPLETE
1.28,115,1.1315438378630556,112.7210654273525,-0.02102511858843581,COMPLETE
1.28,116,1.1286298084016861,129.53666648434174,0.010424863410807284,COMPLETE
1.28,117,1.1271133839944107,127.57022709701994,0.009654863104691103,COMPLETE
1.28,118,1.1040912744128415,129.07391917685888,-0.037271052983467445,COMPLETE
1.28,119,1.126795064939204,149.2352149432043,-0.03344641547341487,COMPLETE
1.28,120,1.1127529106536354,118.86187988143271,-0.02754422858393113,COMPLETE
1.28,121,1.1218079620757873,123.29161354476435,0.0005841273380546852,COMPLETE
1.28,122,1.1301246817892205,135.56360224586828,0.005120269905511954,COMPLETE
1.28,123,1.1181080385589086,128.3010519162579,-0.0003927407401516092,COMPLETE
1.28,124,1.1480900680187802,115.9949166909852,-0.02079073317708957,COMPLETE
1.28,125,1.1428004478540887,122.26885356322424,-0.00014535162393691792,COMPLETE
1.28,126,1.1326194452318035,110.47372955248956,-0.03082395172517849,COMPLETE
1.28,127,1.1257250133564198,140.31933343118848,-0.005255817762872539,COMPLETE
1.28,128,1.11048351930109,102.56056159188083,-0.11837890081374258,COMPLETE
1.28,129,1.0976627206974598,126.45522878809919,-0.06587770148810401,COMPLETE
1.28,130,1.1553971342880658,130.86366347265692,-0.02768331743044916,COMPLETE
1.28,131,1.1385018013507648,133.92298172343195,0.003020966419464699,COMPLETE
1.28,132,1.1350545081949752,120.53079473151867,0.003090195012722674,COMPLETE
1.28,133,1.1290970540577996,131.98642481591045,0.009322122262389598,COMPLETE
1.28,134,1.1221627262227012,136.97363818451652,-0.0008057445673892438,COMPLETE
1.28,135,1.1284493148278412,143.52351442477158,-0.013538764996468,COMPLETE
1.28,136,1.1171980251854008,125.32960035357556,-0.0042879645757887275,COMPLETE
1.28,137,1.142527339185002,116.65396095367484,-0.011064862119614105,COMPLETE
1.28,138,1.1285948249451112,130.99243324139886,0.009867010522768282,COMPLETE
1.28,139,1.1240668258040916,129.91348692638155,0.007588474509834242,COMPLETE
1.3,0,1.100474,118.791,-0.23201410375867093,COMPLETE
1.3,1,1.140175425099138,131.55870289605437,-0.11251999409828128,COMPLETE
1.3,2,1.2760013874841787,182.39995018560504,-1.2160711489082043,COMPLETE
1.3,3,1.0501151766135404,222.63359157611995,-0.8842473204236034,COMPLETE
1.3,4,1.1970679199451608,114.77109276129664,-0.3042878290524187,COMPLETE
1.3,5,1.0834061481916204,67.97025500407578,-0.8264994657928959,COMPLETE
1.3,6,1.16297999157465,188.7105271520237,-0.4535306127515071,COMPLETE
1.3,7,1.22095786253744,197.1635232706177,-0.7857190520406565,COMPLETE
1.3,8,1.2820440075650006,102.74157921441437,-1.204416050345214,COMPLETE
1.3,9,1.2181710038102576,155.34616462218236,-0.5730004925377896,COMPLETE
1.3,10,1.2690873128540296,65.42282728710839,-1.1726209645907537,COMPLETE
1.3,11,1.2626281684125906,70.10605743869792,-1.0872672816778617,COMPLETE
1.3,12,1.2407715615982122,214.63137087025456,-0.9692239526059021,COMPLETE
1.3,13,1.0876741281741409,151.90932684610766,-0.3213555648939992,COMPLETE
1.3,14,1.2179439667176684,70.18133827867608,-0.7748433224258555,COMPLETE
1.3,15,1.101167476283758,153.1478532872673,-0.2549159264421452,COMPLETE
1.3,16,1.2660333600995992,158.12946118416693,-1.0594099912498267,COMPLETE
1.3,17,1.0499346561115943,128.7838193197391,-0.6585578536691616,COMPLETE
1.3,18,1.2061598451445321,236.40140064211806,-0.8029437902772218,COMPLETE
1.3,19,1.2088283049204982,234.17442235201713,-0.8119349532389464,COMPLETE
1.3,20,1.0495384896193236,118.59678238493039,-0.6864795171225402,COMPLETE
1.3,21,1.1751938973126776,220.9524071264186,-0.6387614295458865,COMPLETE
1.3,22,1.07839169695587,190.80823405493024,-0.5588861559683189,COMPLETE
1.3,23,1.0493673850268086,233.85815749268562,-0.9190031796993625,COMPLETE
1.3,24,1.1288397069265603,95.86569848243417,-0.2807070575513104,COMPLETE
1.3,25,1.1239801129496005,138.1028103328108,-0.13682551665497034,COMPLETE
1.3,26,1.130592335099179,136.82394675667612,-0.1251749912835609,COMPLETE
1.3,27,1.1381477462906715,132.91208318623683,-0.11425976538543825,COMPLETE
1.3,28,1.1491659395809941,89.72264539982541,-0.3273906115476177,COMPLETE
1.3,29,1.1266894231510283,169.75276490448954,-0.2837668571149643,COMPLETE
1.3,30,1.1790775958265036,134.06148149581372,-0.21568388888472123,COMPLETE
1.3,31,1.135319120609391,140.72330925139892,-0.1328600313868833,COMPLETE
1.3,32,1.1456633620868957,173.84055192261883,-0.3199299361243191,COMPLETE
1.3,33,1.1090464737663224,141.11610747384174,-0.1840103472418697,COMPLETE
1.3,34,1.022779125284584,107.17618723164787,-1.0958933550072048,COMPLETE
1.3,35,1.15330847574975,123.24325209570574,-0.12114184653386761,COMPLETE
1.3,36,1.1629661102719853,125.30672653068785,-0.14112574277803658,COMPLETE
1.3,37,1.1786386634917976,50.0081057858289,-0.9682000074283659,COMPLETE
1.3,38,1.1139135447692805,112.54815076165421,-0.19684409949757287,COMPLETE
1.3,39,1.1497962337517846,89.27850434780262,-0.3326858722146664,COMPLETE
1.3,40,1.1911536974483297,164.00888356830518,-0.4288017503961794,COMPLETE
1.3,41,1.1377602918126235,144.8884230080314,-0.14776690068522003,COMPLETE
1.3,42,1.2995831672423255,120.41634829834027,-1.4671258619801786,COMPLETE
1.3,43,1.162423091624906,130.1135060189287,-0.14363930289731375,COMPLETE
1.3,44,1.0841136865586964,146.67171300560906,-0.3296894744047485,COMPLETE
1.3,45,1.135463872661508,101.86068182332127,-0.21397854779625636,COMPLETE
1.3,46,1.11698813411948,175.35793459975687,-0.32879958071051485,COMPLETE
1.3,47,1.0979161800999302,113.34535260056764,-0.26928870957732,COMPLETE
1.3,48,1.0726935009762604,161.61729376372267,-0.46335811334736743,COMPLETE
1.3,49,1.1566468059104091,136.5443763261273,-0.14281070078351332,COMPLETE
1.3,50,1.171610543446232,123.54820228387526,-0.16882426452934363,COMPLETE
1.3,51,1.121732218308278,139.42148969691948,-0.14412362687701297,COMPLETE
1.3,52,1.1371992882044701,145.14717418775518,-0.1486997222473696,COMPLETE
1.3,53,1.098770997877856,151.17170683065527,-0.2579991814842031,COMPLETE
1.3,54,1.1424932492552713,134.71308240527298,-0.11835569902806098,COMPLETE
1.3,55,1.190875281068898,129.1652980843425,-0.2680358984788356,COMPLETE
1.3,56,1.1445712173167277,108.19657496031502,-0.1632687215583295,COMPLETE
1.3,57,1.1329511589554597,202.8321634827641,-0.48238489725555,COMPLETE
1.3,58,1.1100090848071449,118.1645314815036,-0.18840525349285153,COMPLETE
1.3,59,1.1580208061006185,150.14973478810955,-0.2022889379132753,COMPLETE
1.3,60,1.0661508626783724,132.62133729059644,-0.4707872316154549,COMPLETE
1.3,61,1.1200996936578342,136.18824313278398,-0.14098903354439196,COMPLETE
1.3,62,1.1694745485596107,159.07785019478936,-0.2915168991760142,COMPLETE
1.3,63,1.1511698386542535,124.28062578572698,-0.11755781243953933,COMPLETE
1.3,64,1.1527818356192976,124.4272122870068,-0.11971586741130746,COMPLETE
1.3,65,1.1537912795515504,97.71831022635334,-0.24489709118773462,COMPLETE
1.3,66,1.187639694587117,125.85879743923196,-0.24449008130892347,COMPLETE
1.3,67,1.1436915104483218,116.79256969212675,-0.12527923081366854,COMPLETE
1.3,68,1.1662092831284967,109.42285565900795,-0.184186248662066,COMPLETE
1.3,69,1.2057664738487666,124.76762288673022,-0.3619257141360799,COMPLETE
1.3,70,1.1827751893160063,82.65625674166851,-0.46720748737661966,COMPLETE
1.3,71,1.1438554192450316,117.94693555240015,-0.12203794387249944,COMPLETE
1.3,72,1.1290423209349991,132.80157944830282,-0.12019152043354353,COMPLETE
1.3,73,1.1437482463455202,104.54545551940029,-0.18703186355535362,COMPLETE
1.3,74,1.1527573326407352,249.76169529861704,-0.662444381543914,COMPLETE
1.3,75,1.1265673249994268,118.375561364347,-0.13663170135399527,COMPLETE
1.3,76,1.1591251730753787,122.53029754618785,-0.13240135713658008,COMPLETE
1.3,77,1.1048494689660626,129.3444443770643,-0.1896695416701788,COMPLETE
1.3,78,1.0917777766624783,112.08094597595823,-0.3139728043554446,COMPLETE
1.3,79,1.1443169562181992,133.1046655169301,-0.11646783655392401,COMPLETE
1.3,80,1.1289527086069662,141.41989072250416,-0.13884537716879475,COMPLETE
1.3,81,1.1410017667294452,132.34441069972576,-0.11369914053364072,COMPLETE
1.3,82,1.1391383761466904,132.80513763127138,-0.1140816122492283,COMPLETE
1.3,83,1.1375869108893133,133.0717234129658,-0.11455989939742617,COMPLETE
1.3,84,1.138284635797183,155.74401914913065,-0.20027153481229076,COMPLETE
1.3,85,1.1161374084917535,144.26439699034003,-0.17070351384111948,COMPLETE
1.3,86,1.1735684866941996,133.56839566022003,-0.1896360462356972,COMPLETE
1.3,87,1.1504276438452699,148.46233887236656,-0.17663021594785944,COMPLETE
1.3,88,1.1627377247382806,127.53691626543835,-0.14160285006836748,COMPLETE
1.3,89,1.1411328855639322,164.74217343198399,-0.25580428677952627,COMPLETE
1.3,90,1.1487598503682246,139.3125526437943,-0.1365717237081454,COMPLETE
1.3,91,1.1299284982209856,132.59637035543196,-0.11889283911467041,COMPLETE
1.3,92,1.1238927307878939,132.9411576401194,-0.1285372220144798,COMPLETE
1.3,93,1.2406040779764027,153.31547100360663,-0.7702209655132575,COMPLETE
1.3,94,1.133497417973275,142.0247372236016,-0.13762742905426562,COMPLETE
1.3,95,1.110863725916082,121.08370297263517,-0.1761297993890909,COMPLETE
1.3,96,1.121598881709406,128.9680547636148,-0.13155769357087177,COMPLETE
1.3,97,1.1672673542384722,136.76127818433653,-0.1743965361392319,COMPLETE
1.3,98,1.1391612417353496,146.9074785806956,-0.15667131586204475,COMPLETE
1.3,99,1.1557185638933178,115.17673417655443,-0.14016384322539377,COMPLETE
1.3,100,1.1333690007146722,125.81482326270445,-0.11338716608199073,COMPLETE
1.3,101,1.1337327777504984,127.32188395204003,-0.11251568885014551,COMPLETE
1.3,102,1.1325946679987948,133.54933029708275,-0.11755793022466543,COMPLETE
1.3,103,1.1157034574951181,138.34065895012816,-0.15631653352318198,COMPLETE
1.3,104,1.1326979866695037,128.84364454485328,-0.11347431763701898,COMPLETE
1.3,105,1.1044751246006521,127.94285456572834,-0.19233275149367346,COMPLETE
1.3,106,1.1340971106335198,112.2769572567078,-0.14816983076620938,COMPLETE
1.3,107,1.1493931947635943,122.72758731937917,-0.11665801491819172,COMPLETE
1.3,108,1.145137083232529,121.26365015611769,-0.11545888850469366,COMPLETE
1.3,109,1.12327110364845,107.66737766701105,-0.19517209265879076,COMPLETE
1.3,110,1.1469764770106607,119.92763945765678,-0.11875016531993632,COMPLETE
1.3,111,1.1390382470351428,122.7133015446592,-0.11292477029264392,COMPLETE
1.3,112,1.13853504326328,115.47570189154473,-0.1308243382602714,COMPLETE
1.3,113,1.1596753883113455,121.98881636382194,-0.13405299621777056,COMPLETE
1.3,114,1.1475539864942088,102.11507919909124,-0.20496497668703872,COMPLETE
1.3,115,1.1196738916761588,130.10729644731276,-0.13635486266472263,COMPLETE
1.3,116,1.1276770304880992,141.81217194943844,-0.14143078665054265,COMPLETE
1.3,117,1.1361675145760546,126.44458782671396,-0.11106906353912649,COMPLETE
1.3,118,1.1393902518554961,128.41362000709492,-0.11010755386210436,COMPLETE
1.3,119,1.1347850979853231,110.75520499328698,-0.15497239245640948,COMPLETE
1.3,120,1.1127894728935077,128.78243035678577,-0.15756242896094452,COMPLETE
1.3,121,1.1420441696127668,125.59942797770468,-0.11032654604845593,COMPLETE
1.3,122,1.1398434753215914,126.04408945594224,-0.11006114582604587,COMPLETE
1.3,123,1.1401906265394948,125.39258962276,-0.11030223446094611,COMPLETE
1.3,124,1.1285037836563336,127.28438491236417,-0.11859120049977356,COMPLETE
1.3,125,1.1252012962391982,115.69642880740457,-0.14877106733993672,COMPLETE
1.3,126,1.1396569774312164,125.1354608785268,-0.11049266166026639,COMPLETE
1.3,127,1.1412575200646253,124.79528950063117,-0.11063908568518244,COMPLETE
1.3,128,1.1321382690250386,126.31218524129554,-0.11433552211120857,COMPLETE
1.3,129,1.1561457623944764,119.22212236583854,-0.13080742097977271,COMPLETE
1.3,130,1.118434647988309,124.89740228210691,-0.14263779600526272,COMPLETE
1.3,131,1.1411916176890202,136.70841962794606,-0.1222229387483953,COMPLETE
1.3,132,1.1397781131911526,115.2704630788719,-0.13094736745863367,COMPLETE
1.3,133,1.1352645855578178,130.68955226559174,-0.11260428126375066,COMPLETE
1.3,134,1.1250468347058658,125.15990532973457,-0.1261011594901218,COMPLETE
1.3,135,1.1336236879621464,129.91300258505083,-0.11312386776189953,COMPLETE
1.3,136,1.1318127057322553,118.61429650486187,-0.12718635817456914,COMPLETE
1.3,137,1.1528376297633125,138.37884040889685,-0.14033148188018485,COMPLETE
1.3,138,1.1631882760942762,128.7721949697825,-0.14406735187789677,COMPLETE
1.3,139,1.1458913674828077,106.00884514972275,-0.17682487518509982,COMPLETE
1.32,0,1.100474,118.791,-0.4124877548382866,COMPLETE
1.32,1,1.1489125293076057,130.55824196677338,-0.243246995869717,COMPLETE
1.32,2,1.077874245334395,113.40286615640649,-0.6189703268654201,COMPLETE
1.32,3,1.1281474909442417,162.86581153989434,-0.40007608366161573,COMPLETE
1.32,4,1.297136545788645,227.95408971112144,-1.5542702106384088,COMPLETE
1.32,5,1.1974739713437221,147.36868081190977,-0.463056502450665,COMPLETE
1.32,6,1.1808895132595008,158.66434541655252,-0.45129310744581597,COMPLETE
1.32,7,1.0864175261969762,95.09782316480099,-0.6880933719118798,COMPLETE
1.32,8,1.228226316678227,53.11285249936992,-1.219143899516295,COMPLETE
1.32,9,1.0981714103832605,196.13949449011315,-0.6990080618448857,COMPLETE
1.32,10,1.044420301773177,135.214143969896,-0.963186004518024,COMPLETE
1.32,11,1.0571173316583131,225.47504310410181,-1.0808827640371166,COMPLETE
1.32,12,1.070263701803581,246.3247667514692,-1.0462741595032798,COMPLETE
1.32,13,1.0607757715734234,129.53412176040632,-0.7518521207869444,COMPLETE
1.32,14,1.154549052992489,169.14010687347837,-0.4482634950022435,COMPLETE
1.32,15,1.0535043811062355,153.05465671037314,-0.854531278617221,COMPLETE
1.32,16,1.158400171806138,162.82550367432884,-0.40993591546362174,COMPLETE
1.32,17,1.2411178580466957,96.87997848715895,-0.771458806260028,COMPLETE
1.32,18,1.287108135583096,96.51728374853704,-1.2822581800262522,COMPLETE
1.32,19,1.1530106350782323,179.16669142379794,-0.5187497955562503,COMPLETE
1.32,20,1.0763204822433627,67.41295373069607,-1.114471269617634,COMPLETE
1.32,21,1.126472591639824,109.59378019711448,-0.3322020329437958,COMPLETE
1.32,22,1.1334017889129135,226.07952977048186,-0.7770023476492693,COMPLETE
1.32,23,1.2476336511520307,169.7025520326355,-0.9796409587283672,COMPLETE
1.32,24,1.1304978330355833,185.6622757899944,-0.5552462792324242,COMPLETE
1.32,25,1.1197996722936538,112.74808206590438,-0.3380230176380672,COMPLETE
1.32,26,1.110208090778341,81.03847366894996,-0.7213408734028537,COMPLETE
1.32,27,1.192779486554518,111.4795904994103,-0.37024749225599285,COMPLETE
1.32,28,1.1753840935972844,138.273772942597,-0.3131848990464925,COMPLETE
1.32,29,1.1680748163529544,133.41633387041364,-0.27485559073897603,COMPLETE
1.32,30,1.2135505801058863,131.37701781213275,-0.49771278842249966,COMPLETE
1.32,31,1.1756882916164249,137.83170067905723,-0.3125053169210634,COMPLETE
1.32,32,1.1834409334825897,144.12073245022563,-0.3724760950067796,COMPLETE
1.32,33,1.169068621949142,120.94731962129885,-0.2665424569185615,COMPLETE
1.32,34,1.024687398262106,126.26078054220157,-1.2877772300502355,COMPLETE
1.32,35,1.1644767664450906,126.87872562496608,-0.25579886438622523,COMPLETE
1.32,36,1.1450912030637403,119.67673517031591,-0.24983726819203245,COMPLETE
1.32,37,1.2081458219541508,83.53717072909339,-0.6730654455681773,COMPLETE
1.32,38,1.1593885536345476,117.70899838003541,-0.25674765348256967,COMPLETE
1.32,39,1.1468209732313692,105.64295860507204,-0.3170573670216781,COMPLETE
1.32,40,1.1414069321955669,119.7711580209793,-0.2530575947524927,COMPLETE
1.32,41,1.1411769412867294,119.05482906138425,-0.2551854464538317,COMPLETE
1.32,42,1.1443337301155396,146.77211747479708,-0.29522902928715844,COMPLETE
1.32,43,1.0997390853825317,100.67226310284155,-0.5367218951237263,COMPLETE
1.32,44,1.1384340706904654,151.63502575398311,-0.3219187506133703,COMPLETE
1.32,45,1.1203293084718182,84.22535879808856,-0.630225037897203,COMPLETE
1.32,46,1.1103710794532506,121.90934640629742,-0.34475164249446744,COMPLETE
1.32,47,1.1940104259163502,121.6264227356671,-0.3587957395990604,COMPLETE
1.32,48,1.0888675738604023,105.36947279507334,-0.5750150320331993,COMPLETE
1.32,49,1.112068356431046,88.9364580325762,-0.5999615331430563,COMPLETE
1.32,50,1.1425764022784815,156.36603422919558,-0.34925371863985255,COMPLETE
1.32,51,1.160889396014107,121.49014926636806,-0.2513597675286361,COMPLETE
1.32,52,1.1642098222665616,144.64618426669398,-0.30932774312387723,COMPLETE
1.32,53,1.1530138884990426,126.7662677329551,-0.2417342076597051,COMPLETE
1.32,54,1.1515918515904815,115.88475087418475,-0.2585695041102398,COMPLETE
1.32,55,1.1327496363577814,137.6801901838193,-0.2693704358309068,COMPLETE
1.32,56,1.1241033889062493,103.75860941994645,-0.3844128873967012,COMPLETE
1.32,57,1.1503446773364745,212.21852036470517,-0.7205027991346591,COMPLETE
1.32,58,1.1868699715302793,128.05970672857703,-0.3297690836146949,COMPLETE
1.32,59,1.206326157142908,92.87678376106598,-0.5595536893267195,COMPLETE
1.32,60,1.1375090376047976,60.031294563567,-1.0064685446238064,COMPLETE
1.32,61,1.1655654496947725,128.12459070753343,-0.2590742394511625,COMPLETE
1.32,62,1.1579525040435388,111.49958065405356,-0.27877107002718393,COMPLETE
1.32,63,1.1736955737764982,125.16397928966065,-0.2772717290857596,COMPLETE
1.32,64,1.116538312145884,141.8129354063459,-0.323897212420865,COMPLETE
1.32,65,1.1417489686563924,117.03572747635096,-0.26067286075710516,COMPLETE
1.32,66,1.1792132094985832,163.20460127403365,-0.4761118676258391,COMPLETE
1.32,67,1.1576509192201032,75.79665366399415,-0.6896933880627953,COMPLETE
1.32,68,1.1295383551202294,133.16501730257994,-0.2667218091926604,COMPLETE
1.32,69,1.0921516122420891,108.47593410104776,-0.526742219559817,COMPLETE
1.32,70,1.221238145072533,101.42195937399262,-0.5855060442283899,COMPLETE
1.32,71,1.1623156618706392,118.02337593182284,-0.25938311937475644,COMPLETE
1.32,72,1.1520504659142088,114.96512440885385,-0.2619286369096474,COMPLETE
1.32,73,1.1834697431187011,132.93249666987847,-0.3260802048046685,COMPLETE
1.32,74,1.1733952956052742,124.97177643024581,-0.2763146810763617,COMPLETE
1.32,75,1.1477638438363276,150.48239083427038,-0.3160622235535371,COMPLETE
1.32,76,1.1360774564971463,249.68506491659537,-0.8495698625918591,COMPLETE
1.32,77,1.1595376053839854,140.30667896093425,-0.2799078012632794,COMPLETE
1.32,78,1.1986306984711286,120.66379574411746,-0.3837099534988342,COMPLETE
1.32,79,1.1281542478847695,109.32682469722891,-0.3285557760377422,COMPLETE
1.32,80,1.1032895312693916,97.51253479107595,-0.5458346840641393,COMPLETE
1.32,81,1.1537736160252963,113.71027161720794,-0.2671115882126984,COMPLETE
1.32,82,1.1663705669245084,117.69368093214834,-0.2665735615466347,COMPLETE
1.32,83,1.1453417177611285,130.38753157887987,-0.24334252806376133,COMPLETE
1.32,84,1.1435346962790744,129.7288650532139,-0.24349811578900926,COMPLETE
1.32,85,1.1431936458850895,130.68107690379128,-0.24460519460315355,COMPLETE
1.32,86,1.1438270466738651,134.80793663489052,-0.25127050126274586,COMPLETE
1.32,87,1.1174166835990302,136.51764176723432,-0.30805922713553757,COMPLETE
1.32,88,1.1468791902691464,147.43766334217122,-0.29922691518061706,COMPLETE
1.32,89,1.1244326343556879,131.1742578290988,-0.27815706972996734,COMPLETE
1.32,90,1.1395320507545292,155.5189554970899,-0.3441737818607571,COMPLETE
1.32,91,1.133715356411203,135.79844734083593,-0.2632983763378838,COMPLETE
1.32,92,1.1448841083074368,123.33400048768061,-0.24357899953237894,COMPLETE
1.32,93,1.1462123042301402,123.40885155865294,-0.24280001770815574,COMPLETE
1.32,94,1.1704083705163912,124.50700808542463,-0.268065622196223,COMPLETE
1.32,95,1.1466264309055962,140.42914760498405,-0.26796245201350377,COMPLETE
1.32,96,1.155438262942207,130.8764688813317,-0.24729380549323166,COMPLETE
1.32,97,1.1527760245675327,131.58666972185245,-0.24629873330783703,COMPLETE
1.32,98,1.1535786959294614,129.11216477290455,-0.24352764084701883,COMPLETE
1.32,99,1.1525237770614185,130.75296717408492,-0.24484463615657148,COMPLETE
1.32,100,1.13346193464749,148.86332494436905,-0.31146988434285205,COMPLETE
1.32,101,1.1539172170957142,143.53207744420098,-0.2857787146031576,COMPLETE
1.32,102,1.2710435812542258,130.29692278366454,-1.0703060166161182,COMPLETE
1.32,103,1.1557371200121365,129.62940310144523,-0.24584814297926583,COMPLETE
1.32,104,1.1223055562310194,124.70809385352383,-0.28764741900508817,COMPLETE
1.32,105,1.1513200834082042,128.85582330762358,-0.24210318965327549,COMPLETE
1.32,106,1.1685804333143968,127.45623398687464,-0.26517850279232924,COMPLETE
1.32,107,1.1298669665769077,139.63447671664355,-0.2800528992095819,COMPLETE
1.32,108,1.178217634005442,122.98946989902997,-0.2912398237054359,COMPLETE
1.32,109,1.137413234256688,144.53975404833935,-0.2874457633290861,COMPLETE
1.32,110,1.1623745856124172,162.54261627013352,-0.4166986260005001,COMPLETE
1.32,111,1.1519793127031916,128.73059914628843,-0.24227831455448934,COMPLETE
1.32,112,1.148905812694687,128.36120841054358,-0.24120361570885152,COMPLETE
1.32,113,1.1409253210317658,136.27663105564793,-0.2562660389903715,COMPLETE
1.32,114,1.1469206149325324,113.32786269482155,-0.2705968409145387,COMPLETE
1.32,115,1.1501304058511894,128.48172206580094,-0.24145894616725005,COMPLETE
1.32,116,1.1605516406268699,126.30798395415928,-0.2489431061461045,COMPLETE
1.32,117,1.1484579858325497,106.39485170003552,-0.3102105489528828,COMPLETE
1.32,118,1.1275481904307227,138.6758817095621,-0.28229828018786485,COMPLETE
1.32,119,1.170828894033315,123.12210374247933,-0.2692559272406081,COMPLETE
1.32,120,1.1359202446911842,133.9470423643561,-0.2563712014777675,COMPLETE
1.32,121,1.1484084435242643,127.5836572789333,-0.2408238917002703,COMPLETE
1.32,122,1.1423071203812936,119.67536717468343,-0.25229352244624526,COMPLETE
1.32,123,1.1491867419474988,236.9499782546528,-0.8165274814629364,COMPLETE
1.32,124,1.164777287550453,127.52313604965791,-0.2568833940487125,COMPLETE
1.32,125,1.1586361879758307,112.84878557385092,-0.2729541333443497,COMPLETE
1.32,126,1.1336049230928424,141.38186456181535,-0.27939140522231787,COMPLETE
1.32,127,1.143148255782917,134.7393475317639,-0.2513833067968263,COMPLETE
1.32,128,1.1497084931438746,116.5723929177814,-0.2564780028920577,COMPLETE
1.32,129,1.1130292837026803,122.34553666746443,-0.33047208471994605,COMPLETE
1.32,130,1.1860772349744806,127.8245850569398,-0.32582553779949563,COMPLETE
1.32,131,1.153002528595207,130.87831255681547,-0.2453278062720221,COMPLETE
1.32,132,1.1392386069784721,136.76488694302788,-0.25880909616630143,COMPLETE
1.32,133,1.1595383240208659,121.23188203452685,-0.2500478711815912,COMPLETE
1.32,134,1.1546382435315603,132.20850319375785,-0.24886600942598536,COMPLETE
1.32,135,1.1450431758086919,128.0579555416156,-0.2417480379032222,COMPLETE
1.32,136,1.1446421174170496,126.16755606349754,-0.241798162520801,COMPLETE
1.32,137,1.129901063025108,109.8870493295764,-0.3197418664282359,COMPLETE
1.32,138,1.123472187954382,125.5915139262688,-0.28257801396118776,COMPLETE
1.32,139,1.1462072390246354,143.5379469138521,-0.28047217940513347,COMPLETE
1.34,0,1.100474,118.791,-0.6136201407051844,COMPLETE
1.34,1,1.1575836902790226,129.580263837204,-0.3877018982984759,COMPLETE
1.34,2,1.15265173374066,243.05073421377253,-1.0421572895776166,COMPLETE
1.34,3,1.0454048964154745,208.55272117266466,-1.4029445465109203,COMPLETE
1.34,4,1.0256092045456384,139.8613877177549,-1.541324453853954,COMPLETE
1.34,5,1.054932226501945,216.29050613040272,-1.3324671215125372,COMPLETE
1.34,6,1.06580281721348,147.5131464859731,-0.9377383453744392,COMPLETE
1.34,7,1.1788413664854749,96.0376512493936,-0.5592639766762275,COMPLETE
1.34,8,1.2363127927866322,197.64800623839236,-1.1506527990152393,COMPLETE
1.34,9,1.292683197985605,241.62579370721076,-1.6555043667988767,COMPLETE
1.34,10,1.2542366663688633,119.18682205593738,-0.8958037456830659,COMPLETE
1.34,11,1.2868817145736826,236.89435310905859,-1.6057680392996154,COMPLETE
1.34,12,1.1006251266350064,159.65290528143257,-0.6758102131473764,COMPLETE
1.34,13,1.2543052452098107,168.8913524342737,-1.1347794553251522,COMPLETE
1.34,14,1.0273054528104122,244.69161982587352,-1.696272850716607,COMPLETE
1.34,15,1.211271553855752,198.4998487965771,-1.0104170244052746,COMPLETE
1.34,16,1.2409824363873643,63.34491799201274,-1.2702011989832784,COMPLETE
1.34,17,1.2760922654768285,223.30576100762133,-1.5053904990982914,COMPLETE
1.34,18,1.0518295556083253,246.24513479782436,-1.4473809817926009,COMPLETE
1.34,19,1.0543398107349464,66.15212447388109,-1.5551542497533988,COMPLETE
1.34,20,1.0572046116711264,225.50357530468594,-1.3437648173762362,COMPLETE
1.34,21,1.2463415180876696,142.38266803897505,-0.9005279324463378,COMPLETE
1.34,22,1.1763095524459273,222.13275536339432,-0.9978386591417254,COMPLETE
1.34,23,1.0794765051934454,188.92708697555864,-0.9944675667596714,COMPLETE
1.34,24,1.131762972806733,102.60641373352657,-0.5459536791143971,COMPLETE
1.34,25,1.155297514015626,87.7558828690389,-0.6723535662205515,COMPLETE
1.34,26,1.129823785992672,97.28868184254867,-0.6109873983867975,COMPLETE
1.34,27,1.187888546240607,98.49682242008878,-0.5500045836699385,COMPLETE
1.34,28,1.194470414772741,125.06784099411414,-0.4650011106703711,COMPLETE
1.34,29,1.1251781428551828,117.13668485775732,-0.47268249630207926,COMPLETE
1.34,30,1.2103001473736434,125.06555478669301,-0.5466101488689534,COMPLETE
1.34,31,1.1237416555355344,112.10089742250585,-0.5049956319835847,COMPLETE
1.34,32,1.110394845886122,114.23786203706658,-0.5660882339839635,COMPLETE
1.34,33,1.136666225426663,129.59639614847057,-0.41170905973997307,COMPLETE
1.34,34,1.1555021361417797,130.06242445911764,-0.38833098823153334,COMPLETE
1.34,35,1.1614496730036532,135.3747733510209,-0.4036425707873992,COMPLETE
1.34,36,1.1562021568171004,156.25432700184936,-0.5158188311928713,COMPLETE
1.34,37,1.1489798467761971,132.78550331672298,-0.39611114146980153,COMPLETE
1.34,38,1.1656560519776669,173.48231198476105,-0.6653277113758627,COMPLETE
1.34,39,1.1456716798294937,134.24962188984466,-0.40263875630216495,COMPLETE
1.34,40,1.0844007958046396,84.94635740171051,-1.0597750315895715,COMPLETE
1.34,41,1.1488871968999892,135.25312370924667,-0.40232629719306745,COMPLETE
1.34,42,1.1444009920351983,149.39872827793943,-0.4695673687536206,COMPLETE
1.34,43,1.1727951197605302,134.28091358023423,-0.4168949541822342,COMPLETE
1.34,44,1.1095537580096027,149.08597468892665,-0.5713984752373724,COMPLETE
1.34,45,1.1453639606181278,166.31853284624015,-0.5884585106921358,COMPLETE
1.34,46,1.1927412039512433,178.0652837379833,-0.7883714839034384,COMPLETE
1.34,47,1.2098892953249063,142.23928206969777,-0.6133634583744163,COMPLETE
1.34,48,1.1440178760497242,108.10779623865093,-0.46161870560712526,COMPLETE
1.34,49,1.1122140346478588,156.21621869709978,-0.594794438258206,COMPLETE
1.34,50,1.0933518918715386,129.00282468261244,-0.6452950080714448,COMPLETE
1.34,51,1.1664207454659423,132.4877651587254,-0.40034414817424757,COMPLETE
1.34,52,1.1653900389238052,137.82609843917777,-0.4172145980424036,COMPLETE
1.34,53,1.1762430307478025,120.3353830785021,-0.40654715108061623,COMPLETE
1.34,54,1.1850331485442926,145.87920979639384,-0.5112822127198657,COMPLETE
1.34,55,1.1483254127335312,161.95560355273568,-0.5546926110782557,COMPLETE
1.34,56,1.119841643777409,105.80732914493751,-0.5704868313297196,COMPLETE
1.34,57,1.2009397522297167,131.8051232909041,-0.5119889716038273,COMPLETE
1.34,58,1.1370101955811824,150.44342152952498,-0.48445551412134025,COMPLETE
1.34,59,1.2310477539136147,123.99512800479405,-0.6909061112056802,COMPLETE
1.34,60,1.1675939142749587,77.22969304198533,-0.8417330212300178,COMPLETE
1.34,61,1.1610006515179796,138.27071373251158,-0.41405002805121605,COMPLETE
1.34,62,1.1546910444610348,136.3203365229423,-0.40377781179692374,COMPLETE
1.34,63,1.1837107203762043,120.2246678919734,-0.42513189485469116,COMPLETE
1.34,64,1.1373092836518905,143.62715569387979,-0.4483020450032682,COMPLETE
1.34,65,1.1535713710088211,128.67307413774952,-0.38701568570654876,COMPLETE
1.34,66,1.153840876215518,112.63307067659446,-0.4178714674831219,COMPLETE
1.34,67,1.1758736434082118,128.58239949098243,-0.40881980306329835,COMPLETE
1.34,68,1.1163270821009972,120.1063904709622,-0.5052185288994537,COMPLETE
1.34,69,1.1334799829893873,102.14082232015636,-0.5441388986306306,COMPLETE
1.34,70,1.1705696850509113,152.793781553556,-0.5137538905447547,COMPLETE
1.34,71,1.158659130731021,135.160886000037,-0.4010783796471018,COMPLETE
1.34,72,1.1480951573521379,141.12790798305068,-0.4241472212881514,COMPLETE
1.34,73,1.1264884041728518,127.78241079679373,-0.4437722316742332,COMPLETE
1.34,74,1.1612418089189105,132.89686822950958,-0.3960875237262962,COMPLETE
1.34,75,1.1618799924488445,109.03675616805263,-0.43418434003080764,COMPLETE
1.34,76,1.2013501910712105,123.50583451200448,-0.4952444868870254,COMPLETE
1.34,77,1.179288804584854,113.83868814001802,-0.4280567073880692,COMPLETE
1.34,78,1.1580129906163152,144.3986558406647,-0.4409843981650341,COMPLETE
1.34,79,1.1016492616747755,132.72033290080546,-0.5796422410865643,COMPLETE
1.34,80,1.1685504884848095,55.37752739175525,-1.2983452826813235,COMPLETE
1.34,81,1.140778138592969,135.25260983815227,-0.41214993022655744,COMPLETE
1.34,82,1.1508303399826652,154.0196436695166,-0.4973716990660515,COMPLETE
1.34,83,1.1324446294594102,139.58046466436824,-0.44312231956041837,COMPLETE
1.34,84,1.1423096623402529,160.65404108510776,-0.5466868028132787,COMPLETE
1.34,85,1.1554191346169584,118.24758240484161,-0.3947714716399098,COMPLETE
1.34,86,1.1814922115529463,92.67835721086976,-0.6031034180012385,COMPLETE
1.34,87,1.1899662559239725,118.6569411485857,-0.44696742030598813,COMPLETE
1.34,88,1.1590643585974403,124.16308000688048,-0.38491102176726466,COMPLETE
1.34,89,1.1607275442989542,127.18700154328005,-0.386017154237428,COMPLETE
1.34,90,1.1721708180830441,116.40671168065572,-0.4072485941209236,COMPLETE
1.34,91,1.1611138532818697,124.58800651191366,-0.38535242870268993,COMPLETE
1.34,92,1.1650887747877257,125.77278998425204,-0.38817565706114054,COMPLETE
1.34,93,1.1524679287242947,126.02548170908481,-0.38617432641556704,COMPLETE
1.34,94,1.1618694969585643,126.25969846974044,-0.3860129421215941,COMPLETE
1.34,95,1.1539508460102847,124.6511338017927,-0.38560318585473263,COMPLETE
1.34,96,1.1734042757736385,125.69431253107848,-0.3999583594810341,COMPLETE
1.34,97,1.1947379420719935,107.40934318277206,-0.5018828464871228,COMPLETE
1.34,98,1.1650972651775011,124.35003266626686,-0.3879143816854502,COMPLETE
1.34,99,1.1641913831615749,102.03019128488745,-0.4884919364921858,COMPLETE
1.34,100,1.1815083326713722,124.10757418956497,-0.41811567229357305,COMPLETE
1.34,101,1.150772074639159,110.5386345525153,-0.43309599547192157,COMPLETE
1.34,102,1.1390320996436083,127.74234266543428,-0.405414314593866,COMPLETE
1.34,103,1.1544537397965224,121.58526083983108,-0.3882219444553692,COMPLETE
1.34,104,1.1288982616077272,122.2047330692147,-0.44150022372949627,COMPLETE
1.34,105,1.170199457656266,117.32642231868182,-0.40220905877081936,COMPLETE
1.34,106,1.1630185625007117,112.88650021993185,-0.41315291465680026,COMPLETE
1.34,107,1.1525998958590828,127.57401091028667,-0.38658733273426726,COMPLETE
1.34,108,1.143765212260417,129.3913902415809,-0.39718230573227986,COMPLETE
1.34,109,1.1777864209975917,140.3103833759722,-0.4552353643812679,COMPLETE
1.34,110,1.1871236422449363,126.83341038432889,-0.4387521916889625,COMPLETE
1.34,111,1.1540789323644882,120.84063818299225,-0.3896603345797667,COMPLETE
1.34,112,1.1593372559161066,114.00878543321647,-0.4082154697713003,COMPLETE
1.34,113,1.1499476778929498,123.11635534197467,-0.38976614723780223,COMPLETE
1.34,114,1.0210085429234865,105.2919976769797,-1.6830089441345009,COMPLETE
1.34,115,1.1224246874716355,115.55458554677944,-0.4923878089209466,COMPLETE
1.34,116,1.1668241910261228,130.0215745434432,-0.39518477120104034,COMPLETE
1.34,117,1.1335869677235122,138.19313933733312,-0.4357099239218232,COMPLETE
1.34,118,1.1469191961447387,145.1295504318309,-0.4440338744802652,COMPLETE
1.34,119,1.1577095222423006,126.74115806525113,-0.38495129370328396,COMPLETE
1.34,120,1.1733143103500858,131.29769842566162,-0.40908024863691717,COMPLETE
1.34,121,1.157510626392865,123.78360717894229,-0.3850389521107389,COMPLETE
1.34,122,1.161657894761597,125.27976623109184,-0.38559636976647216,COMPLETE
1.34,123,1.1580981785733884,126.21972648252728,-0.38476781454076514,COMPLETE
1.34,124,1.1583241569293516,117.65896232262263,-0.39533852268174297,COMPLETE
1.34,125,1.143748117877885,210.2687823863208,-0.9051809322091597,COMPLETE
1.34,126,1.1386408529422554,136.7307665190977,-0.42006247646818595,COMPLETE
1.34,127,1.1506114559327765,110.53450793164058,-0.43334407976873823,COMPLETE
1.34,128,1.1588346310667068,128.53551977505538,-0.3866191466339153,COMPLETE
1.34,129,1.1580733582961158,130.43226231788015,-0.3891578225299397,COMPLETE
1.34,130,1.1706008752073145,127.13265788217961,-0.3963079289362792,COMPLETE
1.34,131,1.1525937741121237,133.00901660131854,-0.39460595829204914,COMPLETE
1.34,132,1.159619034311983,121.05424426575172,-0.3878535515568604,COMPLETE
1.34,133,1.0344794879161188,142.5723224980746,-1.3838439660469715,COMPLETE
1.34,134,1.1775512452823658,125.90845907187501,-0.40909998521465596,COMPLETE
1.34,135,1.1460175559188723,137.48271400656995,-0.41165796381286146,COMPLETE
1.34,136,1.1646474642371047,116.27108733721437,-0.40047790369271974,COMPLETE
1.34,137,1.1380823502060868,130.3194150771224,-0.40891777485463354,COMPLETE
1.34,138,1.1541589612433945,121.0148273859802,-0.3893060558925687,COMPLETE
1.34,139,1.1701103159617607,148.922346028647,-0.48618960119996,COMPLETE
1.36,0,1.100474,118.791,-0.8326528068779648,COMPLETE
1.36,1,1.1661903789690602,128.6239388568816,-0.5421239891289287,COMPLETE
1.36,2,1.2186956049695923,66.93968983608477,-1.2949700803120967,COMPLETE
1.36,3,1.1707754046567276,62.47994064064571,-1.3658509851735334,COMPLETE
1.36,4,1.1409856082751713,140.2630804956765,-0.6053961353893911,COMPLETE
1.36,5,1.030599249606018,64.86242239740716,-2.074591711701168,COMPLETE
1.36,6,1.2068678329630358,188.45026535002032,-1.092389733827781,COMPLETE
1.36,7,1.2581631147778787,213.49198883493534,-1.5110091187173769,COMPLETE
1.36,8,1.0744610844546179,131.69799699678634,-1.0704094533470765,COMPLETE
1.36,9,1.1712588711181577,51.90258888575521,-1.6212243932490211,COMPLETE
1.36,10,1.2738281315270394,147.00520364289684,-1.2811647664853765,COMPLETE
1.36,11,1.1532764629860748,73.7007692790655,-1.1380725583100215,COMPLETE
1.36,12,1.0765043262189724,94.72201576627006,-1.2679304077308773,COMPLETE
1.36,13,1.181428501199946,131.88979703840388,-0.5675346588607688,COMPLETE
1.36,14,1.1420623714584472,222.85543671942872,-1.1928704099592569,COMPLETE
1.36,15,1.1082907265035888,208.278131224955,-1.194143946449444,COMPLETE
1.36,16,1.2367730422762069,123.56085249299547,-0.8190233531706892,COMPLETE
1.36,17,1.0729405207874274,106.3538392780656,-1.1973520251755576,COMPLETE
1.36,18,1.0983513191636867,168.5225178225914,-0.9707122693314418,COMPLETE
1.36,19,1.182077812482101,126.21778584245497,-0.5556334367771143,COMPLETE
1.36,20,1.0726167934338235,222.39893692399963,-1.4782308502406916,COMPLETE
1.36,21,1.147920226577677,89.84104425555822,-0.8468292675904543,COMPLETE
1.36,22,1.1603127023280837,171.604326328775,-0.8204918466151234,COMPLETE
1.36,23,1.2414122249581698,217.12050357097667,-1.421598514494704,COMPLETE
1.36,24,1.1953824208098107,153.15220200581388,-0.7430726375262209,COMPLETE
1.36,25,1.188831977109217,109.05636045177033,-0.6050255262252335,COMPLETE
1.36,26,1.2190656211563453,164.79557694378934,-0.9634451378174536,COMPLETE
1.36,27,1.2963548888793588,87.62231139042328,-1.5055481741030996,COMPLETE
1.36,28,1.1268451185212365,186.93429431436726,-0.9810809433838941,COMPLETE
1.36,29,1.1852403397762759,118.29279782252752,-0.5632898562146549,COMPLETE
1.36,30,1.1128435557963554,239.42120140345918,-1.3269443371924927,COMPLETE
1.36,31,1.1852625718814178,124.41860144379575,-0.5604459575462073,COMPLETE
1.36,32,1.204327820388131,118.04253863711058,-0.6221691957833619,COMPLETE
1.36,33,1.1737538900748261,105.8980326395241,-0.611027671093034,COMPLETE
1.36,34,1.2193767878452897,119.39267077790576,-0.696379184720819,COMPLETE
1.36,35,1.1257779101429242,138.16259166676207,-0.6512698573726605,COMPLETE
1.36,36,1.1606871470349855,156.6119001178173,-0.6913408353555806,COMPLETE
1.36,37,1.234400322417571,76.5784832381598,-1.1586745716097413,COMPLETE
1.36,38,1.1986853476240626,126.89386659610736,-0.605180062651145,COMPLETE
1.36,39,1.1766068933295364,143.51267119530485,-0.6148475212327198,COMPLETE
1.36,40,1.1350726619344051,112.88914261488173,-0.6407361513939391,COMPLETE
1.36,41,1.1818458169527883,134.51505967256617,-0.5781969786819663,COMPLETE
1.36,42,1.2098972892581727,101.5014533039338,-0.7209582115697888,COMPLETE
1.36,43,1.1624599424791633,132.10211635240796,-0.5493747819491079,COMPLETE
1.36,44,1.1676770097318339,148.58370564361445,-0.6355801508548642,COMPLETE
1.36,45,1.1540228792838463,125.00656882400938,-0.5476783645091299,COMPLETE
1.36,46,1.1526075980845187,131.61035609766802,-0.5556221825049334,COMPLETE
1.36,47,1.1526811212799601,135.48547712524726,-0.565955579025712,COMPLETE
1.36,48,1.0946806545570142,159.48705984447378,-0.9412736512206199,COMPLETE
1.36,49,1.124407679714464,177.18982194847518,-0.9091240991470517,COMPLETE
1.36,50,1.142015009005048,143.71425624576676,-0.619098292383391,COMPLETE
1.36,51,1.1605259677280901,128.062546256435,-0.5424023487558216,COMPLETE
1.36,52,1.161189814579791,98.18438806498638,-0.6979621833988481,COMPLETE
1.36,53,1.1352268641540888,129.2682342423402,-0.5965560378063728,COMPLETE
1.36,54,1.1671838300047577,113.64118036588965,-0.5630567384856566,COMPLETE
1.36,55,1.1519029512268009,151.1299490534369,-0.6504543182034306,COMPLETE
1.36,56,1.1149038428786449,128.8467347803625,-0.6993016462548685,COMPLETE
1.36,57,1.050357688794767,136.7604036150229,-1.401671328459786,COMPLETE
1.36,58,1.1473009985096976,88.48500997705372,-0.870784167822225,COMPLETE
1.36,59,1.160406146244394,142.67166187627222,-0.5938297013215355,COMPLETE
1.36,60,1.1355171419553531,122.74092123465384,-0.5999963973037592,COMPLETE
1.36,61,1.174637423750311,124.89813790375894,-0.5433083529279625,COMPLETE
1.36,62,1.172920874736019,110.61672486627047,-0.5784254226196661,COMPLETE
1.36,63,1.1932992787281218,130.52993647648537,-0.595633908001747,COMPLETE
1.36,64,1.2108124916096519,116.00242345799299,-0.653641264617244,COMPLETE
1.36,65,1.1798644408353838,103.8504437696369,-0.630742731611933,COMPLETE
1.36,66,1.1657389272156644,125.24713280557039,-0.5389509530194236,COMPLETE
1.36,67,1.1565566135167493,161.00945010549373,-0.7263237981583348,COMPLETE
1.36,68,1.1673149779625993,122.16814832378269,-0.5398852461098724,COMPLETE
1.36,69,1.167579029215772,79.26304353986532,-0.9957079603285957,COMPLETE
1.36,70,1.1451980503216417,117.93319122392076,-0.5803488429417691,COMPLETE
1.36,71,1.1651704238424452,123.49320606906929,-0.539143202632475,COMPLETE
1.36,72,1.1896364025557247,122.02048780297164,-0.5702491576285329,COMPLETE
1.36,73,1.199373520513891,96.13710109067816,-0.7408311216392405,COMPLETE
1.36,74,1.1677978762039933,137.4866339589344,-0.570279037525423,COMPLETE
1.36,75,1.1779834549628005,109.7507938144845,-0.5860103498001479,COMPLETE
1.36,76,1.1299622944189611,126.10876616808022,-0.6187413574883172,COMPLETE
1.36,77,1.1628650252617456,52.71968119832002,-1.610316020325575,COMPLETE
1.36,78,1.1741807311105725,146.7269818532713,-0.6317059221049526,COMPLETE
1.36,79,1.1405925114417805,153.87967490876758,-0.6847029551032668,COMPLETE
1.36,80,1.1880543465020315,121.46594000986023,-0.5662997225815536,COMPLETE
1.36,81,1.1535931785701727,130.87710622853925,-0.5528895505533482,COMPLETE
1.36,82,1.156707275420668,133.79966013528258,-0.5567128984370395,COMPLETE
1.36,83,1.1504956618066198,140.65129390454365,-0.5894352616514276,COMPLETE
1.36,84,1.1649811180683494,114.86155883916217,-0.5586872035500012,COMPLETE
1.36,85,1.121269305528587,125.65338338742971,-0.6635769679608994,COMPLETE
1.36,86,1.1418624055527467,104.0794947885216,-0.6833559247114707,COMPLETE
1.36,87,1.170254120361274,146.64116516813698,-0.62514098140245,COMPLETE
1.36,88,1.177960791927974,133.2407748572964,-0.5655329543839738,COMPLETE
1.36,89,1.1842339413260339,108.0578378165199,-0.6033795535030029,COMPLETE
1.36,90,1.157095014195554,139.7360918835344,-0.5793969570687119,COMPLETE
1.36,91,1.1495945691547063,130.47818980621682,-0.5583706617605544,COMPLETE
1.36,92,1.1378830988934798,119.26449637723982,-0.5999277699434535,COMPLETE
1.36,93,1.1518025433491925,127.20567588763014,-0.5513074450135491,COMPLETE
1.36,94,1.1618474391885854,125.3805509781308,-0.539977968811578,COMPLETE
1.36,95,1.1738366487260676,113.39505930525915,-0.5645369024644964,COMPLETE
1.36,96,1.1301259522079927,122.51454955491093,-0.6234891088390038,COMPLETE
1.36,97,1.1614975458268086,126.0291263148247,-0.5403365938911109,COMPLETE
1.36,98,1.1625617945978026,101.32639615360335,-0.6603322272070944,COMPLETE
1.36,99,1.1702274740315823,117.70101072232443,-0.5481127780534556,COMPLETE
1.36,100,1.1912526327430975,116.61805790742821,-0.5804178206404331,COMPLETE
1.36,101,1.1712776282156476,124.36933513684524,-0.5403789464256126,COMPLETE
1.36,102,1.183926753877279,124.96250023736462,-0.5579879992253622,COMPLETE
1.36,103,1.170173115394637,109.99046980808217,-0.5820508714189376,COMPLETE
1.36,104,1.19876835037426,119.02298654233164,-0.5998868675779923,COMPLETE
1.36,105,1.1460185615108487,136.16918252037237,-0.5788675568158874,COMPLETE
1.36,106,1.1787926747939328,114.28999254003747,-0.5645702448424328,COMPLETE
1.36,107,1.1716711969070517,128.32341945662594,-0.5443550591201607,COMPLETE
1.36,108,1.2047889092756465,142.46390225850703,-0.7045267146872369,COMPLETE
1.36,109,1.1575813785618159,125.22177662314364,-0.5431969489721022,COMPLETE
1.36,110,1.1576525966391886,122.69668190972254,-0.5445658648253082,COMPLETE
1.36,111,1.1585060018997353,128.05714834766377,-0.5437386291497259,COMPLETE
1.36,112,1.1645559715431866,128.26199323738282,-0.5414840768257045,COMPLETE
1.36,113,1.1581557458505105,138.21944249061534,-0.5720420547414728,COMPLETE
1.36,114,1.1662792916778437,134.35305882268707,-0.5568305472334445,COMPLETE
1.36,115,1.163935066611993,121.11184451733702,-0.5417652747094159,COMPLETE
1.36,116,1.1450962931865007,111.32235998864668,-0.6136272055508929,COMPLETE
1.36,117,1.1766085060959648,244.74403997929562,-1.2845961377869863,COMPLETE
1.36,118,1.1839549024583567,122.19131810439514,-0.5569984140885276,COMPLETE
1.36,119,1.163909056494344,202.41875266292098,-1.0740219401161544,COMPLETE
1.36,120,1.1943791223086704,107.32607549385952,-0.6280331888946611,COMPLETE
1.36,121,1.1623191077751611,127.05525150237446,-0.5406098162393569,COMPLETE
1.36,122,1.1649452737434738,120.3918542386856,-0.5425418138470084,COMPLETE
1.36,123,1.1645728966456885,118.54344151178417,-0.5466186917402527,COMPLETE
1.36,124,1.1546461295476675,132.34995519309766,-0.5547572970283854,COMPLETE
1.36,125,1.0226824090376125,121.05137288464203,-1.913016555974656,COMPLETE
1.36,126,1.149115079127459,128.51054456603003,-0.5569628129099669,COMPLETE
1.36,127,1.2645705190387393,114.83884972453794,-1.0570984291697227,COMPLETE
1.36,128,1.1631946898819128,139.3327796021342,-0.5767282542629482,COMPLETE
1.36,129,1.1801727319212743,134.36186567793487,-0.573997010348104,COMPLETE
1.36,130,1.1414546774296737,145.43905976867947,-0.6294850559450449,COMPLETE
1.36,131,1.1696303174106826,124.9808286791885,-0.5396741710960606,COMPLETE
1.36,132,1.1689651265411662,124.52182988935577,-0.5393102687737295,COMPLETE
1.36,133,1.1699424845735307,130.19264835491052,-0.5467594702474599,COMPLETE
1.36,134,1.1740228502163372,120.59285030819812,-0.5443052438330764,COMPLETE
1.36,135,1.1866973357129187,125.60649417679109,-0.5650379797853988,COMPLETE
1.36,136,1.166833393096002,114.60997875845706,-0.55891564720425,COMPLETE
1.36,137,1.1796609581396977,136.4845088817542,-0.5821540613695109,COMPLETE
1.36,138,1.161140473189543,132.30729298064276,-0.5501950997649274,COMPLETE
1.36,139,1.171430804239732,111.34011011319733,-0.5741309424115104,COMPLETE
1.38,0,1.100474,118.791,-1.0690747008600177,COMPLETE
1.38,1,1.174734012447073,127.68847961381229,-0.7065323278656832,COMPLETE
1.38,2,1.20498894888779,91.53089720762756,-0.9671262598327512,COMPLETE
1.38,3,1.2610905820022917,249.54666930971564,-1.7971049894795033,COMPLETE
1.38,4,1.0401355721488976,245.55366281477197,-2.1592973562680973,COMPLETE
1.38,5,1.1588518713217266,82.0662079723503,-1.1686304714011664,COMPLETE
1.38,6,1.052063531380547,205.37450507579405,-1.8925549974779243,COMPLETE
1.38,7,1.2652771629500497,226.80733773486895,-1.7708231434646504,COMPLETE
1.38,8,1.2024609577704033,131.30950842612665,-0.769021496272182,COMPLETE
1.38,9,1.205157405664671,215.75348351044286,-1.450386819409133,COMPLETE
1.38,10,1.0929549281834987,239.49239575282022,-1.688215941264548,COMPLETE
1.38,11,1.200365127006845,126.21028787943374,-0.7456869546489275,COMPLETE
1.38,12,1.2348346264417251,132.01783282900467,-0.9399768716960022,COMPLETE
1.38,13,1.1148750122211555,220.74897630588305,-1.4957223184074997,COMPLETE
1.38,14,1.273540008638396,133.93514075423244,-1.2809573759328008,COMPLETE
1.38,15,1.2144426188013153,90.22303202232773,-1.0083295741790121,COMPLETE
1.38,16,1.1444700918935566,196.7729170555185,-1.2559870439282306,COMPLETE
1.38,17,1.0459638017707968,96.0311137923645,-1.9329190621340864,COMPLETE
1.38,18,1.1957522515606778,200.71392774853396,-1.3311281199383296,COMPLETE
1.38,19,1.0911848782922633,132.93392145733787,-1.1320922371383269,COMPLETE
1.38,20,1.2413625512706474,148.59426994680646,-1.1058975935297921,COMPLETE
1.38,21,1.1323730180643186,172.5094038042534,-1.0686510630188883,COMPLETE
1.38,22,1.0935083332665108,195.22617780663168,-1.446385383585136,COMPLETE
1.38,23,1.1813571233897988,51.2835144053365,-1.8938253373737668,COMPLETE
1.38,24,1.1663513246793267,164.292760751489,-0.9491641282110663,COMPLETE
1.38,25,1.1850665311461668,112.38375045116852,-0.7334784813182726,COMPLETE
1.38,26,1.1771748802483377,107.21841679055443,-0.7657671378595743,COMPLETE
1.38,27,1.2353160592784278,66.3038240782011,-1.5460595080936779,COMPLETE
1.38,28,1.2999783874670092,155.2747245957646,-1.7063730643543162,COMPLETE
1.38,29,1.1397726504291084,110.20244226506121,-0.8393540707304137,COMPLETE
1.38,30,1.1199749420971379,120.1557654743042,-0.9002802217645045,COMPLETE
1.38,31,1.1822278568837907,109.21470113397962,-0.7505423268005962,COMPLETE
1.38,32,1.1853917895207493,113.9093616052331,-0.7268477261897166,COMPLETE
1.38,33,1.221564582422055,148.4503411766309,-0.9748392446486176,COMPLETE
1.38,34,1.1607029972052028,120.21698252061427,-0.7197903094736446,COMPLETE
1.38,35,1.1573535315788297,75.97305589962221,-1.3059394106486821,COMPLETE
1.38,36,1.1567901638156484,98.92958504237052,-0.8887957141262337,COMPLETE
1.38,37,1.0713660284847213,176.61498036034342,-1.5200667626828035,COMPLETE
1.38,38,1.1728509680991115,117.34513335393889,-0.7128383559529161,COMPLETE
1.38,39,1.170594039140114,148.3149438493605,-0.8097727097573393,COMPLETE
1.38,40,1.1475327665356347,83.47184192179064,-1.1788521758654524,COMPLETE
1.38,41,1.1888017453061865,117.42493075626389,-0.7194344145287523,COMPLETE
1.38,42,1.1891646464460264,120.88141190998164,-0.715180016975725,COMPLETE
1.38,43,1.2212780498525206,122.7325823441774,-0.8253384082363646,COMPLETE
1.38,44,1.1951194671867469,138.2910383472808,-0.7818536675758714,COMPLETE
1.38,45,1.1268919348686477,102.16187970858428,-0.9895370817281313,COMPLETE
1.38,46,1.208750941093606,125.34728978673388,-0.7731834671522941,COMPLETE
1.38,47,1.1669831114898177,137.32650923584254,-0.7390829726354964,COMPLETE
1.38,48,1.1503469776983912,91.47572710003091,-1.021163136034664,COMPLETE
1.38,49,1.1087314742351564,142.0717751169244,-0.9862373384191048,COMPLETE
1.38,50,1.0286627021801602,119.51972901784275,-2.111252970119981,COMPLETE
1.38,51,1.1913503422026668,114.92079416251356,-0.7300306003756418,COMPLETE
1.38,52,1.1732716389562532,127.59025200817526,-0.7062335961374511,COMPLETE
1.38,53,1.1712379555117742,129.01467845330973,-0.7090138913156796,COMPLETE
1.38,54,1.2061799347624695,128.17751105770665,-0.770917259506021,COMPLETE
1.38,55,1.2488274219794522,156.6097708613654,-1.233019870021379,COMPLETE
1.38,56,1.1716663898572888,103.23814929067856,-0.8067570280229308,COMPLETE
1.38,57,1.2198015777305127,142.01202431945813,-0.9123820029957264,COMPLETE
1.38,58,1.1347906258063316,128.85138253563852,-0.7977537169927107,COMPLETE
1.38,59,1.1959875827128772,160.08972605546705,-0.9665902668880788,COMPLETE
1.38,60,1.1792653612889006,84.55849107110964,-1.0785050721116352,COMPLETE
1.38,61,1.159268773713708,118.65570523764487,-0.726651180273219,COMPLETE
1.38,62,1.1646656077313098,132.6703825855856,-0.721779389932764,COMPLETE
1.38,63,1.1470541453602143,104.37081374891801,-0.8598043031081359,COMPLETE
1.38,64,1.1911446932910077,123.73503095033298,-0.7189497772218001,COMPLETE
1.38,65,1.1882524094714917,94.81197405724222,-0.9016710260188576,COMPLETE
1.38,66,1.175754128031084,126.63613327218943,-0.7051709855990351,COMPLETE
1.38,67,1.174288532436855,143.5066571628784,-0.7770462656705113,COMPLETE
1.38,68,1.202016808304217,128.01929650145496,-0.7556620382094259,COMPLETE
1.38,69,1.2148100622881255,169.66654283204554,-1.1391064972439247,COMPLETE
1.38,70,1.1778240537759965,137.2652006186259,-0.7422730615749273,COMPLETE
1.38,71,1.1904477962955409,113.54772595439707,-0.7337817702483984,COMPLETE
1.38,72,1.228596638941884,121.96016391786792,-0.8646396339925033,COMPLETE
1.38,73,1.1983510810014415,107.6509959708714,-0.7786301893698444,COMPLETE
1.38,74,1.1860130419371022,116.30366297657874,-0.7190284945223446,COMPLETE
1.38,75,1.1535139133497179,133.1888611795699,-0.7398132577675631,COMPLETE
1.38,76,1.1732402388360084,145.84099229224324,-0.7927805431045987,COMPLETE
1.38,77,1.2084316049080708,125.16970276101921,-0.7715468091187505,COMPLETE
1.38,78,1.139746259808332,110.84308664915667,-0.8346579311552582,COMPLETE
1.38,79,1.16500121984145,97.97608394825154,-0.8800309786333949,COMPLETE
1.38,80,1.1841143502846363,153.62954367379373,-0.8727963725157162,COMPLETE
1.38,81,1.1848583250222138,116.66984295947958,-0.7169256812098235,COMPLETE
1.38,82,1.179960591752973,116.342801541838,-0.7150868801392152,COMPLETE
1.38,83,1.1704949222517187,136.59024611076111,-0.7351368921580725,COMPLETE
1.38,84,1.1787739215724824,132.65367349538556,-0.7223249332257153,COMPLETE
1.38,85,1.1634782940218984,125.65848323686677,-0.7105367364123927,COMPLETE
1.38,86,1.1601050843714102,104.59547291327014,-0.8147272939235228,COMPLETE
1.38,87,1.152773648577099,240.31344320845972,-1.4983963216063323,COMPLETE
1.38,88,1.14430431699752,112.14432713262134,-0.805117484760054,COMPLETE
1.38,89,1.1661199393859627,127.53052769205155,-0.7092065764174427,COMPLETE
1.38,90,1.130077835097731,127.62969086945753,-0.821862266916662,COMPLETE
1.38,91,1.1651725457478201,120.39745426944913,-0.7123565671006693,COMPLETE
1.38,92,1.1637383384209592,140.3968187911228,-0.7565182095358169,COMPLETE
1.38,93,1.1693290467993958,121.07692310135128,-0.7069289696350678,COMPLETE
1.38,94,1.1704654708492457,129.8919234565145,-0.7111162846477614,COMPLETE
1.38,95,1.1563118443169398,131.67348566809616,-0.7302149879113484,COMPLETE
1.38,96,1.168355069003025,124.16611235254348,-0.705414679960692,COMPLETE
1.38,97,1.16830163059906,149.02646007665703,-0.8143729688348089,COMPLETE
1.38,98,1.1520920774879428,124.95537049642049,-0.733275207823747,COMPLETE
1.38,99,1.1437638356654534,135.92502164232684,-0.7746323549503775,COMPLETE
1.38,100,1.1371842827670788,128.29428356571654,-0.7865163247841922,COMPLETE
1.38,101,1.1739698000351253,122.0020508052096,-0.7037533015716191,COMPLETE
1.38,102,1.1650138093449363,121.8714915066713,-0.7102495119565844,COMPLETE
1.38,103,1.17233336433356,139.77620270692722,-0.7523331829593638,COMPLETE
1.38,104,1.1605398769309034,131.4370618726265,-0.722773274027988,COMPLETE
1.38,105,1.1762687163890406,123.23479295838534,-0.7032056028386746,COMPLETE
1.38,106,1.1948785622512004,108.75317296231555,-0.7652162016364317,COMPLETE
1.38,107,1.178000143435672,122.81120494343972,-0.7037180783390773,COMPLETE
1.38,108,1.1757921029167366,122.40875109252868,-0.7034035511854553,COMPLETE
1.38,109,1.1779467631489298,145.6880298960661,-0.7963966741083239,COMPLETE
1.38,110,1.2012077157839662,100.22952183390584,-0.8483263387224382,COMPLETE
1.38,111,1.1759666151684927,122.3563984219407,-0.7034435709042719,COMPLETE
1.38,112,1.1826795622648125,112.53745681374994,-0.7314025444787209,COMPLETE
1.38,113,1.1756572534760577,123.39470909124313,-0.7031117342205739,COMPLETE
1.38,114,1.1780267136446376,123.69446490707124,-0.703706691010586,COMPLETE
1.38,115,1.1745226675598979,122.59458324097942,-0.7033175176952455,COMPLETE
1.38,116,1.1762828743845017,135.1924218435064,-0.7308822605158194,COMPLETE
1.38,117,1.1889088694562726,107.19841704324651,-0.7684263963407711,COMPLETE
1.38,118,1.1951569226456498,123.78063743649015,-0.7276132571178429,COMPLETE
1.38,119,1.175278612765421,116.9952229637901,-0.7129752896742447,COMPLETE
1.38,120,1.1835384097952082,115.43398972462796,-0.719752290020581,COMPLETE
1.38,121,1.1801537383433163,121.48700535510308,-0.7052933884280854,COMPLETE
1.38,122,1.180919666424779,123.4640544328224,-0.7052769031822836,COMPLETE
1.38,123,1.1818765072631843,119.37773738245392,-0.7087601273800703,COMPLETE
1.38,124,1.1760328138809293,123.59811394602629,-0.7031549465380871,COMPLETE
1.38,125,1.1927201436190387,110.27660937397106,-0.7527925533710067,COMPLETE
1.38,126,1.2025652318277054,124.05438257367092,-0.7486774180923472,COMPLETE
1.38,127,1.1565604533144949,134.29091291153838,-0.7372820719821815,COMPLETE
1.38,128,1.1781739322188969,114.5558399683008,-0.7213494124114539,COMPLETE
1.38,129,1.1861110818461351,105.42056344966085,-0.7807055592489065,COMPLETE
1.38,130,1.0742214345101102,119.8932709837021,-1.364466941151099,COMPLETE
1.38,131,1.1767063677821241,125.4539869159939,-0.7041539729803481,COMPLETE
1.38,132,1.1765612802555254,124.64294756271894,-0.7035523881029015,COMPLETE
1.38,133,1.1779414751854311,130.84084649270298,-0.7154838672747577,COMPLETE
1.38,134,1.1900660552887734,118.7265572967041,-0.7188489466970593,COMPLETE
1.38,135,1.1983767662195395,113.31960896619178,-0.7489948654489487,COMPLETE
1.38,136,1.182214339974658,138.2452349822517,-0.7530158687673927,COMPLETE
1.38,137,1.1747093947880296,123.08782028341525,-0.7031289039210908,COMPLETE
1.38,138,1.1592239343315789,125.31242721670169,-0.7170352114353018,COMPLETE
1.38,139,1.1740473836031353,130.8100182503453,-0.7135531177092425,COMPLETE
1.4,0,1.100474,118.791,-1.3207315012199294,COMPLETE
1.4,1,1.1832159566199232,126.77313820927749,-0.8812541564712006,COMPLETE
1.4,2,1.2583927703645863,193.44344736768608,-1.7656310442673684,COMPLETE
1.4,3,1.239112446745431,248.38581551172874,-1.9019722415337892,COMPLETE
1.4,4,1.1449660155094479,103.92009574129877,-1.0883179034595014,COMPLETE
1.4,5,1.2315196509995705,71.4410732030807,-1.605426898536333,COMPLETE
1.4,6,1.151835359763134,166.7433343385532,-1.194126561217601,COMPLETE
1.4,7,1.2806023975487615,247.10650469892877,-2.1023828740366013,COMPLETE
1.4,8,1.1726035477838495,156.80432165963157,-1.078757955916887,COMPLETE
1.4,9,1.2597306662393954,70.77995551392225,-1.7126403194355322,COMPLETE
1.4,10,1.095161264220289,167.91511015565106,-1.5000874723858026,COMPLETE
1.4,11,1.178832471273278,182.2133256786723,-1.3483045890539391,COMPLETE
1.4,12,1.132948027879837,149.6992137969919,-1.1067253696831814,COMPLETE
1.4,13,1.1584043131291013,82.13163712539941,-1.3962468076044066,COMPLETE
1.4,14,1.0537823953053371,58.89715839485243,-2.5783073130652534,COMPLETE
1.4,15,1.219151392063568,245.00943919022967,-1.8254244073532933,COMPLETE
1.4,16,1.0857705413782377,63.565689510218945,-2.251644190358526,COMPLETE
1.4,17,1.2718118530320153,183.55002225788562,-1.7885778116112472,COMPLETE
1.4,18,1.0838752911172957,182.7934270376339,-1.7129874997619088,COMPLETE
1.4,19,1.1827583570387703,84.52512459174761,-1.278714746553633,COMPLETE
1.4,20,1.2926195624086343,100.19192067504905,-1.5239076098201298,COMPLETE
1.4,21,1.2427282804703852,186.32925184672138,-1.618081157086948,COMPLETE
1.4,22,1.1654881983461007,183.572605357513,-1.354244318625919,COMPLETE
1.4,23,1.2746521816687089,214.51325800666504,-1.9767540132517358,COMPLETE
1.4,24,1.205700614312849,128.76466176851105,-0.9215857954481876,COMPLETE
1.4,25,1.2034785410673805,133.6876575990493,-0.9382559103201626,COMPLETE
1.4,26,1.2023266316652352,132.25166196360388,-0.9275916269430695,COMPLETE
1.4,27,1.1932408030664876,132.9954063787615,-0.9118275525626052,COMPLETE
1.4,28,1.118978893797933,129.10776680034044,-1.1219600074576008,COMPLETE
1.4,29,1.1974453144050277,112.90063879863834,-0.9068709246717099,COMPLETE
1.4,30,1.1929538653020504,109.84333743978627,-0.9196606710336841,COMPLETE
1.4,31,1.1919157475046356,114.30710346649468,-0.8962033075246012,COMPLETE
1.4,32,1.219729349162622,117.00396435831841,-0.9514289758737471,COMPLETE
1.4,33,1.128325885835639,97.14294280726244,-1.280804423257198,COMPLETE
1.4,34,1.2150777395644774,150.97529494226063,-1.1204248994147847,COMPLETE
1.4,35,1.2394196414784948,140.41711969605018,-1.1560584559642817,COMPLETE
1.4,36,1.1884947024514476,115.22098194545585,-0.8913424872623699,COMPLETE
1.4,37,1.140240414168657,117.85589242778202,-1.0050593036577848,COMPLETE
1.4,38,1.1544159071934323,90.43690544913363,-1.2436102993403697,COMPLETE
1.4,39,1.1829943749467626,105.882154621908,-0.9521355850950375,COMPLETE
1.4,40,1.2528971914535398,115.57826610009982,-1.1352491186558344,COMPLETE
1.4,41,1.1918147805321668,143.61527298936733,-0.9791642360121089,COMPLETE
1.4,42,1.164516771019004,123.15389503953199,-0.8978602484549292,COMPLETE
1.4,43,1.1669470459991103,121.68943503562052,-0.8942322887877996,COMPLETE
1.4,44,1.1721036569087302,160.4150431718215,-1.1149009480747152,COMPLETE
1.4,45,1.1106821182296098,124.48750997276977,-1.1986911724933713,COMPLETE
1.4,46,1.162687536636492,93.45628198166241,-1.1586374374027653,COMPLETE
1.4,47,1.1444080330151996,140.7319648918586,-1.0022327604979453,COMPLETE
1.4,48,1.1733249698680113,122.63412237545647,-0.88323845612438,COMPLETE
1.4,49,1.2278745945092489,76.37970333138456,-1.4781184856170637,COMPLETE
1.4,50,1.18065824473436,103.86654473723092,-0.9741835703981683,COMPLETE
1.4,51,1.1713021323153487,121.27742706858201,-0.8871888014444496,COMPLETE
1.4,52,1.1496623699095359,122.30155221039345,-0.9459866094258862,COMPLETE
1.4,53,1.1744408461131652,50.47961338203967,-2.200895314458007,COMPLETE
1.4,54,1.0304743749910918,151.53230530805783,-2.371981007996682,COMPLETE
1.4,55,1.2147862554960183,110.5578167496703,-0.9532722124543147,COMPLETE
1.4,56,1.1851091467496122,172.68830597115976,-1.2583404408338494,COMPLETE
1.4,57,1.1356330761632645,140.37557182917186,-1.0394847917249428,COMPLETE
1.4,58,1.1695062370380735,103.73184241927169,-0.995877282412283,COMPLETE
1.4,59,1.1550738596949168,86.35001266330202,-1.3197945815124235,COMPLETE
1.4,60,1.2081084215601723,205.92913613584446,-1.6150594009841868,COMPLETE
1.4,61,1.1643247734717537,122.55942867619278,-0.8988140735732508,COMPLETE
1.4,62,1.1864001097822945,128.57327073491385,-0.8868460096682185,COMPLETE
1.4,63,1.191387855567626,136.50329665278622,-0.9279490792225342,COMPLETE
1.4,64,1.1790589172414976,128.4710543813534,-0.8848611512196403,COMPLETE
1.4,65,1.2281199022086862,146.61437832463406,-1.142939649289909,COMPLETE
1.4,66,1.177280834105095,125.91560328133369,-0.8809236479687677,COMPLETE
1.4,67,1.178659436668558,127.93657007564231,-0.883740531491295,COMPLETE
1.4,68,1.1806249745280915,159.7626260310404,-1.1142597639735352,COMPLETE
1.4,69,1.1270191990699803,130.01125379660095,-1.0634740050212255,COMPLETE
1.4,70,1.2037639569355343,127.96003973332198,-0.9134580273997495,COMPLETE
1.4,71,1.1742026244762733,137.1875185895045,-0.92117448979534,COMPLETE
1.4,72,1.1863943633982794,108.27094555747996,-0.9301636987471773,COMPLETE
1.4,73,1.1556804019509133,99.48733210302169,-1.0934715193535172,COMPLETE
1.4,74,1.1962018786008277,117.05029617181528,-0.8916913662103676,COMPLETE
1.4,75,1.210221873658579,133.67361930991794,-0.9595161216826686,COMPLETE
1.4,76,1.147694182851882,125.49458800418834,-0.9505435738583534,COMPLETE
1.4,77,1.176510031442154,150.12038003400673,-1.0169099353568467,COMPLETE
1.4,78,1.1871280842239327,113.15384291301675,-0.8998460136341091,COMPLETE
1.4,79,1.2016004247202163,118.98839012413931,-0.8971562348657258,COMPLETE
1.4,80,1.1587657267560596,127.76292887381737,-0.9129115341985017,COMPLETE
1.4,81,1.1983528626496989,113.00427886347302,-0.9075113698777448,COMPLETE
1.4,82,1.1972071423063315,135.62963535443984,-0.9337304478029163,COMPLETE
1.4,83,1.1772390305152571,119.11576999230168,-0.883838456754138,COMPLETE
1.4,84,1.1705628712732443,145.16241254825212,-0.9754946633723005,COMPLETE
1.4,85,1.1787025524641968,236.4703124559059,-1.726449364914362,COMPLETE
1.4,86,1.1624328412872849,107.20720459586593,-0.9808085116321474,COMPLETE
1.4,87,1.1882937201581667,95.89879864524006,-1.0673520411893844,COMPLETE
1.4,88,1.1399611595422454,154.96292010739916,-1.1167850045422978,COMPLETE
1.4,89,1.1767925813385993,131.85462198244778,-0.8957387001480743,COMPLETE
1.4,90,1.2172954268378218,119.04886341645931,-0.9411324562284551,COMPLETE
1.4,91,1.1841045971759525,117.51072669209609,-0.8840645428668914,COMPLETE
1.4,92,1.169339878040488,125.71370758093613,-0.8888360625348812,COMPLETE
1.4,93,1.1703636343058352,127.63620705856643,-0.8896267912854139,COMPLETE
1.4,94,1.1830479767660171,140.76606834499546,-0.9456897307868695,COMPLETE
1.4,95,1.1588925680815707,123.53045571205232,-0.9119701801982738,COMPLETE
1.4,96,1.151890507110831,101.8326331310912,-1.0793162827842817,COMPLETE
1.4,97,1.1663933427278836,120.83706053447749,-0.8966808930927717,COMPLETE
1.4,98,1.1436505411585196,109.80184013551336,-1.0374096674270916,COMPLETE
1.4,99,1.2091499380688668,136.23221013240018,-0.9715625057714949,COMPLETE
1.4,100,1.1773130927890192,130.85146181289917,-0.892084113534064,COMPLETE
1.4,101,1.1694552183314986,126.2414429567951,-0.8890974138793917,COMPLETE
1.4,102,1.1717150469374322,116.19696866909071,-0.8996482176499287,COMPLETE
1.4,103,1.191661107100413,126.55827271410368,-0.8866729719329558,COMPLETE
1.4,104,1.1923449572072922,138.17683678671173,-0.9401007068906675,COMPLETE
1.4,105,1.185048937334094,143.84185473690542,-0.9706172361447551,COMPLETE
1.4,106,1.1806443870164642,119.29441098397932,-0.8811874719808044,COMPLETE
1.4,107,1.197434938307922,120.94988561231376,-0.8888024001304284,COMPLETE
1.4,108,1.1805302999908054,110.90331460001036,-0.9153950993659121,COMPLETE
1.4,109,1.1602014523130333,131.24935761964812,-0.9157358498231072,COMPLETE
1.4,110,1.2226717986964855,105.20028483909897,-1.0113627646741064,COMPLETE
1.4,111,1.198542019576579,120.12632809443313,-0.8908573989125257,COMPLETE
1.4,112,1.1910562264014264,114.91976540589566,-0.8934143679175777,COMPLETE
1.4,113,1.2056190580808863,123.71660433310402,-0.9078492150111694,COMPLETE
1.4,114,1.1824134969814464,132.90961342187205,-0.9002683697582947,COMPLETE
1.4,115,1.1880113115109698,119.11575712371265,-0.8811922381544379,COMPLETE
1.4,116,1.1759209457606514,118.25301204279899,-0.887163219973508,COMPLETE
1.4,117,1.1877492515009,116.8555109015008,-0.8859797205419517,COMPLETE
1.4,118,1.1883637336183217,111.95928701499747,-0.9059596130989722,COMPLETE
1.4,119,1.2132279822339356,127.8536008036069,-0.9425486312278686,COMPLETE
1.4,120,1.2019876306140804,108.50968465612476,-0.9369939958279616,COMPLETE
1.4,121,1.1761074444365256,117.57025801007435,-0.8888595751100792,COMPLETE
1.4,122,1.1843085594098413,115.71052726358158,-0.8895387783155906,COMPLETE
1.4,123,1.1936597716768502,124.605822018644,-0.8856645034544641,COMPLETE
1.4,124,1.1922605523701078,134.2146069785789,-0.9164168214852442,COMPLETE
1.4,125,1.194381452258865,129.96648440877286,-0.9006430352897388,COMPLETE
1.4,126,1.0686086920793694,124.88595385877073,-1.7051115808177308,COMPLETE
1.4,127,1.1646516739550403,139.53901493567975,-0.9427964474903461,COMPLETE
1.4,128,1.1856988969963318,124.51553481116899,-0.8787923691018551,COMPLETE
1.4,129,1.2016774326831396,106.34940758613945,-0.9523487548635523,COMPLETE
1.4,130,1.180400175718089,114.2445249009819,-0.8973268740442797,COMPLETE
1.4,131,1.186742430477285,122.8585509500353,-0.8782241152468173,COMPLETE
1.4,132,1.1854065014806083,123.81836824305533,-0.8781375457129315,COMPLETE
1.4,133,1.186839564345292,121.81814111380832,-0.8782817133403453,COMPLETE
1.4,134,1.173946198917239,122.55763525488368,-0.8825717498815777,COMPLETE
1.4,135,1.1755626388063662,120.8347360667478,-0.8824792610567456,COMPLETE
1.4,136,1.1736342444425232,120.59215760016492,-0.884981551150632,COMPLETE
1.4,137,1.1629598207442426,111.4842639516507,-0.9450586089641888,COMPLETE
1.4,138,1.1821848609506753,99.61649092189361,-1.021724674440161,COMPLETE
1.4,139,1.1549212369877653,121.91812774692579,-0.926725389637173,COMPLETE
