scenario,trial_number,relative_gain_percent,trial_state,active_refractive_index,active_thickness_nm,protective_refractive_index,protective_thickness_nm,release_refractive_index,release_thickness_nm
active_only_reference,0,0.7174328137682373,COMPLETE,1.100474,118.791,,,,
active_only_reference,1,0.6113385227453527,COMPLETE,1.131370849898476,132.58252147247765,,,,
active_only_reference,2,0.7042288278390929,COMPLETE,1.1135296968035386,112.87967704530871,,,,
active_only_reference,3,0.06871271248958255,COMPLETE,1.2092488900060994,89.4898504577487,,,,
active_only_reference,4,0.1733585269874771,COMPLETE,1.0313642753296073,241.70580310813273,,,,
active_only_reference,5,-0.8630226907368588,COMPLETE,1.2445711001592568,167.79409484330571,,,,
active_only_reference,6,0.12504311261525292,COMPLETE,1.1622142789087953,172.5025460752239,,,,
active_only_reference,7,0.3109537684597097,COMPLETE,1.1763000996242512,61.659404183865774,,,,
active_only_reference,8,0.5748905576976604,COMPLETE,1.1460112948245293,118.22411151157775,,,,
active_only_reference,9,0.1344422059994077,COMPLETE,1.174881494258412,154.60872600709513,,,,
active_only_reference,10,0.16029864358937385,COMPLETE,1.0234536789297555,62.995283737875106,,,,
active_only_reference,11,-1.1013567879468722,COMPLETE,1.2931902808185811,82.6997437665415,,,,
active_only_reference,12,0.16190605229255972,COMPLETE,1.1484150061584641,183.69640703904352,,,,
active_only_reference,13,-0.35353094208826485,COMPLETE,1.192668498418458,199.98680309932456,,,,
active_only_reference,14,-0.058226165756036785,COMPLETE,1.2077043240877523,124.23779608376022,,,,
active_only_reference,15,0.2897166626103509,COMPLETE,1.1860510300089318,98.1274557267283,,,,
active_only_reference,16,-1.6982240982947983,COMPLETE,1.29520852934407,177.365205112597,,,,
active_only_reference,17,0.3445265987012114,COMPLETE,1.0270704981712826,124.39922171614003,,,,
active_only_reference,18,-0.5315569069550219,COMPLETE,1.2325431858164484,142.15254697871114,,,,
active_only_reference,19,0.5789263471804196,COMPLETE,1.0857957020369569,162.08738952730795,,,,
active_only_reference,20,-0.07610618919604573,COMPLETE,1.1422868709658942,249.47505261599053,,,,
active_only_reference,21,0.5813845765547665,COMPLETE,1.0571865862821184,140.8333234841523,,,,
active_only_reference,22,0.5802746755085852,COMPLETE,1.0606722062829401,148.69498377177823,,,,
active_only_reference,23,-0.9118694601171429,COMPLETE,1.2516806827709084,155.21265542104896,,,,
active_only_reference,24,0.7120750868373715,COMPLETE,1.0906309885274164,120.47247145153686,,,,
active_only_reference,25,-0.5576753331678508,COMPLETE,1.2685592075628287,72.72529899883295,,,,
active_only_reference,26,0.5416911845899319,COMPLETE,1.1104310166140785,74.84111645740275,,,,
active_only_reference,27,-0.363566615414046,COMPLETE,1.2186565762979364,148.2317664310233,,,,
active_only_reference,28,0.5329138016893387,COMPLETE,1.1076372568265676,163.90513602132788,,,,
active_only_reference,29,0.22868618263141016,COMPLETE,1.1942848533300228,73.92736158986764,,,,
active_only_reference,30,-0.034690865334796595,COMPLETE,1.2133360264809474,104.45121058415864,,,,
active_only_reference,31,-0.09212009755926731,COMPLETE,1.157760208797063,215.5077430661227,,,,
active_only_reference,32,0.14609904566658116,COMPLETE,1.120196626642263,218.96351537268526,,,,
active_only_reference,33,-0.5439320795076363,COMPLETE,1.245527699925768,110.32754215529195,,,,
active_only_reference,34,0.5486484839600125,COMPLETE,1.1328086031743123,79.3125176316575,,,,
active_only_reference,35,0.3650730460585505,COMPLETE,1.0520716202006535,195.63344753352004,,,,
active_only_reference,36,-0.5481269869676453,COMPLETE,1.20281380081139,226.3758182654922,,,,
active_only_reference,37,0.10467642159741608,COMPLETE,1.1620028551427195,175.5434266282844,,,,
active_only_reference,38,0.4062091962139025,COMPLETE,1.0898236936353078,190.95810692479645,,,,
active_only_reference,39,-1.0463623963314794,COMPLETE,1.2473936113280106,212.73681757676533,,,,
active_only_reference,40,0.6888191505115104,COMPLETE,1.0848028690526819,134.41877882718455,,,,
active_only_reference,41,0.6914598393760851,COMPLETE,1.0814768969203155,129.2005800534249,,,,
active_only_reference,42,0.6636857391393081,COMPLETE,1.0735852735465066,133.93571975867087,,,,
active_only_reference,43,0.7134190901759263,COMPLETE,1.0997701594588853,112.5134548616542,,,,
active_only_reference,44,0.6571191812077437,COMPLETE,1.1028563620303395,93.84006068374781,,,,
active_only_reference,45,0.48021181404815927,COMPLETE,1.0417261253902361,120.53117102859368,,,,
active_only_reference,46,0.6872460289518934,COMPLETE,1.1211089688657785,110.93541393862792,,,,
active_only_reference,47,0.3005326518664919,COMPLETE,1.0720114175504276,52.2613222581149,,,,
active_only_reference,48,0.7124727745776882,COMPLETE,1.10007049240032,111.76008634806468,,,,
active_only_reference,49,0.6293746655328336,COMPLETE,1.0958933355339082,89.681699559784,,,,
active_only_reference,50,0.6743366994334421,COMPLETE,1.1258559617481967,112.93083858898773,,,,
active_only_reference,51,0.6856591216811925,COMPLETE,1.0783064659045896,127.01295954979847,,,,
active_only_reference,52,0.698475352676442,COMPLETE,1.09737237978521,105.66335698255031,,,,
active_only_reference,53,0.6902221585262103,COMPLETE,1.1123336058164395,103.41554784404188,,,,
active_only_reference,54,0.6752986235812442,COMPLETE,1.0977187774488268,98.72779425993014,,,,
active_only_reference,55,0.618760070126334,COMPLETE,1.1381591750026554,118.22946394947813,,,,
active_only_reference,56,0.5840891176485341,COMPLETE,1.0619255328617079,104.15691610747925,,,,
active_only_reference,57,0.6049460959479003,COMPLETE,1.1171768927062344,84.75891890333068,,,,
active_only_reference,58,0.48073477490573335,COMPLETE,1.149161925589477,137.13968253042512,,,,
active_only_reference,59,0.7133914978901146,COMPLETE,1.0949857709839763,114.65586509307033,,,,
active_only_reference,60,0.6680975749319806,COMPLETE,1.1275760142621039,114.88325540470579,,,,
active_only_reference,61,0.7145353604140148,COMPLETE,1.0953153898244998,123.96546931143277,,,,
active_only_reference,62,0.6449381038870161,COMPLETE,1.0669462266017444,123.47285857374483,,,,
active_only_reference,63,0.6467341312261343,COMPLETE,1.1052961934110006,145.009277558394,,,,
active_only_reference,64,0.6437970431522277,COMPLETE,1.0905860991734042,93.9652756208294,,,,
active_only_reference,65,0.5537490693019897,COMPLETE,1.0508783499016159,130.16279635735526,,,,
active_only_reference,66,0.7103370612395965,COMPLETE,1.1098614721958286,118.95550422415398,,,,
active_only_reference,67,0.7174157177738616,COMPLETE,1.0996567181553905,119.66696662765032,,,,
active_only_reference,68,0.6092790101338341,COMPLETE,1.0783364692424013,154.91120379976854,,,,
active_only_reference,69,0.4603389843614636,COMPLETE,1.0410361039714193,111.35907295150372,,,,
active_only_reference,70,0.6830578504710472,COMPLETE,1.0891490144750322,138.42752721195308,,,,
active_only_reference,71,0.7067358183087347,COMPLETE,1.1126218712354017,115.67364959439065,,,,
active_only_reference,72,0.7164159143566495,COMPLETE,1.1022355737370306,120.90660531663494,,,,
active_only_reference,73,0.7124038690835555,COMPLETE,1.101221265869899,125.66342150673215,,,,
active_only_reference,74,0.7066362407176952,COMPLETE,1.1028403180796742,128.45434113189674,,,,
active_only_reference,75,0.6253792817877635,COMPLETE,1.1353275672151035,99.42592988110796,,,,
active_only_reference,76,0.7028458056206777,COMPLETE,1.0975544866120202,107.32126094385356,,,,
active_only_reference,77,0.6787768232367819,COMPLETE,1.1204186835214496,124.98921712926722,,,,
active_only_reference,78,0.6586456380806682,COMPLETE,1.0717566478964906,133.24288165733174,,,,
active_only_reference,79,0.6704404088533122,COMPLETE,1.083251066275337,140.601470843252,,,,
active_only_reference,80,0.558469541413098,COMPLETE,1.12619758359129,148.0519816596194,,,,
active_only_reference,81,0.715565065878554,COMPLETE,1.0944080160204417,120.8858576838481,,,,
active_only_reference,82,0.7160096836750451,COMPLETE,1.1036167316859917,120.24647298117063,,,,
active_only_reference,83,0.7152886454744545,COMPLETE,1.0939136347057772,120.06171003208424,,,,
active_only_reference,84,0.7127885170700621,COMPLETE,1.0913437212259671,119.48947093139589,,,,
active_only_reference,85,0.7114867251467816,COMPLETE,1.1071774780439105,122.1959712202426,,,,
active_only_reference,86,0.6761371332400401,COMPLETE,1.1160230522197159,131.00272327962654,,,,
active_only_reference,87,0.6604307078436511,COMPLETE,1.0841458548679697,100.90593044250657,,,,
active_only_reference,88,0.6169501244715825,COMPLETE,1.0667744998317508,106.73111718217467,,,,
active_only_reference,89,0.7126845901417544,COMPLETE,1.0927485735710851,116.18223931492128,,,,
active_only_reference,90,0.6708927874846449,COMPLETE,1.07732713059585,135.83102655954193,,,,
active_only_reference,91,0.7101840401073867,COMPLETE,1.0894207544814551,119.01904375926945,,,,
active_only_reference,92,0.7056870055130338,COMPLETE,1.0948401090979836,109.65624415407366,,,,
active_only_reference,93,0.6641697726400997,COMPLETE,1.1057123945835563,95.21796624367666,,,,
active_only_reference,94,0.7013007910719793,COMPLETE,1.113685272995772,121.90694150174107,,,,
active_only_reference,95,0.7043293532302597,COMPLETE,1.0879456102552085,114.67559985754359,,,,
active_only_reference,96,0.6540397469829928,COMPLETE,1.0691545041416786,127.7028143025662,,,,
active_only_reference,97,0.6116989570908782,COMPLETE,1.1212829864769545,142.36279044406325,,,,
active_only_reference,98,0.5826652647097808,COMPLETE,1.07744977106231,89.0036322277464,,,,
active_only_reference,99,0.5869035602500405,COMPLETE,1.059917893381983,108.83460130488031,,,,
active_only_reference,100,0.7156401386815059,COMPLETE,1.1029764369174007,121.59599587080723,,,,
active_only_reference,101,0.7174474697277056,COMPLETE,1.10030974271795,118.6958138902592,,,,
active_only_reference,102,0.7156472081238263,COMPLETE,1.1003577395308595,114.52263277585567,,,,
active_only_reference,103,0.692483342890271,COMPLETE,1.1060795342950056,132.71396309063869,,,,
active_only_reference,104,0.7147400057516018,COMPLETE,1.1019216589401897,123.37732230181338,,,,
active_only_reference,105,0.7029230830009947,COMPLETE,1.1103850699458777,125.1097170062173,,,,
active_only_reference,106,0.69991804409828,COMPLETE,1.0834192213334835,121.66356481922502,,,,
active_only_reference,107,0.6491767428854711,COMPLETE,1.1301824005400791,102.21472789422175,,,,
active_only_reference,108,0.6800389429753473,COMPLETE,1.1172817071873635,128.37528890680454,,,,
active_only_reference,109,0.7160178386351079,COMPLETE,1.1043276645524571,117.1489118290306,,,,
active_only_reference,110,0.605656495730722,COMPLETE,1.1410349482376594,117.02779629099795,,,,
active_only_reference,111,0.7150632913301758,COMPLETE,1.1004743808353448,123.64678430060223,,,,
active_only_reference,112,0.700534210348458,COMPLETE,1.1030860461991545,131.10710524634703,,,,
active_only_reference,113,0.7133879772021512,COMPLETE,1.1000829625301023,112.43667272978377,,,,
active_only_reference,114,0.6808837067737938,COMPLETE,1.1219072411128206,106.92184948953745,,,,
active_only_reference,115,0.6762554606438043,COMPLETE,1.1086351681510682,136.32807811773503,,,,
active_only_reference,116,0.7044364795073532,COMPLETE,1.113744128852861,117.90058951455899,,,,
active_only_reference,117,0.7045658663804799,COMPLETE,1.086374689894968,125.14814919903593,,,,
active_only_reference,118,0.7148461620830826,COMPLETE,1.1003918802175972,113.66293283284448,,,,
active_only_reference,119,0.7111628348326793,COMPLETE,1.0949466880864134,112.82567781449903,,,,
active_only_reference,120,0.672015035227691,COMPLETE,1.1240420844786088,104.80419661868683,,,,
active_only_reference,121,0.7165961776678609,COMPLETE,1.101204433072506,121.2992853242696,,,,
active_only_reference,122,0.712086975232129,COMPLETE,1.108238258759707,119.70826021125241,,,,
active_only_reference,123,-1.2654265501155004,COMPLETE,1.2847349301587139,110.78580087238961,,,,
active_only_reference,124,0.7164642366929819,COMPLETE,1.0989409601764988,115.92137955355585,,,,
active_only_reference,125,0.6867861503239814,COMPLETE,1.0800585840779096,130.3686541388099,,,,
active_only_reference,126,0.7135070265360088,COMPLETE,1.0929989474781587,116.9720497638124,,,,
active_only_reference,127,0.6976962907039086,COMPLETE,1.115982657056504,120.6853632798665,,,,
active_only_reference,128,0.7019475104835804,COMPLETE,1.0856898904565628,126.98248260330023,,,,
active_only_reference,129,0.6695150326608168,COMPLETE,1.0971879064292696,97.45949336624783,,,,
active_only_reference,130,0.6662092159749555,COMPLETE,1.074532186078713,134.18587595899422,,,,
active_only_reference,131,0.7149963039222218,COMPLETE,1.1036578489258644,114.28554473217265,,,,
active_only_reference,132,0.700327170056414,COMPLETE,1.11184462210558,107.72963153120419,,,,
active_only_reference,133,0.7153305451924608,COMPLETE,1.104276972381899,115.17505605159087,,,,
active_only_reference,134,0.7121239965940829,COMPLETE,1.091087731231418,122.88891278022804,,,,
active_only_reference,135,0.7146476745107266,COMPLETE,1.1062841477844139,117.96429552451316,,,,
active_only_reference,136,0.6904498850864416,COMPLETE,1.0964814135160756,103.22189524820003,,,,
active_only_reference,137,0.7048690677882163,COMPLETE,1.0880637851479167,127.54117794309579,,,,
active_only_reference,138,0.6601631845396749,COMPLETE,1.129857162541155,110.50189922408829,,,,
active_only_reference,139,0.6939801377205956,COMPLETE,1.1171665397331834,121.42669876899899,,,,
active_only_reference,140,0.6599259641124622,COMPLETE,1.1109305891745267,139.20476532744428,,,,
active_only_reference,141,0.7139995513069541,COMPLETE,1.1053007589482111,113.97596273148945,,,,
active_only_reference,142,0.7157565394766419,COMPLETE,1.1017312995220783,114.68609886288405,,,,
active_only_reference,143,0.7169082236050395,COMPLETE,1.0978406084420977,117.4119620937386,,,,
active_only_reference,144,0.6938265937233012,COMPLETE,1.0818252209669619,117.18082654234318,,,,
active_only_reference,145,0.7010096826138401,COMPLETE,1.092858524771565,108.52992694299203,,,,
active_only_reference,146,0.7172386288052834,COMPLETE,1.0989478494573486,120.4700621647181,,,,
active_only_reference,147,0.7038174113601192,COMPLETE,1.1004678436254416,130.61819533066458,,,,
active_only_reference,148,0.7111540948663952,COMPLETE,1.1095829215322672,116.31736784782927,,,,
active_only_reference,149,0.6776182204299319,COMPLETE,1.1185165210631818,101.95830343785161,,,,
active_only_reference,150,0.7083395344756216,COMPLETE,1.0887949217590305,124.82456812074425,,,,
active_only_reference,151,0.7166531188924408,COMPLETE,1.0962148971468801,120.16900453113651,,,,
active_only_reference,152,0.7174528295939009,COMPLETE,1.099528506782685,119.36498143392957,,,,
active_only_reference,153,0.7166474025123826,COMPLETE,1.0971735339804989,121.46456960634966,,,,
active_only_reference,154,0.7099204506228363,COMPLETE,1.0984185681749532,110.50816581202689,,,,
active_only_reference,155,0.6937510230332622,COMPLETE,1.113064417927792,127.10537728251319,,,,
active_only_reference,156,0.7150257385163838,COMPLETE,1.1052105606247076,119.93736983820942,,,,
active_only_reference,157,0.6842371085157284,COMPLETE,1.0851063734044952,107.43882161443669,,,,
active_only_reference,158,0.6999703025348358,COMPLETE,1.0988628296936365,132.60120469931513,,,,
active_only_reference,159,0.7070321985572781,COMPLETE,1.1088901045854545,124.01970160484352,,,,
active_only_reference,160,0.7079768627977989,COMPLETE,1.0913562724111785,113.40239151242622,,,,
active_only_reference,161,0.7165327206700489,COMPLETE,1.0959708645976136,120.26597404354794,,,,
active_only_reference,162,0.717058299144635,COMPLETE,1.0973933101381275,118.51529198236325,,,,
active_only_reference,163,0.7158797492547109,COMPLETE,1.0949160789442864,118.83078106259872,,,,
active_only_reference,164,0.6937521454017936,COMPLETE,1.0820771556111217,128.30597501887598,,,,
active_only_reference,165,0.7162254708357407,COMPLETE,1.0956730975167166,118.30163919249418,,,,
active_only_reference,166,0.7139582437900138,COMPLETE,1.0928507617661058,118.11159614071306,,,,
active_only_reference,167,0.7076296204219679,COMPLETE,1.0876346721315386,122.96404729499693,,,,
active_only_reference,168,0.716916870113038,COMPLETE,1.0969813394954333,118.55789015692288,,,,
active_only_reference,169,0.7135998239867547,COMPLETE,1.096996868367873,125.37428649972514,,,,
active_only_reference,170,0.6778389432226861,COMPLETE,1.0796237467617633,110.85401916737234,,,,
active_only_reference,171,0.7155924167414396,COMPLETE,1.0944670600645523,118.95522488485756,,,,
active_only_reference,172,0.7139815451940867,COMPLETE,1.10659414506842,119.49602376263917,,,,
active_only_reference,173,0.7098684691750012,COMPLETE,1.097376578215057,128.05532906438552,,,,
active_only_reference,174,0.7104955286567849,COMPLETE,1.090536262368087,116.79885533662573,,,,
active_only_reference,175,0.7032482355059377,COMPLETE,1.1123236917420833,122.50161200768655,,,,
active_only_reference,176,0.6995096731587491,COMPLETE,1.0880645152410822,111.42802163440982,,,,
active_only_reference,177,-0.3683313834081603,COMPLETE,1.2259842219253578,132.25882891097575,,,,
active_only_reference,178,0.702765324305088,COMPLETE,1.1034131405544751,106.46492354305072,,,,
active_only_reference,179,0.671895115927934,COMPLETE,1.073625228912974,124.94662746311678,,,,
active_only_reference,180,0.18308427596216426,COMPLETE,1.0961808724300144,236.89325240831306,,,,
active_only_reference,181,0.7151012564653225,COMPLETE,1.101404920949336,113.88707383868639,,,,
active_only_reference,182,0.7146486312567868,COMPLETE,1.1062570733157944,116.9052840193274,,,,
active_only_reference,183,0.7168356525790287,COMPLETE,1.100275336267767,121.2747095658255,,,,
active_only_reference,184,0.7027894651639555,COMPLETE,1.0848390150917215,120.8037945658406,,,,
active_only_reference,185,0.7159094210639427,COMPLETE,1.0948306061263149,120.32429594223137,,,,
active_only_reference,186,0.6873991285841985,COMPLETE,1.1149451976023672,127.93528656661879,,,,
active_only_reference,187,0.709911310471445,COMPLETE,1.1080916685399438,122.61690718195099,,,,
active_only_reference,188,0.7168019002630421,COMPLETE,1.0990126942305904,116.49423214201472,,,,
active_only_reference,189,0.7111412728379563,COMPLETE,1.1016400191199678,110.72697277942216,,,,
active_only_reference,190,0.7070532151217668,COMPLETE,1.089133039336588,115.29838393570009,,,,
active_only_reference,191,0.717123509551465,COMPLETE,1.0985424715677405,120.77061913014202,,,,
active_only_reference,192,0.7041206684133217,COMPLETE,1.1090370658639814,125.72425771505212,,,,
active_only_reference,193,0.7171510859589336,COMPLETE,1.099012206183334,117.32006884785939,,,,
active_only_reference,194,0.7156171994006533,COMPLETE,1.0954543604795057,117.10784471881301,,,,
active_only_reference,195,0.7138616903249906,COMPLETE,1.0992720498254793,112.9749179926681,,,,
active_only_reference,196,0.7113325835725215,COMPLETE,1.0904990110095527,123.2298069389184,,,,
active_only_reference,197,0.7027588064451251,COMPLETE,1.0997888788474197,106.76103709250914,,,,
active_only_reference,198,0.6918891642478942,COMPLETE,1.0810848322482463,117.17497246131666,,,,
active_only_reference,199,0.6932873779503801,COMPLETE,1.1117147315347848,128.57139848708334,,,,
active_only_reference,200,0.7102094518490976,COMPLETE,1.1028912441823058,110.16467771187088,,,,
active_only_reference,201,0.7149789326042155,COMPLETE,1.104832642883724,120.63243690017416,,,,
active_only_reference,202,0.7165100914597211,COMPLETE,1.0983929190968382,122.11404816133452,,,,
active_only_reference,203,0.7123229254549335,COMPLETE,1.0914611133513716,123.27002436720578,,,,
active_only_reference,204,0.7155872432040411,COMPLETE,1.0980059970045746,115.09520359562954,,,,
active_only_reference,205,0.7022535768145488,COMPLETE,1.0854565525406183,126.19023078404632,,,,
active_only_reference,206,0.7146266471544482,COMPLETE,1.093290901539165,118.87997671778317,,,,
active_only_reference,207,0.7059695692828383,COMPLETE,1.0990400764449852,129.95282896029292,,,,
active_only_reference,208,0.7103167735704075,COMPLETE,1.109146092079052,113.2251514616678,,,,
active_only_reference,209,0.6933977841009797,COMPLETE,1.1171372581625767,121.92011191587716,,,,
active_only_reference,210,0.7157238150425016,COMPLETE,1.1044327134999083,116.21554743297125,,,,
active_only_reference,211,0.3382895053475554,COMPLETE,1.1753039065174242,119.82760987831462,,,,
active_only_reference,212,0.7155115373621346,COMPLETE,1.098821293619773,123.49713994642781,,,,
active_only_reference,213,0.7144314913074545,COMPLETE,1.0932674336956505,118.31319712211591,,,,
active_only_reference,214,0.7081721931545548,COMPLETE,1.105038811124322,126.46385121088827,,,,
active_only_reference,215,0.713986183126436,COMPLETE,1.100928081785148,112.83505662210658,,,,
active_only_reference,216,0.7099660401572061,COMPLETE,1.0890116667820742,120.97387175374429,,,,
active_only_reference,217,0.6775196538556294,COMPLETE,1.1103891538941153,134.9148012087354,,,,
active_only_reference,218,0.7155922788555591,COMPLETE,1.0960670240244303,116.39922777723731,,,,
active_only_reference,219,0.708071650922415,COMPLETE,1.106031188486149,109.42307673235372,,,,
active_only_reference,220,0.7035062717444474,COMPLETE,1.0859758475972738,125.7159254821793,,,,
active_only_reference,221,0.7157908046199646,COMPLETE,1.094637719466974,120.27598710432369,,,,
active_only_reference,222,0.716782103336655,COMPLETE,1.096801007534101,120.70803817146862,,,,
active_only_reference,223,0.7169685022955896,COMPLETE,1.100205259842915,116.58257555710125,,,,
active_only_reference,224,0.7164150034292271,COMPLETE,1.099877221858118,115.60579922088816,,,,
active_only_reference,225,0.7141791877654402,COMPLETE,1.0992968072608513,113.23940808494335,,,,
active_only_reference,226,0.7120974947378844,COMPLETE,1.0916057775672654,123.9008955375289,,,,
active_only_reference,227,0.7164312293522546,COMPLETE,1.0968329196218423,117.20021242991035,,,,
active_only_reference,228,0.7158102176095804,COMPLETE,1.1018113071892757,114.7700441513041,,,,
active_only_reference,229,0.6988361627091821,COMPLETE,1.0898803749339268,109.51738209051929,,,,
active_only_reference,230,0.716286829769297,COMPLETE,1.0994745468115674,122.41238127832037,,,,
active_only_reference,231,0.7165767895160213,COMPLETE,1.0982443370618495,121.97857797955467,,,,
active_only_reference,232,0.7163656949476405,COMPLETE,1.0960434803516506,118.07193170869704,,,,
active_only_reference,233,0.6966661669770113,COMPLETE,1.1072870087883229,130.48535160160338,,,,
active_only_reference,234,0.7150647353883599,COMPLETE,1.1016900476557199,123.15048909983385,,,,
active_only_reference,235,0.7115858726941537,COMPLETE,1.0923382816786484,115.44378474933103,,,,
active_only_reference,236,0.7044194584634678,COMPLETE,1.0858229953429275,119.69545970657282,,,,
active_only_reference,237,0.7141355191487397,COMPLETE,1.0972029371990095,124.90597597390422,,,,
active_only_reference,238,0.7097445742501707,COMPLETE,1.1096923177468832,113.25386131128326,,,,
active_only_reference,239,0.7167400004357338,COMPLETE,1.1030469060234658,118.04080020798534,,,,
protective_topcoat,0,-1.6175107958695811,COMPLETE,1.100474,118.791,1.3,50.0,,
protective_topcoat,1,-2.81536630827125,COMPLETE,1.131370849898476,132.58252147247765,1.3,75.0,,
protective_topcoat,2,-4.2189309755355175,COMPLETE,1.1410580402517394,187.92955626198648,1.4125480693823822,167.52927737826639,,
protective_topcoat,3,-2.5497983080028486,COMPLETE,1.1883188802853462,141.3662997009866,1.3206891615552918,158.83207853458876,,
protective_topcoat,4,-3.161717623286453,COMPLETE,1.1291305149168633,66.7513406772988,1.3055850300910397,112.52578418466797,,
protective_topcoat,5,-1.5788819715284785,COMPLETE,1.2197614679825348,173.1681808928555,1.3347450300330341,237.11020104425162,,
protective_topcoat,6,-3.129672886038959,COMPLETE,1.286253557525713,174.34674814915934,1.4699874298745967,243.64700847143854,,
protective_topcoat,7,-3.31650055796755,COMPLETE,1.0540085911489077,181.15610195157495,1.3388671571615844,285.57118507962116,,
protective_topcoat,8,-7.83399281024969,COMPLETE,1.0354753549154274,82.95229291809056,1.4697287147602247,193.13893895280125,,
protective_topcoat,9,-1.8714962861546947,COMPLETE,1.159482566551494,52.35785490085681,1.313189712055917,287.24164305653727,,
protective_topcoat,10,-5.043475648841844,COMPLETE,1.1542194395804415,153.68849898660778,1.4387593943211112,164.76683823457526,,
protective_topcoat,11,-2.437122709051387,COMPLETE,1.253846286732358,123.13116523349157,1.3463725027591553,161.58020917936048,,
protective_topcoat,12,-5.076360895060739,COMPLETE,1.0399869693895591,215.07981123786325,1.3674780510761368,170.33346343884327,,
protective_topcoat,13,-5.120486511222788,COMPLETE,1.250571902191586,193.35621461749253,1.4509733231755515,83.98944038412714,,
protective_topcoat,14,-4.686309607403871,COMPLETE,1.2575075880796915,237.34380943516854,1.4439445200373417,91.3294263890539,,
protective_topcoat,15,-4.527844905916001,COMPLETE,1.238855942905407,108.87260962966195,1.5145127579382223,215.39201294919582,,
protective_topcoat,16,-3.685483578714044,COMPLETE,1.239353431737256,134.0211255515522,1.373748289157243,111.41498082348515,,
protective_topcoat,17,-6.203896735109371,COMPLETE,1.1402358007582218,59.56499683367584,1.5146581711400584,205.84792425659748,,
protective_topcoat,18,-5.315831747421285,COMPLETE,1.1938726571193463,121.1742609274354,1.4326008346829617,140.80244730962966,,
protective_topcoat,19,-6.147741033692422,COMPLETE,1.1085670837368433,83.52852181495044,1.5124183566915534,274.30146852357905,,
protective_topcoat,20,-1.2358629889477224,COMPLETE,1.1942053242557968,182.86109688636787,1.3131530187291207,269.4536620813781,,
protective_topcoat,21,-4.35398380438442,COMPLETE,1.1787475928178013,171.38630417007585,1.3796199752937428,83.9152795066388,,
protective_topcoat,22,-5.267725265364975,COMPLETE,1.1622063652031214,150.7032424027139,1.4545388083344433,163.4731832310624,,
protective_topcoat,23,-6.879206199634391,COMPLETE,1.2784791477384543,127.28664783391717,1.5323357673887874,119.43381988083163,,
protective_topcoat,24,-4.964102365653855,COMPLETE,1.0631711252147835,229.19447270149928,1.4311036878374386,184.50633795394666,,
protective_topcoat,25,-5.352213118379911,COMPLETE,1.1990054718090621,141.89359678940093,1.4124796634117465,106.90000936639419,,
protective_topcoat,26,-6.522651424490789,COMPLETE,1.2300898974048349,73.59109127172601,1.4749136857399632,118.58597663553395,,
protective_topcoat,27,-3.9287247411124993,COMPLETE,1.2202776428166735,152.82412017279626,1.4516602772290965,175.82347411173117,,
protective_topcoat,28,-2.1136693184297006,COMPLETE,1.1375420207844704,183.21525626958461,1.331231712642527,224.5092839402402,,
protective_topcoat,29,-2.80633823916121,COMPLETE,1.2611078320666265,146.00703528113408,1.3559224140795034,78.60129137901026,,
protective_topcoat,30,-4.4970048564410785,COMPLETE,1.2172615047140949,158.5724564693807,1.5398126137434673,256.5865109107798,,
protective_topcoat,31,-9.679421392079824,COMPLETE,1.1210131415718645,248.43647735423679,1.544635273658574,73.73905495000736,,
protective_topcoat,32,-4.481822704642424,COMPLETE,1.2229839270960596,236.00338017263937,1.4766289917158046,151.78861267813073,,
protective_topcoat,33,-6.106311379311025,COMPLETE,1.1698760359169365,128.68605010667147,1.5063723046563438,171.56921264057343,,
protective_topcoat,34,-4.84554136452644,COMPLETE,1.0319702746808985,132.25527631451268,1.3476754207050987,298.8615758738652,,
protective_topcoat,35,-6.5026206815470005,COMPLETE,1.0242676914172975,78.1726169435791,1.460623367687901,289.81339399321234,,
protective_topcoat,36,-9.43832643478888,COMPLETE,1.1313175324337292,134.33085148456587,1.5282496376442476,132.23817367445128,,
protective_topcoat,37,-5.905817787063638,COMPLETE,1.0748203190739338,111.02740552536692,1.4573158267104616,295.08460874011803,,
protective_topcoat,38,-4.364241292268122,COMPLETE,1.0736579448844328,153.46454514844885,1.394833781837052,291.3210110013973,,
protective_topcoat,39,-3.4196402252563263,COMPLETE,1.1165517667709115,240.49358256989112,1.4476403244980827,230.92953130191265,,
protective_topcoat,40,-1.0745703470766421,COMPLETE,1.1864164015994716,195.20803139641475,1.3029004990175048,272.536910010089,,
protective_topcoat,41,-1.6101907487276579,COMPLETE,1.101311991081035,202.5601098767988,1.3002435217067876,268.0753190097714,,
protective_topcoat,42,-1.9384220162801058,COMPLETE,1.102242337860837,196.3168063938865,1.3015065172968043,50.66038013457381,,
protective_topcoat,43,-1.9090861382896729,COMPLETE,1.094019581841321,208.49712978202433,1.3185284990333876,262.13388760758255,,
protective_topcoat,44,-1.5249236446530312,COMPLETE,1.1997203256086684,168.15542005653015,1.3251801086450896,245.9064066045356,,
protective_topcoat,45,-1.5600494455330294,COMPLETE,1.2053602117952116,166.67358485721735,1.3292389198896886,245.09853827601955,,
protective_topcoat,46,-1.587415637875178,COMPLETE,1.2016018283099381,165.9677800804218,1.3301280441525267,245.9420619097079,,
protective_topcoat,47,-1.3840049964701673,COMPLETE,1.181575706116921,179.38794344327832,1.312344238028111,248.47856990461736,,
protective_topcoat,48,-1.1770223116244538,COMPLETE,1.1834687934360524,219.90792732203164,1.314082060609663,250.1566416469039,,
protective_topcoat,49,-1.1695555293323334,COMPLETE,1.152373802023301,219.64840753916212,1.3124916702114202,278.1642091871943,,
protective_topcoat,50,-1.1417500419106719,COMPLETE,1.1829380748621516,217.08817648858198,1.3174483332908364,277.7111119243865,,
protective_topcoat,51,-1.073512528385856,COMPLETE,1.1791963389467055,221.61093119282305,1.31141493817867,277.0633195476017,,
protective_topcoat,52,-1.159142619422926,COMPLETE,1.1530770841163007,216.4234036348692,1.3110766089383339,280.43323391935627,,
protective_topcoat,53,-1.510419840635735,COMPLETE,1.153494070590375,221.40536730776114,1.3423007903897881,281.74934462574566,,
protective_topcoat,54,-1.1931589827819944,COMPLETE,1.1498858746022977,220.19667667459436,1.3136517758323543,277.56100342013406,,
protective_topcoat,55,-1.751007842782426,COMPLETE,1.170884344861041,209.54494711008533,1.3586206195481951,257.80904043402774,,
protective_topcoat,56,-1.251340481710017,COMPLETE,1.177828406581351,196.37824728522637,1.319813340195647,281.4554483464534,,
protective_topcoat,57,-1.122607981071655,COMPLETE,1.1482282882802621,226.36974343672503,1.3064854080962456,266.55436170337856,,
protective_topcoat,58,-1.4166787677891035,COMPLETE,1.1629954344367923,229.14831902971667,1.3382153800453644,268.34284374551,,
protective_topcoat,59,-1.449091029347327,COMPLETE,1.146161059235569,206.2053926415374,1.3072900802881595,232.44396437205398,,
protective_topcoat,60,-1.5048082358373405,COMPLETE,1.2100231561161294,228.70812747097668,1.3516908258218756,262.14090447261464,,
protective_topcoat,61,-1.0456459314591937,COMPLETE,1.1860522496187886,218.05902159764514,1.3083064759609908,273.3411708137343,,
protective_topcoat,62,-1.2108183070217104,COMPLETE,1.1876112714046048,211.5601429428342,1.3229526773747327,276.3676968893755,,
protective_topcoat,63,-1.1886456528355294,COMPLETE,1.1671897074613038,188.8485372581448,1.3071205738515372,284.4090928278812,,
protective_topcoat,64,-1.6814504411973852,COMPLETE,1.14165156522024,201.42686753560483,1.3382710884340554,271.86917170642823,,
protective_topcoat,65,-1.1866995697048632,COMPLETE,1.1545231524386836,214.74384260967165,1.3061533458069028,256.6500877899443,,
protective_topcoat,66,-1.3672797854284657,COMPLETE,1.1217812068117359,249.61624132878345,1.3234851568196602,299.065748906113,,
protective_topcoat,67,-0.9437622762461961,COMPLETE,1.1751135766326823,224.64663630732605,1.3000112184556913,287.65570191426644,,
protective_topcoat,68,-0.9637411235004945,COMPLETE,1.174267155428505,240.74566427493545,1.30143461921631,264.23160252174205,,
protective_topcoat,69,-0.9618635637912987,COMPLETE,1.1737371633262002,235.45125253869455,1.3003154096571001,263.89265652402395,,
protective_topcoat,70,-1.1605337955470585,COMPLETE,1.1740744227238262,240.44552054564627,1.3017318093727206,218.17373519565808,,
protective_topcoat,71,-1.1536964584005882,COMPLETE,1.1919742848206394,233.10632607507554,1.3203925576160012,266.22310587534685,,
protective_topcoat,72,-0.9362541689794224,COMPLETE,1.1870160413567128,225.1112824107478,1.300296122135007,287.7383101840516,,
protective_topcoat,73,-1.3257837773475667,COMPLETE,1.1620838393267428,225.03522305095473,1.331306052494792,288.3821787268583,,
protective_topcoat,74,-0.9706378153131245,COMPLETE,1.1928355204503351,233.5802252436637,1.3000238054424038,253.6915242899989,,
protective_topcoat,75,-0.9813037079515197,COMPLETE,1.210577616335477,242.63637882929822,1.301467498721488,254.46382054698458,,
protective_topcoat,76,-1.0135446138807458,COMPLETE,1.1926651028320094,242.9098376660896,1.30096340939512,237.6882383992096,,
protective_topcoat,77,-1.0441994356011342,COMPLETE,1.2114448904963149,242.94388285117753,1.3014586373189683,230.77771956204614,,
protective_topcoat,78,-1.0056958271343563,COMPLETE,1.210800189311468,244.23383104863905,1.300810427138381,239.94436570962145,,
protective_topcoat,79,-1.4317353575242664,COMPLETE,1.2321964314186957,244.35669245855772,1.3261319411643802,204.09855011741143,,
protective_topcoat,80,-1.3826091215902392,COMPLETE,1.2154392435810122,234.1285253030383,1.3352875970662814,238.53326217696392,,
protective_topcoat,81,-1.055665343414347,COMPLETE,1.2097478781238395,243.7901176160141,1.300398208302314,224.57920697661925,,
protective_topcoat,82,-1.0267221092305157,COMPLETE,1.1960133094500813,238.12961180741138,1.3005774012045617,235.56425096492833,,
protective_topcoat,83,-1.1775272049214802,COMPLETE,1.193542164352737,237.5134816065584,1.3164490785786365,239.71199514187487,,
protective_topcoat,84,-1.0755458272681317,COMPLETE,1.2264126559559438,233.18730135246514,1.3075075473238227,252.26328629224602,,
protective_topcoat,85,-1.0722591710711105,COMPLETE,1.1990597715086824,249.27430133658478,1.3004591882275653,218.98989322509658,,
protective_topcoat,86,-1.2220047745574725,COMPLETE,1.2027024074897028,236.39456053109285,1.3200558853380755,237.2251166202374,,
protective_topcoat,87,-1.3067783877468653,COMPLETE,1.2434731373647139,244.3762818624406,1.3154450076888646,208.16691308456817,,
protective_topcoat,88,-1.2947148368916972,COMPLETE,1.1746007239619498,231.04239772326432,1.327696156696865,254.09662298596103,,
protective_topcoat,89,-1.0403817553636396,COMPLETE,1.1966076984190999,224.41297976716075,1.3076561939956812,262.68465469871035,,
protective_topcoat,90,-1.2976558912721425,COMPLETE,1.2189756402630363,239.31893566896392,1.323809488472384,227.0336093801169,,
protective_topcoat,91,-1.0532701028385105,COMPLETE,1.1915843977352683,224.22752920609486,1.3077006803035662,259.12322518777995,,
protective_topcoat,92,-1.0127501653127258,COMPLETE,1.2080513213089565,229.60740878972797,1.30019430475108,243.42256831582495,,
protective_topcoat,93,-1.146317217838122,COMPLETE,1.2057818627911396,246.1579343780112,1.3152059354021846,239.40248347161116,,
protective_topcoat,94,-1.0377536498177298,COMPLETE,1.1673334931529369,239.0173664768701,1.300768689785421,243.27260860638313,,
protective_topcoat,95,-1.1348346859771707,COMPLETE,1.2337162302147295,230.09752577075753,1.311667020637186,251.41431709113894,,
protective_topcoat,96,-1.115757737754508,COMPLETE,1.225274371134641,235.53575332719035,1.3055728210938657,229.2964805410081,,
protective_topcoat,97,-1.1925756190354853,COMPLETE,1.207611367864161,242.23715525715755,1.3174297318973716,234.4932615344837,,
protective_topcoat,98,-1.340019624352029,COMPLETE,1.2134319239865665,228.4390670420524,1.3320301620669464,243.53740032908647,,
protective_topcoat,99,-1.253765417942665,COMPLETE,1.1893974050877205,246.7323849892259,1.3116056854400693,211.78046071103662,,
protective_topcoat,100,-1.1530522564507817,COMPLETE,1.268731449944736,212.2494926073388,1.3005461330371721,292.93124574140273,,
protective_topcoat,101,-1.091847995797357,COMPLETE,1.1665557133927003,238.2486097713045,1.3051930650758297,242.76953685083333,,
protective_topcoat,102,-1.058912110064314,COMPLETE,1.1585828955871884,232.5880841430887,1.3005857205607823,249.06164329334985,,
protective_topcoat,103,-1.0719481457773572,COMPLETE,1.1752917017440154,238.95935741753487,1.3108117933746386,260.2288016263534,,
protective_topcoat,104,-1.3078112032618439,COMPLETE,1.1828612591858774,249.01502579054824,1.320837342164113,220.74528917699908,,
protective_topcoat,105,-1.0778835382190932,COMPLETE,1.169981170752195,224.49454487963666,1.3049109952491995,254.4093684328582,,
protective_topcoat,106,-1.3516081918270695,COMPLETE,1.1980283313479525,240.61720476711682,1.313887486112684,201.45187324211193,,
protective_topcoat,107,-1.0875353898362805,COMPLETE,1.1863852366468526,234.85908747421732,1.3045351481890664,235.1895248773256,,
protective_topcoat,108,-1.0531786320117975,COMPLETE,1.2020676120123122,230.05012110232016,1.3102995306972043,265.42634505544163,,
protective_topcoat,109,-1.2131262659604736,COMPLETE,1.181337902471424,226.98895506858463,1.3178704537072183,246.47117583169998,,
protective_topcoat,110,-1.2492468294822756,COMPLETE,1.159640143198809,244.71668539413776,1.3264209239865203,285.76615709311926,,
protective_topcoat,111,-1.0654134825971884,COMPLETE,1.1790917260798686,223.45177076373946,1.3083990188444872,263.8311469705931,,
protective_topcoat,112,-0.9369806073813658,COMPLETE,1.1886090981553197,237.22706826204973,1.3001928531754587,269.9161906164817,,
protective_topcoat,113,-0.9375095811792189,COMPLETE,1.1930218503215684,240.80862483567728,1.3003347188906422,269.6372716557142,,
protective_topcoat,114,-1.55246235767742,COMPLETE,1.193709198425683,94.93968702930356,1.3050420637550624,271.75104380539256,,
protective_topcoat,115,-1.131250601506073,COMPLETE,1.2190685275745905,232.94681247044537,1.3157618240766011,296.2580535754956,,
protective_topcoat,116,-1.050095909975246,COMPLETE,1.2031328883272747,242.9401264542542,1.3107076355139224,284.06962136927694,,
protective_topcoat,117,-1.322890621799644,COMPLETE,1.2963639938501,237.18502285141133,1.3002969898763443,269.75170188451176,,
protective_topcoat,118,-1.1611138314357006,COMPLETE,1.187972411904867,246.88517085361497,1.3205228868877443,256.9916387496917,,
protective_topcoat,119,-1.0193382451715083,COMPLETE,1.1975032736284406,214.628490107746,1.3076006388038388,290.3253627637978,,
protective_topcoat,120,-3.514504861020473,COMPLETE,1.2136036292821528,204.22953443978588,1.4944067704938386,287.2835849391119,,
protective_topcoat,121,-0.986645088268423,COMPLETE,1.194422662712112,216.2238818543917,1.304518842254603,289.0357402666207,,
protective_topcoat,122,-1.018680703507413,COMPLETE,1.174440225936545,218.05874076194917,1.3060918905742878,294.19942515095886,,
protective_topcoat,123,-1.1086146100356742,COMPLETE,1.1737600363764684,218.45273155955272,1.3134635614113204,280.8892018897421,,
protective_topcoat,124,-0.9978994860786017,COMPLETE,1.1900018353424076,227.32270042689802,1.3063291535895687,294.68215717300586,,
protective_topcoat,125,-1.1867340417132333,COMPLETE,1.2070555063296136,228.19835617582703,1.323963372072336,275.6019446558172,,
protective_topcoat,126,-0.9801742435504579,COMPLETE,1.1905461684893495,232.15499316687252,1.3041963677001471,271.0293882904059,,
protective_topcoat,127,-1.1238779693878098,COMPLETE,1.1860075513846149,221.64451753059535,1.316373326934003,272.4747185278125,,
protective_topcoat,128,-1.079079741951261,COMPLETE,1.1808782183927247,212.45969416913897,1.3106181156014127,281.15611906518643,,
protective_topcoat,129,-1.0225206978340506,COMPLETE,1.2214394927098715,232.98456832503638,1.304833954944824,290.29999103232166,,
protective_topcoat,130,-1.1434411493731589,COMPLETE,1.1889848489501151,225.67399915286916,1.3194448300993757,299.7573306552226,,
protective_topcoat,131,-0.9687830737495351,COMPLETE,1.1937249065935036,241.6274341033914,1.3032178577186173,266.8893246821799,,
protective_topcoat,132,-0.9924897191834314,COMPLETE,1.2040377638388449,231.25820071148073,1.304336721110694,266.4103777754798,,
protective_topcoat,133,-1.0421756271882687,COMPLETE,1.2003885120905466,235.03600230964219,1.3095766769482673,264.34205812069484,,
protective_topcoat,134,-0.9813191289492984,COMPLETE,1.1901493420441567,249.44866057837837,1.304678906112471,267.3541847254475,,
protective_topcoat,135,-1.0759390194030938,COMPLETE,1.1935775570852194,248.62397915333293,1.3137750542746953,268.5726437567118,,
protective_topcoat,136,-0.9854699505597697,COMPLETE,1.1784087425696446,240.79851761031367,1.3052338749091006,276.24873231519484,,
protective_topcoat,137,-1.0092678584022297,COMPLETE,1.165192171281526,240.32902252841134,1.305924828077032,277.5859011636841,,
protective_topcoat,138,-1.1059883881838428,COMPLETE,1.1822417685812314,249.99830345052234,1.3155782363192055,259.3220774135814,,
protective_topcoat,139,-1.1901431537767682,COMPLETE,1.177389947008286,236.15894425486775,1.323439314946626,272.49034239092356,,
protective_topcoat,140,-1.0827782771236194,COMPLETE,1.169667991075672,231.72287160481275,1.3108842910810936,266.66189808518016,,
protective_topcoat,141,-0.9783421320822883,COMPLETE,1.1903771963512149,240.8328563588683,1.304851986333555,283.2735253100433,,
protective_topcoat,142,-0.9332491947945942,COMPLETE,1.19616544216171,240.44600959917963,1.3000445736585207,283.35046445954134,,
protective_topcoat,143,-0.974791931986907,COMPLETE,1.1833609018939577,241.4178337648185,1.3045504320716326,284.0596971634702,,
protective_topcoat,144,-0.9287724116439078,COMPLETE,1.1856107792991086,243.4319452867923,1.300007281938919,285.42625289354976,,
protective_topcoat,145,-0.9325863297358961,COMPLETE,1.183758349158441,244.2795706529423,1.3004003277897804,284.7623730692018,,
protective_topcoat,146,-1.0321459643436892,COMPLETE,1.18528861219769,243.20261946303933,1.3099957946350962,283.95168826140844,,
protective_topcoat,147,-1.1088647937862683,COMPLETE,1.174736539562322,236.93446630242124,1.3163221714229774,280.99729248358784,,
protective_topcoat,148,-1.0452352091502748,COMPLETE,1.1842383287087124,244.80920630531395,1.31108157246561,286.1449224390677,,
protective_topcoat,149,-0.9351437969992493,COMPLETE,1.1973021791482314,241.65985249208543,1.3000939738992199,274.0598236641875,,
protective_topcoat,150,-0.9388976312816988,COMPLETE,1.1992741644118545,239.11604788672315,1.3003422551928319,274.8425662437952,,
protective_topcoat,151,-0.9429088614403058,COMPLETE,1.198385825469933,239.84856811073539,1.3008564764675379,275.87852872724983,,
protective_topcoat,152,-1.03003409291188,COMPLETE,1.1977928246801113,240.06190010139284,1.3095841953156129,278.7248006469648,,
protective_topcoat,153,-0.9468836657352542,COMPLETE,1.1980345543153785,246.23132725685483,1.3008374271409093,284.32767145023075,,
protective_topcoat,154,-0.9512450957520957,COMPLETE,1.2013354409981094,246.31851780724347,1.3011511055342984,275.7125499335658,,
protective_topcoat,155,-0.9400318920567918,COMPLETE,1.1975364137819728,247.35839799511118,1.300375285884128,277.63738735389836,,
protective_topcoat,156,-0.9416071049773267,COMPLETE,1.20039648377656,246.64120532915587,1.300275447777892,275.33391506965535,,
protective_topcoat,157,-0.9434963838484967,COMPLETE,1.203438298871442,246.64144953729792,1.3000615383150511,275.04326901189586,,
protective_topcoat,158,-1.0823009603475375,COMPLETE,1.2038126676460659,247.0017551452557,1.3127562214164283,291.4650094224772,,
protective_topcoat,159,-0.9390483428335816,COMPLETE,1.1990767042510506,246.5690014566323,1.3001743747603716,274.22891521594875,,
protective_topcoat,160,-0.9658182654343817,COMPLETE,1.2147849607627583,247.2371907657591,1.3001920544648726,274.75784381425626,,
protective_topcoat,161,-0.9492179843321069,COMPLETE,1.2007840678811437,245.4730052824302,1.3010497307438602,277.0127567329997,,
protective_topcoat,162,-0.9426308722168542,COMPLETE,1.2000171189696864,246.42175924794128,1.3004162896466096,277.2978632682524,,
protective_topcoat,163,-0.9581851648518769,COMPLETE,1.2077766946956086,249.3523297823309,1.3000062038442441,285.88455628019517,,
protective_topcoat,164,-1.0283754342773954,COMPLETE,1.1992015308367745,244.48562423382745,1.3090871685313759,279.9193980768548,,
protective_topcoat,165,-1.0409481816184507,COMPLETE,1.2047855031896306,237.10981310460423,1.309663016845615,289.51063751333135,,
protective_topcoat,166,-2.0058551192942975,COMPLETE,1.2119725000426473,249.88256565906164,1.3922140435319559,273.6652037617112,,
protective_topcoat,167,-1.104612373250613,COMPLETE,1.1978837552005426,244.70237871066973,1.3155694209262714,293.55750504062314,,
protective_topcoat,168,-0.9718226474408342,COMPLETE,1.2170587188498834,245.12495303335024,1.300254105864194,279.5892995098433,,
protective_topcoat,169,-1.0082068844525116,COMPLETE,1.1968123947949707,237.6979399535221,1.3073626534198466,287.4908662795682,,
protective_topcoat,170,-1.5779702130823359,COMPLETE,1.2057430816049688,52.963963688421074,1.300023313718872,271.59245479122256,,
protective_topcoat,171,-1.0137626135918287,COMPLETE,1.2009062282657872,245.8756031736964,1.3074844885927874,275.10999497170076,,
protective_topcoat,172,-0.9886868169312502,COMPLETE,1.2007989309887455,245.4103460930754,1.3050097912133773,277.39444522804627,,
protective_topcoat,173,-1.0450533593787448,COMPLETE,1.194957278959874,240.07917992112627,1.3111742334583922,281.43027183483906,,
protective_topcoat,174,-1.002302054001658,COMPLETE,1.2085727156316817,236.219927090656,1.3057338254632398,275.16003303841376,,
protective_topcoat,175,-0.9388978401252857,COMPLETE,1.1855478117044242,246.51096931429032,1.3001921664023437,295.62614168966957,,
protective_topcoat,176,-0.947102431153446,COMPLETE,1.1890156450972547,249.7867842397202,1.3001302756956636,299.70267102869445,,
protective_topcoat,177,-1.139604528470206,COMPLETE,1.1886682545867717,241.65786564773424,1.3188236510404825,299.749808630763,,
protective_topcoat,178,-1.0729430064387646,COMPLETE,1.1858129435879083,248.84017648000352,1.3128348038476085,294.5419841735509,,
protective_topcoat,179,-0.9381427290545252,COMPLETE,1.1818682099653866,249.49417800427182,1.300002603514753,296.0281596167959,,
protective_topcoat,180,-1.0176694187185698,COMPLETE,1.180413901124602,238.3245325069874,1.308321242979676,290.5824654858604,,
protective_topcoat,181,-0.990562746660939,COMPLETE,1.1917193668529757,242.69974435868608,1.3052475251983238,294.2405181442437,,
protective_topcoat,182,-0.9504431888343934,COMPLETE,1.1856976937776633,248.98247412875622,1.3007376285870207,299.6689000846562,,
protective_topcoat,183,-0.9409231826841835,COMPLETE,1.1948517386697088,249.88592900197267,1.300171179614525,286.2912058876335,,
protective_topcoat,184,-1.0118530025138073,COMPLETE,1.1952526856112557,242.32823325656204,1.307672440906339,286.2148299820603,,
protective_topcoat,185,-1.0591291434474126,COMPLETE,1.1808451221695815,235.05149076269606,1.312298985745179,285.59579110933277,,
protective_topcoat,186,-0.9911942659181272,COMPLETE,1.196038130329157,249.9101575629843,1.3052992385299924,281.3725524004962,,
protective_topcoat,187,-0.951553259243576,COMPLETE,1.2057847862315703,238.69305901605713,1.3004896769835028,288.92984209050115,,
protective_topcoat,188,-1.023531465764771,COMPLETE,1.1864310053693456,244.90965212056722,1.3089411452837147,269.8385533249573,,
protective_topcoat,189,-0.9310588165665656,COMPLETE,1.1782765253961183,242.38900694074982,1.3002023152408266,283.4031214530923,,
protective_topcoat,190,-1.1108129289675195,COMPLETE,1.1765779335468627,234.04807937562714,1.3164092496306148,292.3037174355402,,
protective_topcoat,191,-0.9921496928131823,COMPLETE,1.1700037079025485,242.6044853228735,1.3053265230656144,281.9208433154969,,
protective_topcoat,192,-0.9345115453409658,COMPLETE,1.1926570495467899,245.8820720688826,1.3001138055009813,285.1790167602948,,
protective_topcoat,193,-0.9854096831821368,COMPLETE,1.1901176661500918,240.16683791317,1.3053360645836505,289.1425075443703,,
protective_topcoat,194,-1.0328663280467443,COMPLETE,1.1803841643907622,244.9884071144619,1.3096941950843572,271.2565878895728,,
protective_topcoat,195,-0.9338014395255501,COMPLETE,1.1833220693833162,238.6484499023504,1.3005417783605815,279.93979854304445,,
protective_topcoat,196,-0.9758309601803683,COMPLETE,1.192315520759431,239.71431143947976,1.3045762803099548,278.4830650893401,,
protective_topcoat,197,-1.0763971886543988,COMPLETE,1.1853916423541189,249.94279382424412,1.3132564680526524,261.52163588540276,,
protective_topcoat,198,-0.9319292086257591,COMPLETE,1.194266749378614,236.31085350160885,1.3001541347705914,281.9027279017563,,
protective_topcoat,199,-1.0187630857479535,COMPLETE,1.1937020654776453,235.2532998845362,1.3087360485729667,283.4562724991866,,
protective_topcoat,200,-0.932434684582617,COMPLETE,1.1804615902569306,238.31033133371272,1.3000061963796705,294.7057221321546,,
protective_topcoat,201,-0.978924987546681,COMPLETE,1.1827268514319695,231.45177008050584,1.3044665448526025,294.80940403982476,,
protective_topcoat,202,-0.9330646180128244,COMPLETE,1.1801825177099055,238.40154174941725,1.3000465496082354,294.89798450225106,,
protective_topcoat,203,-0.985181261672452,COMPLETE,1.1789253338165298,236.36930033958296,1.3048534094041642,296.38430932718677,,
protective_topcoat,204,-0.9382367731609831,COMPLETE,1.1724926776619715,242.0041555817007,1.3003873057747306,290.1167601439382,,
protective_topcoat,205,-1.0348808597977266,COMPLETE,1.1690822422507732,241.5609228717247,1.3089530773589237,291.38024448790384,,
protective_topcoat,206,-1.0249492065626753,COMPLETE,1.1614573276775328,230.1545605878372,1.3058796669651596,295.9488818090306,,
protective_topcoat,207,-0.933765797793118,COMPLETE,1.1763016153661043,236.87671520864316,1.3002176878128207,286.86463961027926,,
protective_topcoat,208,-1.0698322094187307,COMPLETE,1.1719382424646938,233.77822142669626,1.3122734428178857,287.6037033236416,,
protective_topcoat,209,-0.9343701371769098,COMPLETE,1.1766883646862736,237.65745180951558,1.3002235048833068,291.096244737967,,
protective_topcoat,210,-1.0180884580239802,COMPLETE,1.167183859759684,228.87577074007626,1.3063008374002572,293.49764953472237,,
protective_topcoat,211,-0.932778087165842,COMPLETE,1.176315965500716,237.386660598397,1.3001425851553234,286.76628156913154,,
protective_topcoat,212,-0.9854650795782183,COMPLETE,1.1756927419916579,237.27158264884594,1.3050098170158508,290.3499759973987,,
protective_topcoat,213,-0.9308314655656069,COMPLETE,1.17963142803628,238.05100997806593,1.3001620828554794,282.8911626363054,,
protective_topcoat,214,-1.0308619173829636,COMPLETE,1.1770649484685507,233.7663827212279,1.3092587309730543,282.7763167595864,,
protective_topcoat,215,-0.9392544483791454,COMPLETE,1.172857883235674,238.95574410154697,1.3001491196748174,296.55492686593936,,
protective_topcoat,216,-0.981748012818251,COMPLETE,1.1843485256304853,236.67688060219808,1.3051478898943878,288.05778420816074,,
protective_topcoat,217,-1.0997613237825554,COMPLETE,1.1654754158852791,231.50589384592735,1.3132203322515867,299.9274550353391,,
protective_topcoat,218,-0.9913246325169656,COMPLETE,1.178848734079464,242.06490470294662,1.3059852098837137,283.08055777844976,,
protective_topcoat,219,-0.957618275283667,COMPLETE,1.158504421404738,237.58912461990658,1.3000350782736614,289.54629756395383,,
protective_topcoat,220,-1.0424373771019901,COMPLETE,1.1820809570170734,227.3045301017189,1.3102430855207845,294.425527121907,,
protective_topcoat,221,-0.9402519161106793,COMPLETE,1.173322110933825,239.19269297233794,1.3003873185716466,294.8773726706516,,
protective_topcoat,222,-0.9851400591490811,COMPLETE,1.1710419376647652,241.51437144412907,1.3047626328977002,285.5439515477757,,
protective_topcoat,223,-0.935221870672942,COMPLETE,1.1777875869932757,235.19826472290683,1.3003218653620485,290.8976417136917,,
protective_topcoat,224,-0.9798303064948777,COMPLETE,1.1861248681400962,233.81002097468823,1.3049570520100982,281.59394861591153,,
protective_topcoat,225,-2.3814008687014887,COMPLETE,1.1796722486090163,230.85229557032355,1.4153744580980288,290.36750858496157,,
protective_topcoat,226,-0.9775405182926189,COMPLETE,1.1877541145066364,242.93710258747092,1.304709356234453,285.7345237663122,,
protective_topcoat,227,-1.0312806218613413,COMPLETE,1.1779645947769755,234.7601388144136,1.309349555756265,291.38269150084517,,
protective_topcoat,228,-0.9968286038037899,COMPLETE,1.1650783710108472,238.16304876747364,1.304793898079528,281.96889184990266,,
protective_topcoat,229,-0.9304693427655497,COMPLETE,1.1814811415314705,242.9363465636142,1.3001696973066679,286.4583095691501,,
protective_topcoat,230,-1.0724784135857424,COMPLETE,1.182517628852052,241.50240892976103,1.3133758545627912,291.66537005695164,,
protective_topcoat,231,-0.9303455698249308,COMPLETE,1.1867012743079774,242.85715912550302,1.3001298767128695,286.1064522975587,,
protective_topcoat,232,-0.9364893286853082,COMPLETE,1.1747295565278004,236.97944114930374,1.300360237700518,286.93388810578597,,
protective_topcoat,233,-0.9362189014298306,COMPLETE,1.1736559432566545,235.52360180225168,1.3001300086821326,284.0248994213245,,
protective_topcoat,234,-0.9940166165308351,COMPLETE,1.1712854263372137,234.21530314065654,1.305252502675393,286.57750046014314,,
protective_topcoat,235,-1.0434040889113483,COMPLETE,1.1758114839292901,228.4815847826862,1.309708280618797,281.66583803930587,,
protective_topcoat,236,-0.9793103059633768,COMPLETE,1.177423854694757,236.88019689199038,1.30463012538507,287.1771026027614,,
protective_topcoat,237,-1.0447144777698925,COMPLETE,1.1656527283075098,231.90498365969574,1.3085258507123971,280.8621859231105,,
protective_topcoat,238,-0.9343408962520616,COMPLETE,1.1815446950908102,242.0887413970258,1.3004374098436824,289.58571969166434,,
protective_topcoat,239,-0.9308728824131474,COMPLETE,1.1821877471705637,236.4900982970723,1.3002276318923927,285.84902227306054,,
release_primer,0,0.6986552611191854,COMPLETE,1.100474,118.791,,,1.28,20.0
release_primer,1,0.5616268822842274,COMPLETE,1.131370849898476,132.58252147247765,,,1.28,25.0
release_primer,2,-2.9673354996641477,COMPLETE,1.2641857319886294,52.73212578027162,,,1.4036506453753559,77.41406833461951
release_primer,3,-0.5875236772391212,COMPLETE,1.0679803143994462,119.75978889926841,,,1.3640007061199144,54.71138764289869
release_primer,4,-1.553091968528153,COMPLETE,1.1660234829680827,230.88203261667874,,,1.3650349729497457,117.333074560118
release_primer,5,-0.9299752783869963,COMPLETE,1.1715121206859742,221.95731394655272,,,1.431985593794955,38.72189542735215
release_primer,6,-0.311957712094435,COMPLETE,1.1711884832601664,114.32560148073428,,,1.3876212631494371,43.77857358309126
release_primer,7,-5.185076831098767,COMPLETE,1.0374221551290497,116.06584286057684,,,1.4784111474398218,101.09031109589898
release_primer,8,-3.4013790137615962,COMPLETE,1.273723386512808,192.37967330592537,,,1.4972617416145133,83.50386167936443
release_primer,9,-2.974649027774101,COMPLETE,1.2624827154785085,193.01041321043562,,,1.4672811045901824,108.1686975571695
release_primer,10,-0.14879729050754076,COMPLETE,1.1000210623992464,90.63973214476718,,,1.3191956799559814,53.980892120518206
release_primer,11,-1.4022614289183055,COMPLETE,1.2999953242414581,244.91171193031363,,,1.244514252853136,91.70903941894026
release_primer,12,-0.44691935845087016,COMPLETE,1.0908051707430535,76.10989376455892,,,1.2628221393015044,143.10932859460772
release_primer,13,0.31485524690020306,COMPLETE,1.0867236277772603,147.7036964776799,,,1.274733736810889,56.74000161567751
release_primer,14,-1.0034585623859282,COMPLETE,1.0723421129996877,183.6057317087732,,,1.416923556812761,48.03727020700895
release_primer,15,-1.427676800972788,COMPLETE,1.1614836517983533,65.47336770249376,,,1.3569375573057099,71.2357619198745
release_primer,16,-0.8385083321992615,COMPLETE,1.258460652898583,81.13440006856891,,,1.2436454936584964,46.015526215244975
release_primer,17,-0.4603830302497336,COMPLETE,1.1829074392656205,106.10285133182768,,,1.290155667266183,125.33726804437995
release_primer,18,-2.5286716563578615,COMPLETE,1.0399964552424723,157.78167198819756,,,1.3781767492112906,134.89343159670003
release_primer,19,-0.4196362646400775,COMPLETE,1.1586237566080204,167.26391612261716,,,1.2892537503242472,127.85102574515079
release_primer,20,-3.882037082451073,COMPLETE,1.2679339254042665,75.38505041724417,,,1.499455538068482,81.31173366357999
release_primer,21,-4.105894049381464,COMPLETE,1.2855157156441162,50.298335457459366,,,1.4904094106825252,149.53255416150466
release_primer,22,-2.7859120897934964,COMPLETE,1.299345092304466,204.79358241054214,,,1.447757244455457,109.60861064569207
release_primer,23,-1.5827681611638944,COMPLETE,1.2919739431366613,200.2933258797623,,,1.2548547354156616,75.9392324232948
release_primer,24,-1.1061992344563953,COMPLETE,1.0760065450783283,222.85216974484044,,,1.316747851867488,113.1290168315626
release_primer,25,-1.8089108385380692,COMPLETE,1.081226503343578,67.9069681943436,,,1.4622997833559952,41.521936971925115
release_primer,26,-2.9826143574051667,COMPLETE,1.1186868470124107,62.98488708817116,,,1.4057196891179606,98.23880704448582
release_primer,27,-4.865331856556088,COMPLETE,1.0781444265663378,87.42771067804891,,,1.485805977773345,102.09729812962993
release_primer,28,-0.26747030973289787,COMPLETE,1.2068575863199666,121.39059798913712,,,1.2511718824318074,47.402134948116284
release_primer,29,0.1986567222852953,COMPLETE,1.1653212004041273,104.84442471942438,,,1.2378583144895432,55.80035704603033
release_primer,30,0.1558617451318023,COMPLETE,1.1296814382438056,66.86103916088932,,,1.275709735480717,37.655220018288375
release_primer,31,-3.7337680069473134,COMPLETE,1.0632237870806869,205.42413653203147,,,1.4435235322557856,92.64893614280578
release_primer,32,-3.914780703864573,COMPLETE,1.1211352567876178,171.4155094815078,,,1.4976719848340223,123.3749219616098
release_primer,33,-1.2182204446049671,COMPLETE,1.0434319142526223,223.16465427636706,,,1.304452057907394,130.48048942401857
release_primer,34,-3.04014992325341,COMPLETE,1.140248575299004,231.07449256376384,,,1.4427330672149208,122.65034066319225
release_primer,35,-3.732529777292015,COMPLETE,1.0351160837192532,157.54987039206793,,,1.4968376949377498,59.238246874494685
release_primer,36,-0.8694728965952803,COMPLETE,1.2426607449170586,145.91436451989406,,,1.4410805388809076,32.37374293523867
release_primer,37,-2.243758536365681,COMPLETE,1.060313724154496,218.7999200302306,,,1.3688198824383906,131.28636523180796
release_primer,38,0.2462251014700767,COMPLETE,1.097626899855087,163.39767737758575,,,1.2939142673811086,49.367025739739844
release_primer,39,-0.19607814199471552,COMPLETE,1.0953578675114528,211.5732988017081,,,1.2727484962140942,83.46165895491082
release_primer,40,0.6638670178521933,COMPLETE,1.108773235190051,136.6100319014702,,,1.215441414166668,20.42390963170535
release_primer,41,0.6166225781780499,COMPLETE,1.103761712716527,132.87341591451536,,,1.3452415778697155,21.71561366524172
release_primer,42,0.6665745410544544,COMPLETE,1.1106091858914826,132.75933503511186,,,1.2053666330319053,21.367327608286097
release_primer,43,0.6750081835609878,COMPLETE,1.111883743957387,130.92957964190163,,,1.2244972495893467,21.08364902510648
release_primer,44,0.6735143207107441,COMPLETE,1.1112850167156583,130.4026324934252,,,1.2057787776900812,21.139614871119292
release_primer,45,0.4323677857497543,COMPLETE,1.1466116816295335,130.87839233312056,,,1.2013894473278715,27.941514009764912
release_primer,46,0.5963891391923548,COMPLETE,1.1168929686712994,138.31218237146913,,,1.2039211111255852,27.819439641021376
release_primer,47,0.6891496210858383,COMPLETE,1.1090495121198962,100.32786561016357,,,1.2229224796213094,20.009073984445333
release_primer,48,0.5446445043254089,COMPLETE,1.1371852246753762,100.954982953954,,,1.2265665026044417,33.475510208391455
release_primer,49,0.3794005889828034,COMPLETE,1.0220024594877073,121.6464485252384,,,1.2255677644700467,25.08473575849448
release_primer,50,0.18343703662093702,COMPLETE,1.184310955206117,97.2928102561579,,,1.2179770650677038,32.48207121609468
release_primer,51,0.7205405321949909,COMPLETE,1.103610803883119,112.58009172795411,,,1.2126718894283834,21.629633726337815
release_primer,52,0.6354767046943932,COMPLETE,1.1262406372353113,112.82173720278549,,,1.2344417476417577,24.966718316454177
release_primer,53,0.686340034740951,COMPLETE,1.1105893556414574,128.2144556465827,,,1.2111962057963646,20.32579910676943
release_primer,54,0.4031264308091309,COMPLETE,1.1540058844552308,114.30937754911531,,,1.2168484025207802,37.44146134238848
release_primer,55,0.5647952957920976,COMPLETE,1.054724889717331,124.71127311929625,,,1.2601989502530098,29.79635924204813
release_primer,56,0.6212072307250516,COMPLETE,1.0893099459341535,145.70260514720133,,,1.2315880114804332,35.69880894164986
release_primer,57,0.6059808000976386,COMPLETE,1.1087999179568817,92.11585909727604,,,1.247596216417289,25.596568974528772
release_primer,58,0.5334719111445452,COMPLETE,1.1344264291623762,110.6324597880413,,,1.2110461096919145,42.26931163363991
release_primer,59,0.6990617656557729,COMPLETE,1.0848324466171317,126.6983027626353,,,1.2233846406164264,30.42584348906533
release_primer,60,0.6538531852291474,COMPLETE,1.0852755778971155,124.3101303509748,,,1.2657993115376418,29.67339466032234
release_primer,61,0.6841987029240215,COMPLETE,1.0967273242170563,139.91724788793874,,,1.2259448742092167,20.282775760460677
release_primer,62,0.6237149773004269,COMPLETE,1.0980531054119453,150.74130016100898,,,1.2236116059782154,24.329881966841423
release_primer,63,0.6504494846391706,COMPLETE,1.0708427640546052,108.67129088937813,,,1.2318140895319594,31.068946830831536
release_primer,64,0.6343408911009263,COMPLETE,1.0873011232133303,116.98849299122466,,,1.239662158910853,39.99794510325223
release_primer,65,0.5964367610916232,COMPLETE,1.124356449626744,139.66391215770295,,,1.2509912758258106,20.38665420383104
release_primer,66,0.6920630402850181,COMPLETE,1.1006872344012124,101.96698322321605,,,1.2205064938365555,26.443927829404263
release_primer,67,-0.08947993046565239,COMPLETE,1.0531041086171482,79.84862981975559,,,1.3383435645107669,35.3048127993987
release_primer,68,0.5994319261957592,COMPLETE,1.078384105813805,92.94986366714701,,,1.2428816536930063,27.453174942712497
release_primer,69,0.6453469471725093,COMPLETE,1.0933653658993765,101.18547394759857,,,1.2132910223093005,45.457859751274064
release_primer,70,0.22885030410921825,COMPLETE,1.1026196595029452,87.102417312025,,,1.2586191067905146,63.352339210363525
release_primer,71,0.6638104224401697,COMPLETE,1.1154425553739837,127.0346691354691,,,1.2283577576148403,24.412293998842948
release_primer,72,0.6745638286808076,COMPLETE,1.067458568410037,119.26036794721671,,,1.2207074946365155,30.080829335528804
release_primer,73,0.5505781029548906,COMPLETE,1.1450430830089466,106.71838898385417,,,1.200069898917476,23.925211604331306
release_primer,74,0.569842337863169,COMPLETE,1.1286656832224127,141.84555542065084,,,1.2842758385062707,20.085013750004407
release_primer,75,0.5234314248677707,COMPLETE,1.106098968369679,154.16581165361805,,,1.2382473756882268,38.746065546762814
release_primer,76,0.632705805098821,COMPLETE,1.1202602953865735,97.37183458294741,,,1.2107018123014965,33.630087932677206
release_primer,77,0.489556805316016,COMPLETE,1.0825681274905932,176.16144636216978,,,1.269308068004255,28.069123301213732
release_primer,78,0.7088673234404208,COMPLETE,1.0944571375428838,127.20994668361115,,,1.2455851027255678,23.276197837411033
release_primer,79,0.6483066543048199,COMPLETE,1.093184258669857,116.63055222336783,,,1.2476150757360331,35.07304103623049
release_primer,80,0.3313950574665325,COMPLETE,1.1003226988068684,104.11902067981039,,,1.2985727519622718,43.25047299041458
release_primer,81,0.7078808771359135,COMPLETE,1.0761714862966274,126.37250118914824,,,1.2217026895882006,23.325732126563565
release_primer,82,0.6923891465436594,COMPLETE,1.0692148406078148,126.11682767816934,,,1.2106975706882848,26.45238402882251
release_primer,83,0.6985850414563233,COMPLETE,1.0734320675486408,127.03070092663731,,,1.214505907787727,27.183279988742502
release_primer,84,0.5683004543021175,COMPLETE,1.0742037797033799,121.1880311511546,,,1.2349458437557523,50.70986798184806
release_primer,85,0.4904792784201417,COMPLETE,1.0497511800390535,113.31994102925461,,,1.2795246254849488,27.53915094341073
release_primer,86,0.6541800369164186,COMPLETE,1.0633099481609043,133.4820233718733,,,1.2194579550784834,30.75887941977807
release_primer,87,0.6515917560164564,COMPLETE,1.0706219113936377,110.09015290743343,,,1.253122067082356,23.6743103271498
release_primer,88,0.692373858306472,COMPLETE,1.0783938189478282,124.59162941251321,,,1.2049399153543232,37.94089414437295
release_primer,89,0.6524125074527154,COMPLETE,1.061417816512061,125.11553416661226,,,1.2107257407273204,36.54670973111814
release_primer,90,0.6580740008548913,COMPLETE,1.0814279941243783,143.20387642875278,,,1.2072392527658045,32.72444645899936
release_primer,91,0.7221176116276151,COMPLETE,1.0887801054001964,120.71580203291566,,,1.2172981041181168,25.14266167251701
release_primer,92,0.688633028810548,COMPLETE,1.089169735501089,136.68906960191828,,,1.2012117167737801,26.30043334495678
release_primer,93,0.698113368857145,COMPLETE,1.0746637784220543,119.8013163341791,,,1.2164494933708716,29.736120194368958
release_primer,94,0.1655326128398915,COMPLETE,1.0474805359444879,122.22985292032988,,,1.3137035568960196,39.856912500960505
release_primer,95,0.43962996661282006,COMPLETE,1.0311381692343633,118.0963285989343,,,1.2325686186013842,31.4476361394905
release_primer,96,0.7111373252367326,COMPLETE,1.0781923941502947,128.34897753526144,,,1.2152490078300697,22.95603855428915
release_primer,97,0.6432766418722036,COMPLETE,1.057406689200563,134.70738658263423,,,1.214798739737152,23.425362079759864
release_primer,98,0.6570898045687779,COMPLETE,1.0668428916206258,127.54411003706132,,,1.2391921012541336,28.70904920385434
release_primer,99,0.683283639868626,COMPLETE,1.0741724231166532,114.63092321893643,,,1.2456464997854622,23.027351616678732
release_primer,100,0.6759851606116696,COMPLETE,1.086342364358558,129.59105676133876,,,1.2307509719738243,33.89140957263096
release_primer,101,0.6452516437525091,COMPLETE,1.0782315310785737,149.64230616485142,,,1.2079022450059917,26.502060656895015
release_primer,102,0.6546786876855171,COMPLETE,1.065313541165522,123.20912758733137,,,1.2155181491891005,38.07764672899543
release_primer,103,0.7151728043733652,COMPLETE,1.082929879102208,111.13645047598641,,,1.204886034134362,29.700456372306014
release_primer,104,0.7015972955963123,COMPLETE,1.0921058211789207,109.60981602711212,,,1.2215215337261136,29.91479565909856
release_primer,105,0.6913395224626973,COMPLETE,1.082796556284229,108.09498847294392,,,1.2210644450750678,30.72465394784882
release_primer,106,0.721426323800145,COMPLETE,1.0963339449235419,117.49019559668554,,,1.224929171335729,23.444779290480874
release_primer,107,0.6684470861475056,COMPLETE,1.0919484659996803,95.80662077702506,,,1.2293434178253095,22.60771376152367
release_primer,108,0.6858121198953349,COMPLETE,1.1052971723470795,112.21676340527678,,,1.2583768951940901,22.99700266026661
release_primer,109,0.6563060955165234,COMPLETE,1.09485203013676,108.12077599475553,,,1.2412802777009075,33.04307224292481
release_primer,110,0.6098159966104744,COMPLETE,1.115499287681163,117.02414590220744,,,1.224820592243855,41.44066056060168
release_primer,111,0.713802721219059,COMPLETE,1.088019920490472,119.01014434494078,,,1.2171330885935456,29.01155501229355
release_primer,112,0.7102735170463337,COMPLETE,1.0869529597278997,130.50447841953164,,,1.2010073741127016,24.89631505978137
release_primer,113,0.7039090048626351,COMPLETE,1.090867639237079,132.1205685857575,,,1.2023846946932186,24.96225382512368
release_primer,114,0.7055944780072654,COMPLETE,1.0861542529672195,132.42646792688544,,,1.201138214807122,24.884464111151868
release_primer,115,0.6963770128835867,COMPLETE,1.0898504768359776,134.91853693662512,,,1.201232348212907,24.827336972954004
release_primer,116,0.6079876954976138,COMPLETE,1.1029052900130372,143.38683143884325,,,1.2054439734867428,35.46833482207504
release_primer,117,0.7062666963802089,COMPLETE,1.0977010411605752,129.93355147547257,,,1.2078141358995043,22.82228461650477
release_primer,118,0.6987223987322322,COMPLETE,1.0993106269987754,130.67225158820423,,,1.200360232451144,23.302211371466154
release_primer,119,0.6869461472653882,COMPLETE,1.087575437530331,138.3359820409357,,,1.2057509179838524,25.30591292661819
release_primer,120,0.7093799257515743,COMPLETE,1.082790890262207,132.22451899122126,,,1.2095053567164846,22.545057743992054
release_primer,121,0.7243839188715295,COMPLETE,1.0821886372049823,120.58183687264432,,,1.211098864210234,22.135527026155206
release_primer,122,0.7260609733024559,COMPLETE,1.0832031666371327,119.64719629842006,,,1.2100877333573261,21.997634099846437
release_primer,123,0.7229093795412478,COMPLETE,1.0807150589555694,119.10760482557248,,,1.2118397378575898,21.665260343522572
release_primer,124,0.7212964368470187,COMPLETE,1.079633232261234,119.51898600640236,,,1.2170391175675566,20.044112484528135
release_primer,125,0.725270911785314,COMPLETE,1.0821847446788864,118.40541173194636,,,1.2155194206031816,20.038972064246266
release_primer,126,0.7256686122227185,COMPLETE,1.0821910753645705,119.48704757065394,,,1.2139892072822225,20.122460994284193
release_primer,127,0.647298778426153,COMPLETE,1.058235629045969,114.51135555924299,,,1.215259770806911,20.052247494318003
release_primer,128,0.6768918628715426,COMPLETE,1.0691587452506424,119.10877001435549,,,1.2273378802148722,28.367696164199398
release_primer,129,0.6909934019732278,COMPLETE,1.0792459158830199,106.60117390456887,,,1.2363861634492976,20.082157081793227
release_primer,130,-0.36942273505524703,COMPLETE,1.226247431676209,104.03344227047963,,,1.2173649063996246,27.337997124118623
release_primer,131,0.7255067873414456,COMPLETE,1.0831733418800376,120.26742622605984,,,1.211006644649955,22.184307767505864
release_primer,132,0.7108837860275719,COMPLETE,1.0811324749886981,112.99672144710183,,,1.2134814088798855,28.038341111059903
release_primer,133,0.6959729816981008,COMPLETE,1.0817042814482078,111.99366821732147,,,1.2291435699462125,27.7834145960697
release_primer,134,0.705661605431529,COMPLETE,1.0722822640271457,120.87987723997315,,,1.2132850346641857,21.582297812625207
release_primer,135,0.6505780924739746,COMPLETE,1.0623872492234756,115.54124471736989,,,1.2190778223738887,32.292607477468415
release_primer,136,0.7136603994520652,COMPLETE,1.0775200767134634,117.58538050177016,,,1.226148050093942,20.04866397912827
release_primer,137,0.7104279968765947,COMPLETE,1.1063282166129584,120.27853884085272,,,1.227043148795304,21.59474411671089
release_primer,138,0.7066693834268056,COMPLETE,1.0765532854577333,117.30975939818384,,,1.2351812252203362,20.51355580207483
release_primer,139,0.7124728822418769,COMPLETE,1.0975452573772626,104.78361613444463,,,1.2093057040579283,25.637850321490657
release_primer,140,0.6808678615763286,COMPLETE,1.099313445345009,98.94901402024205,,,1.2235787908048388,26.001915743135502
release_primer,141,0.6643822159391632,COMPLETE,1.067573992300291,105.71857805287613,,,1.2126116322644998,29.72071142363543
release_primer,142,0.713391353149162,COMPLETE,1.0960306022304511,103.31512050555986,,,1.2098615252577514,22.63551401276428
release_primer,143,0.7162345485006494,COMPLETE,1.0969997028517353,102.9940625193789,,,1.2066769319014379,20.22828955865716
release_primer,144,0.723372105854514,COMPLETE,1.092382190591576,110.32354269714894,,,1.2209046219842385,20.80750745194585
release_primer,145,0.6986549195188818,COMPLETE,1.1132136034076556,110.29180037489951,,,1.2218000273492324,20.77257481991445
release_primer,146,0.6276940560442146,COMPLETE,1.089840875645828,88.1822852037767,,,1.2317679588183144,20.412178906945872
release_primer,147,0.6993908238765334,COMPLETE,1.10438530619824,123.15719701088967,,,1.2181446998336505,26.547910350795608
release_primer,148,0.24565716416189431,COMPLETE,1.0845207003859432,247.06028947352985,,,1.2265285618148323,29.48984858645341
release_primer,149,0.6941735903300161,COMPLETE,1.0717121682021558,116.3071928567499,,,1.2081507135132978,31.75669282721806
release_primer,150,0.708832977428342,COMPLETE,1.0921536101534013,112.11026033643577,,,1.2344919351319543,24.64527777895595
release_primer,151,0.7110431353341662,COMPLETE,1.0935698777437985,102.50140240861191,,,1.2101735701201082,22.612828829720524
release_primer,152,0.7278260980219109,COMPLETE,1.085443388415177,120.62321941932541,,,1.2192339254286644,20.283840924420883
release_primer,153,0.7264528064865772,COMPLETE,1.0847070598134714,122.19062320887822,,,1.2194258222248922,20.46751012475933
release_primer,154,0.7175839784691718,COMPLETE,1.0858779083935601,121.92810129228207,,,1.218164814135768,26.41410765351323
release_primer,155,0.7154788370055121,COMPLETE,1.082221134082938,123.07014097100061,,,1.2201206317330104,25.436293280549958
release_primer,156,0.7079795880242656,COMPLETE,1.101439278852326,122.82147361428864,,,1.219039566809465,25.681198565428623
release_primer,157,0.7220754870840285,COMPLETE,1.0845597483060543,123.09351613347432,,,1.2216366107502885,22.718100962266412
release_primer,158,0.7013485376969442,COMPLETE,1.1096906296891755,115.00096972913042,,,1.2305088016163301,22.52035676127374
release_primer,159,0.7161631467688112,COMPLETE,1.0873623298217083,120.82305423840512,,,1.2402686260731037,22.81387864289025
release_primer,160,0.7087341832918037,COMPLETE,1.0737438329782705,124.87068370007317,,,1.2139632614424376,20.327583892020915
release_primer,161,0.7143949890542789,COMPLETE,1.088512631581935,120.8628204253841,,,1.2408764795680918,23.461039439645603
release_primer,162,0.7123214479594075,COMPLETE,1.0951913754982685,119.24145447446294,,,1.2239983865335249,27.24361514954857
release_primer,163,0.7016785806470471,COMPLETE,1.0859719427054215,109.77314380637493,,,1.2363130878992066,23.717793487912168
release_primer,164,0.7133822009625534,COMPLETE,1.079262527093633,115.0230305037032,,,1.2221369716716766,22.508602225721404
release_primer,165,0.714926561037621,COMPLETE,1.1023298913078163,124.85964459017066,,,1.2073470483482134,20.15680433109728
release_primer,166,0.714342837291837,COMPLETE,1.0918890498621108,120.56377614185197,,,1.2302111210656939,25.70880118767687
release_primer,167,0.6791891613328938,COMPLETE,1.0671304153775332,114.48791428058468,,,1.2154391659502508,27.58942966984762
release_primer,168,0.6924233250455769,COMPLETE,1.0847169002618493,109.0721176818247,,,1.2440712644443341,23.25456814859805
release_primer,169,0.7064360602087039,COMPLETE,1.0749935778473696,127.73858730413525,,,1.2067468256964446,24.673863293344542
release_primer,170,0.6803704629285257,COMPLETE,1.099498026292067,95.05881417088547,,,1.219532185411774,20.118906092424417
release_primer,171,0.7135314312859631,COMPLETE,1.0822048219715028,122.56292704567971,,,1.2223503185999542,25.941323828496454
release_primer,172,0.7207650808560562,COMPLETE,1.0801671285460561,119.3441055229692,,,1.212868835370424,22.80748230893221
release_primer,173,0.7292932683660602,COMPLETE,1.0893525642343935,115.56163345589306,,,1.2115217021024174,22.242092411898604
release_primer,174,0.7318342158562752,COMPLETE,1.0945457264333514,116.46082092782628,,,1.2123624937929944,20.028425357388226
release_primer,175,0.7197618946555462,COMPLETE,1.0913339385753273,116.99649420868657,,,1.2134120232639116,27.527113800674204
release_primer,176,0.7322477806255945,COMPLETE,1.0929340906200649,116.73562789476563,,,1.2121405844940432,20.027312627319393
release_primer,177,0.7147961727414609,COMPLETE,1.0793531596606414,112.56845625142306,,,1.213750380020137,22.60259014846733
release_primer,178,0.2982205313762476,COMPLETE,1.073637510084514,116.58562507099543,,,1.424882671295947,22.45436740728668
release_primer,179,0.7017909807856437,COMPLETE,1.1056121564912267,126.78557000384924,,,1.2013494567331573,20.312981498095272
release_primer,180,0.715641641445397,COMPLETE,1.0947872358550146,112.27791377638152,,,1.2265886396648906,24.398347414445354
release_primer,181,0.7177468273099619,COMPLETE,1.0897034573374609,117.71443938308643,,,1.2114770051392778,28.977193640067448
release_primer,182,0.2786944224964394,COMPLETE,1.0930036319195218,116.4914446211595,,,1.2131269635572752,141.7970449492345
release_primer,183,0.7187841001425666,COMPLETE,1.078444939006624,118.8017058275518,,,1.2059775986456698,24.402606026909957
release_primer,184,0.7069950139919845,COMPLETE,1.0837993274766957,108.65599315340513,,,1.2165576086366603,27.12645486579784
release_primer,185,0.7268159944867847,COMPLETE,1.0911952758781265,124.92844320834365,,,1.210536442579077,20.190799799111357
release_primer,186,0.7003211534593046,COMPLETE,1.0701105084983122,125.13290629686446,,,1.2002037924197222,20.103722845361126
release_primer,187,0.7153033445744805,COMPLETE,1.0990435255912834,124.85713261931012,,,1.2246901417326044,22.704994007255003
release_primer,188,0.7105104102601567,COMPLETE,1.0767190897115702,128.38355567647878,,,1.2093853017580367,21.995386365168414
release_primer,189,0.7049065542527932,COMPLETE,1.1076271802961681,113.46232189653362,,,1.2203071186613548,24.387454116738933
release_primer,190,0.7048180602750254,COMPLETE,1.087167084154385,136.24668215285288,,,1.2300510575223655,20.129047479463807
release_primer,191,0.7193003651685403,COMPLETE,1.0888722419696417,118.869000083463,,,1.2121786810371116,27.95175437694595
release_primer,192,0.7217748060968754,COMPLETE,1.092752713044207,122.17034280633683,,,1.2165485857782679,24.57600711437454
release_primer,193,0.7204331287339993,COMPLETE,1.0956869992963294,124.25954155544544,,,1.2182878963445072,22.896909819472384
release_primer,194,0.7170529864854558,COMPLETE,1.0839548351949149,121.14323556662906,,,1.2248563442044156,24.720171258414428
release_primer,195,0.7123995767884139,COMPLETE,1.0795391644598187,130.30846264973394,,,1.2056752794621128,20.221670900053844
release_primer,196,0.7196863894249228,COMPLETE,1.1031368611211743,112.84314106720413,,,1.2114724640736736,22.781398192170432
release_primer,197,0.716235910382701,COMPLETE,1.09246887735358,108.78870025583109,,,1.217096397982574,24.990380611069774
release_primer,198,0.7163539903701333,COMPLETE,1.0827078931524756,121.02322933757354,,,1.2000298535101364,30.8965259205321
release_primer,199,0.7266800181501054,COMPLETE,1.0978007555846783,116.29127896168285,,,1.207761251171249,22.992163083572965
release_primer,200,0.7208224274741548,COMPLETE,1.0980395319674556,117.57769941826233,,,1.205210214490477,26.1363277111211
release_primer,201,0.3387520975270064,COMPLETE,1.0987176111853836,116.64414666768627,,,1.4001416150189336,25.790147612799277
release_primer,202,0.7264118016356402,COMPLETE,1.0899655071033958,123.343718403823,,,1.206348676704524,22.47124341614905
release_primer,203,0.7232237082990478,COMPLETE,1.0898855928192002,125.62269547925465,,,1.2054892209458425,22.412369931496468
release_primer,204,0.7213753152474522,COMPLETE,1.0910178362596168,126.91346433212514,,,1.2082472672507394,21.904958728996434
release_primer,205,0.7169463210799698,COMPLETE,1.0902831763655823,128.83416665254362,,,1.2065452841365683,22.46701524205006
release_primer,206,0.7095149761093156,COMPLETE,1.0919236390846014,132.83914269601578,,,1.208111028217061,20.059852692459604
release_primer,207,0.7081274424206807,COMPLETE,1.0872645999083481,125.01646158771644,,,1.2218418328565885,28.552342857914425
release_primer,208,0.7103564347621161,COMPLETE,1.0963398322502114,128.11273367085053,,,1.2052752004727374,24.0079189930019
release_primer,209,0.7247976924195321,COMPLETE,1.0849058415492296,123.4633646630136,,,1.2103619621162949,22.448197478738216
release_primer,210,0.461072133509699,COMPLETE,1.08586533081305,122.02341633233212,,,1.2179117786843154,90.73643525181012
release_primer,211,0.724465783046746,COMPLETE,1.0926353095079646,123.99961330731273,,,1.2107569039908244,22.45848925909101
release_primer,212,0.7188518920682618,COMPLETE,1.0949067758788256,123.5726513178875,,,1.2121325697959968,24.905676586849054
release_primer,213,0.7152635432451815,COMPLETE,1.1015886341694072,122.54634889599706,,,1.2235699419083819,22.505372229951753
release_primer,214,0.7182733697816301,COMPLETE,1.0854664284658875,114.68721777178072,,,1.215542627103714,26.50143328394092
release_primer,215,0.6983850466633079,COMPLETE,1.0751004048603463,134.08729644800002,,,1.2044216452087522,20.14771951391611
release_primer,216,0.7207449368640706,COMPLETE,1.0891128676029787,125.11223384627101,,,1.2104243989588122,24.534413218723962
release_primer,217,0.7266055610724464,COMPLETE,1.0826577164378368,115.20642163158703,,,1.2013058806156636,22.574695915600085
release_primer,218,0.7185264924005841,COMPLETE,1.0812780045707493,112.9073403297453,,,1.202020377564186,28.412477897262626
release_primer,219,0.7041205117161775,COMPLETE,1.0715938239650245,120.30200417663515,,,1.2104839047501215,22.490618366218865
release_primer,220,0.7109535675187129,COMPLETE,1.0835459323807317,129.63127888154932,,,1.2013007045720885,25.815249289553638
release_primer,221,0.7265807822759207,COMPLETE,1.0936765072517423,116.04967501521983,,,1.21730243791872,22.923177905412036
release_primer,222,0.24316533814952024,COMPLETE,1.0909497076338015,239.3479166495955,,,1.2147458927151,22.205838272562985
release_primer,223,0.7278931416448753,COMPLETE,1.0863606958770853,115.51666639525656,,,1.2182342886225774,20.00227613590933
release_primer,224,0.7162749303432525,COMPLETE,1.0772580133831424,115.10305146861674,,,1.2096325789919327,20.062960694126556
release_primer,225,0.7271410101447495,COMPLETE,1.085491911259031,116.65721944540493,,,1.220238065001667,20.080853993784935
release_primer,226,0.7167724480372284,COMPLETE,1.0869240037988885,107.73650228826963,,,1.2186205347015733,20.37764920268077
release_primer,227,0.7166132175538298,COMPLETE,1.0787080706564418,111.74037215244304,,,1.2058385657264254,20.150231630361326
release_primer,228,0.7249584291913136,COMPLETE,1.1000670982976002,116.76378402663673,,,1.2001075328221555,23.010674871053453
release_primer,229,0.7228546543114334,COMPLETE,1.101793654033266,116.626239706022,,,1.2003332688600497,22.809144476590472
release_primer,230,0.7180742981473198,COMPLETE,1.1066406379690712,110.16726107317609,,,1.2083526898040418,20.04426387958724
release_primer,231,0.7219441783120617,COMPLETE,1.102023696080663,116.97806014366084,,,1.200108721610887,22.98676737876278
release_primer,232,0.7304194014524867,COMPLETE,1.0953616401532582,116.06650252696149,,,1.2010403097828626,22.535374779712974
release_primer,233,0.729593465169387,COMPLETE,1.0930817648288391,113.85011180648927,,,1.208018452981704,22.591150036618156
release_primer,234,0.3722979410718086,COMPLETE,1.0942170501584552,105.64659046388972,,,1.208274752834171,118.00244377839846
release_primer,235,0.7242723115238991,COMPLETE,1.0980859138702521,112.18204516208623,,,1.2066837092210676,24.390242509887113
release_primer,236,0.6954672047909227,COMPLETE,1.1116216004233666,111.7254327500175,,,1.2127909334763687,25.564696257686983
release_primer,237,0.7248142099926635,COMPLETE,1.0953883379221752,107.57501754327991,,,1.2000812951152842,24.4784714699868
release_primer,238,0.717726397294971,COMPLETE,1.0959357711421411,106.79381019330182,,,1.2041202870962098,27.249333802213073
release_primer,239,0.7233554858579128,COMPLETE,1.100257358557469,115.35678645742028,,,1.2018494937194544,24.275307620320987
protective_and_release,0,-1.5235383440245664,COMPLETE,1.100474,118.791,1.3,50.0,1.28,20.0
protective_and_release,1,-2.733341836926395,COMPLETE,1.131370849898476,132.58252147247765,1.3,75.0,1.28,25.0
protective_and_release,2,-10.859742677981254,COMPLETE,1.1185594196070605,185.0223614108537,1.5257825470870356,130.8936160454293,1.3637198339061543,144.5590242560299
protective_and_release,3,-8.87977770936229,COMPLETE,1.0279039528365,226.31356314767802,1.4930272105227915,162.23229927359137,1.3998626254757625,30.26747226139993
protective_and_release,4,-2.134194210928275,COMPLETE,1.2049012300517044,55.398508253658754,1.3161265647252818,179.28047268393405,1.3187562541055364,89.54593294730705
protective_and_release,5,-6.155661136462021,COMPLETE,1.2527913771661097,192.64849909636786,1.5406627118500624,64.44617856107946,1.2372417434360727,124.95150667190164
protective_and_release,6,-2.6050496074996876,COMPLETE,1.2216342161392288,177.88886005395767,1.3709580333023212,268.95734856832456,1.3099867808377648,132.43594373625677
protective_and_release,7,-5.430591718207312,COMPLETE,1.1138604520858089,82.92995027716255,1.4299686496674848,194.7302974917234,1.3040163767718331,143.7224839823611
protective_and_release,8,-2.018895872506854,COMPLETE,1.2721217390028614,163.66716780108163,1.3149402353268393,133.16654794722072,1.3215688089165478,144.60151298664914
protective_and_release,9,-6.377493411098001,COMPLETE,1.227298263669428,153.92704912774474,1.4003407267212786,164.88752230051546,1.4720648392753979,141.64731571948988
protective_and_release,10,-4.944373537369973,COMPLETE,1.2879024287449699,55.78778604402439,1.4312667669739667,192.40457119627658,1.4913489858909368,91.70618436464824
protective_and_release,11,-3.059200335392831,COMPLETE,1.1095737746732106,204.51953228375646,1.3531413065164177,207.2981117996363,1.2745258147801308,73.42163166993124
protective_and_release,12,-3.261713130701871,COMPLETE,1.0287820834246242,198.1604525356654,1.3040280583196489,56.19391120089494,1.205515127638116,41.95729467649867
protective_and_release,13,-3.484972951009524,COMPLETE,1.224456761411731,216.2666104099919,1.4764900388350095,247.13820565906343,1.208503743179588,127.74605391568439
protective_and_release,14,-4.908715464454005,COMPLETE,1.158833809443716,148.53313455415218,1.3918283967845992,138.62158977289164,1.2926658996008968,69.17200878251671
protective_and_release,15,-6.31818222726076,COMPLETE,1.2145692395859538,73.00324698131155,1.4079727136895321,135.9450276357696,1.4956747020998828,73.36320315566462
protective_and_release,16,-4.989187883416535,COMPLETE,1.1187129682948955,119.43239166861271,1.3526792678028656,269.45939754425285,1.351117491478596,142.38017271589268
protective_and_release,17,-6.968468090056746,COMPLETE,1.0347529975772174,237.56000077564582,1.3003243598735281,186.09225911015938,1.3934056268496806,126.53314857278525
protective_and_release,18,-2.818643891752204,COMPLETE,1.1912442654747997,239.7227135230724,1.3677359028829739,261.50983645844565,1.4858760873506494,34.32310510271695
protective_and_release,19,-4.39932143292997,COMPLETE,1.0223779355707974,58.55865971415095,1.3666944092535442,177.02337506237504,1.2081042672952316,105.59965418203916
protective_and_release,20,-4.1830550363165075,COMPLETE,1.0550259026198778,144.00360476929592,1.3539694625453211,226.8325993439668,1.2235779893945378,82.40224210708806
protective_and_release,21,-10.923591143759959,COMPLETE,1.143789282471089,169.51357546951024,1.5351847079836962,104.34019802338568,1.4094439777342775,38.830142426213214
protective_and_release,22,-4.800172495488775,COMPLETE,1.2089769195454696,148.33889869014126,1.4015027901399117,116.38131704211308,1.3240788137799844,62.64854348666303
protective_and_release,23,-6.448981138796894,COMPLETE,1.245185027679294,127.4834438844227,1.531372471031835,152.75265239229532,1.4758204929190837,28.25452495512527
protective_and_release,24,-5.436985674231575,COMPLETE,1.069530296497006,77.13729737973789,1.3669294102991663,148.91416042563102,1.278900539639695,126.54186352528022
protective_and_release,25,-8.376610799258222,COMPLETE,1.1506646010956578,127.84554772749243,1.5239843842486371,207.15581214075473,1.3752065968515252,117.0549945155803
protective_and_release,26,-11.935361985158345,COMPLETE,1.0777169217829563,87.78730111154175,1.5133797891950758,83.08456608306473,1.4106659255624474,103.23583925779269
protective_and_release,27,-3.4830275138773237,COMPLETE,1.1824014846200845,62.857891157081895,1.433667070074496,261.34899957679744,1.4019957482833685,49.91786869540472
protective_and_release,28,-4.81562464611055,COMPLETE,1.0647261276625863,191.0691058993752,1.3273991553974445,202.4776180068377,1.4158574005208238,38.43189268741653
protective_and_release,29,-2.9986399642656036,COMPLETE,1.205484444301143,214.89091762986564,1.4416091303267318,210.1343437032383,1.2527793234173341,65.49434524038332
protective_and_release,30,-4.940113779829858,COMPLETE,1.192726606231735,234.42476141822118,1.507383454831052,202.4495279988516,1.4359315624317888,38.65697783063172
protective_and_release,31,-2.6883112630282424,COMPLETE,1.2477521252569137,129.38770773994514,1.322934862266657,251.93322843516708,1.447883617851619,48.31172441920897
protective_and_release,32,-5.894631917060433,COMPLETE,1.1957130400710057,135.23195397167115,1.542010374452851,204.04542726904327,1.3758351400532782,35.13101584456289
protective_and_release,33,-5.431325624442418,COMPLETE,1.183306943154605,77.48602059453754,1.4810137759269901,171.97023764050246,1.4180988282752276,45.078041110861996
protective_and_release,34,-6.567687802939504,COMPLETE,1.1562832561887917,170.34131343530265,1.4253495843182664,175.8324669197513,1.4480251940598614,55.58608843068022
protective_and_release,35,-7.773923286668616,COMPLETE,1.1306547442357238,186.3772752751396,1.4602220796097305,73.41760650061738,1.454088875364287,28.392402044016656
protective_and_release,36,-6.321738255298914,COMPLETE,1.0820832789548867,87.40671221101954,1.4891410052858056,205.15796164550778,1.2509929053353186,141.40404817741756
protective_and_release,37,-7.8433966530768835,COMPLETE,1.1544491060643665,77.27530477593056,1.4550403656057178,181.8005033494542,1.45415780901928,117.65726220263153
protective_and_release,38,-5.050246517073487,COMPLETE,1.2990436829214242,225.22783004223652,1.4661774258637887,220.1331164855006,1.447419658147396,144.72774363191104
protective_and_release,39,-3.849824332634366,COMPLETE,1.2206604790027487,204.7921498850686,1.4848472647788908,279.65482127323105,1.360925456507978,44.77196132830841
protective_and_release,40,-2.197619272921003,COMPLETE,1.2663424570543886,108.53099894206248,1.3210995899771618,93.12153594670275,1.3318894905466414,20.430826785504607
protective_and_release,41,-2.1379521370973653,COMPLETE,1.2717476268923043,104.88492861083756,1.3225833822208628,92.4919469367677,1.3237766965821331,134.8530506114389
protective_and_release,42,-2.231736408711904,COMPLETE,1.2733978493448517,109.04534897429848,1.3228616550093335,101.65089414896514,1.3326101593796327,22.373622614616686
protective_and_release,43,-2.404075579809206,COMPLETE,1.264524482191632,108.417793649042,1.3372204782458836,85.52256627201159,1.3169742805117688,133.0032348976328
protective_and_release,44,-2.0887725373152644,COMPLETE,1.2782692700601972,107.18832617105159,1.3170325777724488,119.37109057250682,1.3372324648773648,148.3264229010553
protective_and_release,45,-2.092534492532361,COMPLETE,1.2855853326941113,99.4976155997908,1.33858777390155,120.49847325161322,1.2954289023799235,149.73746308601477
protective_and_release,46,-1.6337027894496203,COMPLETE,1.2884565163613781,161.74423691469295,1.3122815114259199,122.22025336138766,1.2968433307194311,148.37289372876717
protective_and_release,47,-1.5057719765096622,COMPLETE,1.299392857497449,95.85618552701412,1.3099845758548074,121.21150903792365,1.2940389600331075,149.20391407093047
protective_and_release,48,-1.376835795629694,COMPLETE,1.2988534154343232,157.28818400239092,1.3104491011401618,126.01963383806424,1.269518532646225,147.10462474183154
protective_and_release,49,-1.4028657250341747,COMPLETE,1.2883488617165033,158.3712679649072,1.308076896390091,129.0105876954783,1.266761226396239,137.88933029896683
protective_and_release,50,-1.3025004633441473,COMPLETE,1.2955036304825804,157.22568561803956,1.3073995700801948,146.23076810934867,1.2639381908931178,136.9804105301736
protective_and_release,51,-1.259583903572803,COMPLETE,1.2999656237961035,159.6452202648672,1.3070878024982457,146.989261863801,1.259913059878909,138.3391713906224
protective_and_release,52,-1.265310358808891,COMPLETE,1.2979678842701663,156.2114986759836,1.3060263458060175,153.74882988667886,1.2658411033684438,136.97897966593854
protective_and_release,53,-1.2610081981882515,COMPLETE,1.2995757607718152,177.64396638625536,1.3072567237297772,151.77276765681,1.2676258784213112,137.3271070973823
protective_and_release,54,-1.8923698166592118,COMPLETE,1.2599548340479865,178.89366062934616,1.3347206940614231,150.4998331112588,1.266383674431158,135.92919189862974
protective_and_release,55,-1.2098216501980508,COMPLETE,1.2872495137588216,161.73888530151567,1.3024638233768517,160.8674004436203,1.231313273106461,117.69663684002882
protective_and_release,56,-1.3533353498907608,COMPLETE,1.236274700632567,139.6534349164731,1.3000095436255106,161.81919836071296,1.230920649791539,120.39181068506902
protective_and_release,57,-1.289112065979403,COMPLETE,1.2455101272289746,142.9148526003006,1.3001317836831825,163.62767354473948,1.2258203789368816,116.85793766398385
protective_and_release,58,-2.1295867859522977,COMPLETE,1.2554566673208423,172.38103451942743,1.345918630595697,139.9484897008901,1.2470090166928798,114.79236939465275
protective_and_release,59,-1.6057011286296108,COMPLETE,1.2842306534205579,150.78935514143924,1.3325742951446793,160.99857476542002,1.2187939771022265,109.68647822614108
protective_and_release,60,-1.2126694756371181,COMPLETE,1.2798940428960448,180.29432988519648,1.3002939990710942,143.12045613233266,1.2406288757471502,129.8215058999068
protective_and_release,61,-1.1721898925789564,COMPLETE,1.2769756619986918,174.94735531211327,1.3029885711962315,168.2623184573713,1.2378658604860082,129.36665683792245
protective_and_release,62,-1.2356970399124423,COMPLETE,1.2407767308261963,181.47134138196168,1.3006408336365707,168.02426796484286,1.2295406861750313,130.27459600860638
protective_and_release,63,-1.6217680067218465,COMPLETE,1.2344825978505785,179.5779685102118,1.3163865081222417,156.50554927876863,1.2414137925197413,129.7817739002789
protective_and_release,64,-1.633337447364891,COMPLETE,1.2805576365952587,199.20212793219147,1.3450756377328619,189.39113181258497,1.2167465637825008,122.75407330814974
protective_and_release,65,-1.4447605458770219,COMPLETE,1.276408741374462,165.4607342276947,1.328011409692151,172.1743244895761,1.2368566330817703,130.58014237424936
protective_and_release,66,-1.4239383362568692,COMPLETE,1.2672808628147554,185.8099137245151,1.306444261658745,142.12614093033073,1.2569481914473593,123.76565080901514
protective_and_release,67,-1.6321934152461526,COMPLETE,1.2529571619111555,174.64433605096355,1.3167032429824086,168.924158489501,1.2772582684592013,97.88220767400227
protective_and_release,68,-1.735859399412254,COMPLETE,1.2923698406293576,193.99734174069778,1.3285050054168284,133.41104305774954,1.2843166928262162,140.43416576179595
protective_and_release,69,-1.4155976237838264,COMPLETE,1.2792617821793464,167.84616368599603,1.301167962374011,111.08748884247845,1.2038518389870487,112.54294165560967
protective_and_release,70,-2.0515915450196265,COMPLETE,1.259775097736334,180.61734955571325,1.3581956611869308,156.01392192941682,1.23677240547327,128.42371613614844
protective_and_release,71,-1.2879760447548794,COMPLETE,1.2448900249940784,142.16665530386274,1.3009355814287067,165.20752897600008,1.2264573642357535,120.25905031989622
protective_and_release,72,-1.513830974913577,COMPLETE,1.2367178574351678,151.0253690846467,1.3143113988454906,183.96465372910285,1.2602074342365577,122.14718096848146
protective_and_release,73,-1.2560260123211764,COMPLETE,1.2897038015628532,163.69656242323097,1.305759408381856,146.07483554251093,1.2163871556235075,132.41313194903913
protective_and_release,74,-1.7817789658266747,COMPLETE,1.2898303456312985,162.16145189753144,1.3426136780594706,144.29377251346057,1.245985427478631,132.65654558922796
protective_and_release,75,-1.1897027707169716,COMPLETE,1.271709208676051,188.89193534422498,1.3068817001568627,195.88334074195959,1.2000306630775626,127.33427183767256
protective_and_release,76,-1.3103963020399068,COMPLETE,1.2703311366192165,188.7996245030853,1.3206147488391493,197.99190126094334,1.2136751176414082,125.87198448911613
protective_and_release,77,-1.7441465161925795,COMPLETE,1.2821913887947005,204.4209823621042,1.3315194616712998,135.64960101408337,1.202579533496663,109.6050512145979
protective_and_release,78,-1.2548115104972446,COMPLETE,1.2627864852024637,175.28001736391798,1.3127063252872853,178.70714877737217,1.23140578336736,141.27435437983434
protective_and_release,79,-1.3571105500275293,COMPLETE,1.2287141635361831,195.07018388326364,1.3131754007820766,175.96683859872354,1.2114157016219294,142.73189795581473
protective_and_release,80,-1.4767398096103501,COMPLETE,1.2580838914000412,213.1587813774772,1.3259277799909919,228.5704392088548,1.2335016248650288,131.36571280715597
protective_and_release,81,-1.1571935437143743,COMPLETE,1.2743627481317918,174.284975230617,1.3083709488309774,188.24870526848136,1.2231363476505486,140.38808276667962
protective_and_release,82,-1.2612233010251273,COMPLETE,1.2652285996348303,183.03409034682974,1.3170566000222317,191.3626010497516,1.2182164947371712,127.35181171102687
protective_and_release,83,-1.1953027374849157,COMPLETE,1.2729943802921517,173.05507640304126,1.3110676944958726,216.14368071198047,1.2003590385843457,140.21112778385591
protective_and_release,84,-1.3278787777054601,COMPLETE,1.2746006085850718,174.83909822258795,1.3232194084133138,221.08344299170008,1.2233990222079894,144.19275792667497
protective_and_release,85,-1.1464512507295743,COMPLETE,1.2523912653714642,165.3825731710139,1.3136337745060072,215.32711708680915,1.2005635817504654,132.69033689681245
protective_and_release,86,-1.1674230593369694,COMPLETE,1.2506835329273498,172.57305263617286,1.3135527587489053,214.24117643387262,1.2002610308719421,140.1607454844763
protective_and_release,87,-1.508985473919644,COMPLETE,1.2174798992960258,200.44605456898915,1.3387555281048964,235.56326016374337,1.2008985360289817,125.45061939374189
protective_and_release,88,-1.9346798575598068,COMPLETE,1.2503572036897996,169.45964548642544,1.3830036266136696,213.05494316634324,1.2087147929448623,133.17578242338718
protective_and_release,89,-1.256026077150263,COMPLETE,1.239655601062338,185.15675836649467,1.319305797786128,241.75048744946864,1.2004565151278437,119.5620197654604
protective_and_release,90,-1.563596211581364,COMPLETE,1.2287213575123455,191.48528764753033,1.3291923503734246,213.04012858994452,1.2448619315570915,139.53323634522508
protective_and_release,91,-1.1942123535728655,COMPLETE,1.2601775875405357,174.37737153338094,1.311702822571189,198.75572997513152,1.2269539589280918,141.2000326730579
protective_and_release,92,-1.172414273673117,COMPLETE,1.2521134147944883,171.6985650629538,1.3130119413882604,220.40452937790536,1.209715851559564,145.2922838128376
protective_and_release,93,-1.1798287500102478,COMPLETE,1.2532381726610138,168.00127980949287,1.3142506628819437,198.10232548508372,1.2095759400447141,143.92892231100146
protective_and_release,94,-1.2765492177702176,COMPLETE,1.2576450226919362,167.0290173829603,1.3241538629536653,199.81073272995917,1.2092515915652426,145.24580144573216
protective_and_release,95,-1.1861674837924996,COMPLETE,1.2502216759137836,172.12711501634666,1.3119010846894643,219.1322894380793,1.223341701421097,144.25052260705982
protective_and_release,96,-1.6049939761850762,COMPLETE,1.2500338793674004,170.90054717573466,1.3509285332557193,220.7521733174375,1.2215832560280608,144.24365183441125
protective_and_release,97,-1.4686733327605173,COMPLETE,1.2118576809555432,188.1882864529624,1.3342352885523863,225.7665418517789,1.2088605902454157,135.01364156653352
protective_and_release,98,-1.1405469879368968,COMPLETE,1.2713508587691429,154.5789830765128,1.31225106487934,195.61252785146826,1.2134480962558865,147.1365377942422
protective_and_release,99,-1.205978139237085,COMPLETE,1.2535718692217206,152.91829195271674,1.3186788786609864,195.20864853463485,1.2118586717185071,147.46443164041204
protective_and_release,100,-1.16987582806225,COMPLETE,1.2312391123850384,148.83700082221222,1.3115235849233586,208.55407401769565,1.2222015624069136,146.4956791774709
protective_and_release,101,-1.1808864579827327,COMPLETE,1.2258402965455137,134.4738961092734,1.3113193793836424,207.154203868169,1.221177872167587,146.41703327562396
protective_and_release,102,-1.2984440851276924,COMPLETE,1.2323537895473489,134.08480534673797,1.3262912074622104,209.45836318750378,1.219554274154392,145.6657049221432
protective_and_release,103,-1.16341142798706,COMPLETE,1.2426520764057702,121.6871743115083,1.3095244451894226,188.3811844068257,1.2078942456607096,149.97980620641252
protective_and_release,104,-1.5965844189067546,COMPLETE,1.2000618711603477,147.2033268767114,1.3188829222027214,234.06585225045956,1.2515507954508867,149.01118312243548
protective_and_release,105,-1.2400544432036198,COMPLETE,1.2446421431891963,127.84750877484518,1.313321422391962,187.8639620024083,1.2226379298489987,146.6779244941223
protective_and_release,106,-1.4725357585388954,COMPLETE,1.223220975436818,121.32748504053563,1.3395711408085722,205.54394483819448,1.2127285909054915,149.94488272696728
protective_and_release,107,-1.3907895288737482,COMPLETE,1.2436712483418524,140.3238859771438,1.3308679167906752,215.92156370570606,1.2386379019302152,142.96750951059053
protective_and_release,108,-1.0759623039195532,COMPLETE,1.216637925943258,122.77598544898625,1.3093435638799873,225.44535332891792,1.206292034505958,138.90853847641887
protective_and_release,109,-1.0275936315218837,COMPLETE,1.2059860255585801,113.85783512911954,1.305723010155874,248.0008600653968,1.2063787630400518,135.18506140343283
protective_and_release,110,-1.068957382703506,COMPLETE,1.2037107584986402,114.69811657318849,1.303856487265795,228.84668735654378,1.2068130541699573,138.69137836533577
protective_and_release,111,-1.0968454243435177,COMPLETE,1.1871607824667885,119.62964108200136,1.3052857259421606,253.71030464709355,1.2065749100607428,138.57495239440206
protective_and_release,112,-1.1806633326384874,COMPLETE,1.17272743395768,113.88775704392052,1.3060188343888872,263.5865130365781,1.2071456498569832,138.47073529216075
protective_and_release,113,-1.3475786337644569,COMPLETE,1.1846417590738278,116.96159915505949,1.3213529134013537,255.87631026678707,1.2156075640574895,136.4493578422588
protective_and_release,114,-1.0115505661542623,COMPLETE,1.205041672521706,122.37787984958175,1.3051084799689108,275.51090608481303,1.206158201396297,135.65092800254615
protective_and_release,115,-1.0684907077665118,COMPLETE,1.2070662368274727,123.82282410382325,1.305937140208402,290.8207369238067,1.2155048761757947,134.49634695356667
protective_and_release,116,-1.0214959776023824,COMPLETE,1.2074274094253505,121.96647003757161,1.3053078325723846,294.6390649124302,1.2056822962751372,134.13990212626783
protective_and_release,117,-1.019043761085392,COMPLETE,1.2036516451196464,121.58703151380632,1.3052000041390832,288.78040788389256,1.2052480897762774,134.32305327316493
protective_and_release,118,-1.034346408422815,COMPLETE,1.2008884340750716,123.46542214657626,1.305120336039166,296.3684262321764,1.2048853844515377,135.26723385415846
protective_and_release,119,-1.0397524316369977,COMPLETE,1.2051438475844745,111.97162750478067,1.3035486330747383,294.91929564922617,1.2159619099683059,134.36931845042426
protective_and_release,120,-1.0567041167386937,COMPLETE,1.203020091291125,101.51843644802348,1.3050844865230893,299.92309282123864,1.2165888625426735,133.9270418883223
protective_and_release,121,-1.0441912094362626,COMPLETE,1.2077561156154755,113.79147795388688,1.3045593517232956,297.1134226619581,1.2146530083804514,135.813130980201
protective_and_release,122,-1.049381622106016,COMPLETE,1.2006190710655327,102.36423039228254,1.30421167256933,296.3448873959813,1.2156904470227992,134.68113840140344
protective_and_release,123,-1.056063834209131,COMPLETE,1.205344676601354,112.8632828868648,1.304448831772222,298.29781139446084,1.216601594563795,134.37831903822124
protective_and_release,124,-1.1102780661202738,COMPLETE,1.2039845633490613,100.61520021498612,1.3035618487766163,297.0205490928403,1.229983707356017,135.08098712190653
protective_and_release,125,-1.033802663705008,COMPLETE,1.195976240543021,113.5525319757794,1.3000480436982023,298.41544810242556,1.2155661520239573,133.8316460738723
protective_and_release,126,-1.158860989873678,COMPLETE,1.176417150849522,113.57389764439898,1.303826394659912,298.71936553248656,1.216174047915518,128.98028182228745
protective_and_release,127,-1.129864513585488,COMPLETE,1.1962362741493633,92.3413169899889,1.302158944727147,289.62098187752474,1.2323150854521028,135.37123767516974
protective_and_release,128,-1.1682743291903774,COMPLETE,1.2087465192980917,104.37838578532308,1.3187672828432178,279.5766725581874,1.216302313747146,132.42141123206267
protective_and_release,129,-1.017898835530151,COMPLETE,1.2004345144221988,114.9338836603736,1.3004205600843508,290.4947992360033,1.2156462438606925,133.20793997285756
protective_and_release,130,-1.1766970473891303,COMPLETE,1.191093992906002,125.22300483289443,1.3065355060171036,285.800984558348,1.2265499775366526,124.37535883481564
protective_and_release,131,-1.0064474587190175,COMPLETE,1.2032226762859402,112.47804960006867,1.3001679797145247,292.44800731031194,1.2153405098122108,134.59244301640675
protective_and_release,132,-1.0315566900639173,COMPLETE,1.1983295200228599,110.36828601509416,1.3008468144225405,290.608602160759,1.2165701117058496,134.558921957143
protective_and_release,133,-1.1728718160803675,COMPLETE,1.1968793998471103,111.3590192407355,1.3018713152057302,276.21072934197264,1.2361367011918925,131.7111946140316
protective_and_release,134,-1.0374694472338297,COMPLETE,1.2120272890469046,102.57801577343048,1.3004636190377543,292.98375541685425,1.229272546156082,128.66064115663505
protective_and_release,135,-1.2011895439123732,COMPLETE,1.2126081053613114,105.93179266397368,1.3166340213892043,292.00726232936483,1.229196263540604,126.87084215945767
protective_and_release,136,-1.3345491811657562,COMPLETE,1.1762092974710674,117.27932125893723,1.3004289869390684,285.1538709839156,1.2411395583903315,129.7964370262074
protective_and_release,137,-1.376789410411583,COMPLETE,1.1891415550447177,97.05633761798569,1.3237146762454315,275.37016138800857,1.2259179701290361,136.36776367126893
protective_and_release,138,-1.0542947123829416,COMPLETE,1.2196076012762784,131.14537092339123,1.3073998003395555,294.27936441981205,1.2134211738369878,122.75307122751158
protective_and_release,139,-0.9431526362917886,COMPLETE,1.2185246492208421,130.25578869960088,1.300865473660107,270.5404323550878,1.204770691865123,123.35458541313841
protective_and_release,140,-0.9754969227347976,COMPLETE,1.1979399841555096,109.19127605069862,1.3003788470341924,269.8493622541564,1.2066897115826216,124.9293944930333
protective_and_release,141,-0.9672810599172688,COMPLETE,1.1979148678764813,110.41126709922564,1.300552223001529,285.7461406570149,1.205311624777848,129.04681697592588
protective_and_release,142,-0.9854132832312512,COMPLETE,1.1941950276857216,109.40545910373883,1.3008820982901266,269.6036716772424,1.2047741740480518,125.22951124366163
protective_and_release,143,-1.065374349815429,COMPLETE,1.1944420027420206,107.68355048416369,1.3087790206557357,270.4968635568696,1.204750182589465,124.58377288454808
protective_and_release,144,-1.087543985691608,COMPLETE,1.1696419351898277,92.71185710429631,1.3015842382417797,283.9167605330024,1.2038579747440088,126.94682853553849
protective_and_release,145,-0.9356399006761773,COMPLETE,1.2161284476689147,110.43028856604566,1.3008303519204758,266.28403311499625,1.205852777213723,129.04500424256744
protective_and_release,146,-1.0277581601729757,COMPLETE,1.1816891555399751,125.95143557442637,1.3000609502650822,266.98388737554694,1.205357513296287,119.30468929252149
protective_and_release,147,-1.2200442966188718,COMPLETE,1.1815052502547039,118.27839159057945,1.316989581128753,265.72153100296873,1.2051214357760756,118.40448172819227
protective_and_release,148,-1.0073708615212396,COMPLETE,1.1932274873710527,125.62911499287286,1.3006293036069232,268.8958925093476,1.2099403090578442,122.05286912176594
protective_and_release,149,-1.0632279886889862,COMPLETE,1.1901614076017402,129.01497029584587,1.3096260955888275,271.4237717864496,1.2001266426890536,115.3909244471765
protective_and_release,150,-1.163224655516626,COMPLETE,1.1654072404554778,137.82236808316122,1.3004123684964475,259.9995657817259,1.2099133749714364,121.500434286932
protective_and_release,151,-1.073754671259719,COMPLETE,1.1953717689183596,125.2502828019076,1.3095412657356194,279.364289874912,1.205940655602808,124.33380069672046
protective_and_release,152,-1.0054808273625038,COMPLETE,1.1995776830814826,108.07008403357013,1.3002605885392169,246.23063529049927,1.2000606094996233,121.09587044273907
protective_and_release,153,-1.3739759678331964,COMPLETE,1.183155365560832,109.96400483296077,1.316433797483956,249.36451135544303,1.221580370896546,111.3765354898864
protective_and_release,154,-0.9530442991285248,COMPLETE,1.2170426308580875,119.00823836215905,1.3005825574236065,244.3895190926671,1.2003209158467238,121.16911842962651
protective_and_release,155,-1.0413464529375638,COMPLETE,1.2157645227423393,118.58557091360862,1.3093256669063786,243.82095760586395,1.2001301163385227,119.38038355804085
protective_and_release,156,-1.0848349228240295,COMPLETE,1.2193189901854997,132.139511940153,1.3151865355597876,257.9976023573976,1.207397575839786,114.42251678809329
protective_and_release,157,-1.152071096794538,COMPLETE,1.212154878775635,117.3317207800449,1.3203951065491806,267.816911316949,1.2107423925094816,119.92049813243226
protective_and_release,158,-1.1807761998983701,COMPLETE,1.1778157350128557,127.34746001716,1.3095586031565445,273.71187073125964,1.2106729352621193,123.24053683819078
protective_and_release,159,-0.9253382725547654,COMPLETE,1.2243568426381573,109.99244451100961,1.30065217793234,284.0239770468361,1.2002512922764073,116.4655142001966
protective_and_release,160,-1.0042919702000108,COMPLETE,1.224004079638351,106.2876858638516,1.3081169672532045,282.7924411903363,1.2003415753006128,106.4707530069669
protective_and_release,161,-0.9202053980543079,COMPLETE,1.222830081962937,106.59188739886613,1.3000347363058218,282.5276301694935,1.2015183942618122,116.9820996409458
protective_and_release,162,-1.0365152817851442,COMPLETE,1.2237009878792005,107.0981178770691,1.3111546639608018,283.005679977711,1.2013213574604775,103.68155231342358
protective_and_release,163,-1.0064470301349715,COMPLETE,1.2247100315720185,97.90167153316563,1.3079374567469695,278.86407705065085,1.2008114787556046,112.91202198494848
protective_and_release,164,-1.1281528378969008,COMPLETE,1.2246383002037855,93.69687438452935,1.3154203509463105,279.0591922529693,1.2007361892390978,98.47737200709396
protective_and_release,165,-1.029115652868795,COMPLETE,1.21580433151175,97.80562891064866,1.307663824113905,286.0435149343227,1.2098412458030356,107.59227469043279
protective_and_release,166,-1.0378881030068898,COMPLETE,1.228400247073391,89.79353424166358,1.3082234592819506,274.98983799833275,1.2108351464199456,114.87413558111788
protective_and_release,167,-1.1362057986329832,COMPLETE,1.2195613444824114,82.13481762809788,1.3139440984689759,287.4100393936613,1.2224884792404085,111.95989706286154
protective_and_release,168,-0.9346428424389708,COMPLETE,1.2141583645132819,105.97708497185367,1.3003651100500568,281.01305203128567,1.2002482595289314,108.36496003386594
protective_and_release,169,-1.219807384743421,COMPLETE,1.2344733923244244,247.49086569577307,1.3001622503052286,263.2958068584273,1.202238446010131,106.7814065986874
protective_and_release,170,-1.0191361414850442,COMPLETE,1.212246967062704,107.09251858693415,1.300231773673412,271.54777377714396,1.221181460831301,98.90834814717267
protective_and_release,171,-1.1003259739647553,COMPLETE,1.2157660387702385,108.13938017258609,1.3097731417996192,270.60748750844857,1.211040644045082,88.91637029674469
protective_and_release,172,-1.0008747492143866,COMPLETE,1.2110645677660752,104.32626662613842,1.3000410988609556,281.36166016386113,1.2205166424643703,101.03871234928093
protective_and_release,173,-1.0333599456428533,COMPLETE,1.2224806629052685,99.96607782843921,1.3073407238767567,280.6589136106116,1.2093307344295898,100.76191554608599
protective_and_release,174,-1.1025148271709528,COMPLETE,1.2100431691137652,104.35184362714519,1.3133697840579586,280.6432362377495,1.2017737392906118,94.4135063207183
protective_and_release,175,-3.8019983672194613,COMPLETE,1.1923255283157088,97.38738855120246,1.500281494319956,275.7181727310691,1.2200097121239968,109.10152105493214
protective_and_release,176,-0.9496190690057582,COMPLETE,1.200992037790617,101.96431427378144,1.3003976338898235,283.9608626745729,1.2001403453239858,112.61488625718977
protective_and_release,177,-0.943419261659828,COMPLETE,1.2265071437637494,102.8265744756526,1.3000959040849558,261.54015439435636,1.2006311304303858,116.52348262763513
protective_and_release,178,-0.9714700986638403,COMPLETE,1.2283365942068403,104.75241061468157,1.3000799224523913,261.27365170538224,1.2009595458628044,104.77821961703741
protective_and_release,179,-1.1635848497718038,COMPLETE,1.230869655434077,100.44188854444634,1.3200543144698174,260.77834216766286,1.202003459142145,104.71670286895761
protective_and_release,180,-1.0985424232880403,COMPLETE,1.2263605062633829,85.79564049676318,1.3082469952054272,256.2062138683939,1.200101636054611,112.798885618495
protective_and_release,181,-0.9904697491981196,COMPLETE,1.2225037375220646,104.1724721445297,1.30424505050548,266.9924655576128,1.2108864790298066,115.29738314159327
protective_and_release,182,-1.0093943677580874,COMPLETE,1.2354324494028368,104.18145159715382,1.3055165887929292,266.41615618961134,1.2116214072206564,108.98593066872468
protective_and_release,183,-0.9593100924807585,COMPLETE,1.2195988733767904,109.8190399552245,1.3004132413685456,252.11113264670152,1.2003391788824067,114.8171151103185
protective_and_release,184,-1.0287955733541687,COMPLETE,1.2196119010912778,96.13830149521596,1.300068389265041,240.58193406537643,1.2011186114884,116.66269309638896
protective_and_release,185,-2.252569881523958,COMPLETE,1.2255678137731063,108.85956588952239,1.4156699562584458,251.06014066529642,1.2074351607905978,101.18165153222839
protective_and_release,186,-1.067296913262139,COMPLETE,1.2314024483247548,103.56658158303343,1.3119222208939239,262.3135929020975,1.2128944649270734,113.88747928201161
protective_and_release,187,-0.9900409330692805,COMPLETE,1.2195499920654354,109.47384034372298,1.3053243022761312,255.89784103260277,1.2007727877181478,117.34404743515829
protective_and_release,188,-1.0269386097144562,COMPLETE,1.222816632487367,101.31955001243465,1.3062232944171934,257.0269524088346,1.200336725580773,111.42359636379751
protective_and_release,189,-1.1081237760903861,COMPLETE,1.2174337665037294,105.59633636026956,1.3136613585459433,245.43111766136644,1.200278569570174,117.35952652371816
protective_and_release,190,-0.9963699550049054,COMPLETE,1.2371243607416293,109.90755878992832,1.3049126917124336,252.3323255104695,1.206781926684036,116.6853567284309
protective_and_release,191,-1.0059854328062445,COMPLETE,1.2378507779816532,108.7409763204186,1.3056550453362474,252.54140519112576,1.2067012933542336,115.94155620851929
protective_and_release,192,-1.0018444062852794,COMPLETE,1.2330099968445982,108.35738678768129,1.3053410272623864,253.38402264858777,1.2073304476676767,116.332135531588
protective_and_release,193,-1.0682906958374705,COMPLETE,1.2299045356180662,110.19419039045276,1.3046021037806723,237.2988624370562,1.2077305396997609,106.0602286466159
protective_and_release,194,-1.0129311700740162,COMPLETE,1.2131433999076038,104.83405779770817,1.3001092238675205,246.97343266487022,1.2118307995277724,118.39428123649435
protective_and_release,195,-1.0635443613445483,COMPLETE,1.2369635753669195,110.57450431632239,1.30948836220106,255.87986090655042,1.2192878986758673,110.43627014284073
protective_and_release,196,-1.0842869027978264,COMPLETE,1.2209482578558097,116.53972342109668,1.3163377152340419,261.9001279092243,1.2068835250129701,120.88025520913041
protective_and_release,197,-0.978968973124339,COMPLETE,1.2400331671331681,100.49055202918028,1.30002638528201,251.2558401936829,1.2000063735822886,116.18526911430872
protective_and_release,198,-1.043778274441498,COMPLETE,1.2401789118298148,93.34073248568282,1.304894822272075,251.36501922181827,1.2126733867320556,116.86264623298952
protective_and_release,199,-1.0480494720469191,COMPLETE,1.2319202146991648,101.23305723720416,1.3114198997690352,266.4236893512451,1.2068860352641422,114.54162939433812
protective_and_release,200,-1.0362555300008736,COMPLETE,1.227958341995287,104.47375474894822,1.3046648429147782,259.58434145240705,1.218617703995914,107.85959185504899
protective_and_release,201,-1.001020017726928,COMPLETE,1.2162391208813832,107.27261903922364,1.300672248936196,239.7844688535379,1.204915481896188,121.64087677773513
protective_and_release,202,-1.006686906607579,COMPLETE,1.2164879078977682,111.59030023265763,1.3052468627874307,254.0718062419291,1.206281810122273,117.16109928456494
protective_and_release,203,-1.204440489180758,COMPLETE,1.2099289512475864,98.87513156410779,1.30909580128751,238.39596257770472,1.211590801394804,103.39811515343665
protective_and_release,204,-0.9139646850548799,COMPLETE,1.2205726560981691,105.4753515805809,1.300106316556052,271.3771641958355,1.200137884577032,124.92623828136331
protective_and_release,205,-0.92733677204907,COMPLETE,1.21839758821667,116.1840459258499,1.300164978263062,271.81456972977907,1.2057613199907216,124.40110102641304
protective_and_release,206,-0.9603393043377872,COMPLETE,1.214314807396253,115.69790464057532,1.3005433965240831,270.87265104088476,1.2133288558586401,125.59031300725351
protective_and_release,207,-0.9918163996077256,COMPLETE,1.2106949270231453,114.20361739845248,1.3004198462059327,272.38770870227506,1.2193373084892845,125.2883537005262
protective_and_release,208,-1.0616497466520158,COMPLETE,1.2207994200820824,116.91523974022776,1.3121711458873755,271.01693538724714,1.2135159529878727,124.7897316360118
protective_and_release,209,-1.0138542838730502,COMPLETE,1.209945298541559,115.2040810100433,1.3048329954919147,264.4692025875927,1.2130109029313256,126.14092812257394
protective_and_release,210,-0.9193066348583634,COMPLETE,1.2265206186334914,118.58401217529521,1.300251634875853,273.0636664962322,1.200360093969588,123.37445515506158
protective_and_release,211,-0.9140935093667757,COMPLETE,1.2175331500892257,113.03727464380923,1.3001628916680579,273.9196826118087,1.200136328134914,124.75670954006013
protective_and_release,212,-0.916956853481854,COMPLETE,1.2194740527681633,118.57339028783984,1.300142357179783,270.95463728325285,1.2009836741076556,124.23111286491005
protective_and_release,213,-0.9150816815032381,COMPLETE,1.2201543988803072,119.51478885197506,1.3000595340756536,268.4102235455125,1.2000965652337752,122.69105954130393
protective_and_release,214,-1.0106504293677876,COMPLETE,1.2168382508941566,118.24700346830794,1.3099730070894335,275.11490362067553,1.2010369811643258,122.99078801330889
protective_and_release,215,-0.9179431559760642,COMPLETE,1.2272195012421838,118.87840945033969,1.3001722130929034,270.5109677167651,1.2007577932582836,126.53669671870448
protective_and_release,216,-0.927418653304235,COMPLETE,1.228249972073025,119.99985020944524,1.3001269245242764,270.2579924456615,1.2057510706778212,128.01032785941842
protective_and_release,217,-0.9245065703381572,COMPLETE,1.2287714687384796,119.74556304771666,1.300152335661903,276.61259616913327,1.200398203118321,127.95766204710944
protective_and_release,218,-0.9380876801134974,COMPLETE,1.2273120891197487,119.8427898665784,1.3006289503207151,277.0268414392025,1.2062221187632916,128.84197567845774
protective_and_release,219,-0.9311419000846866,COMPLETE,1.2277568464276432,119.9215074520325,1.3000198392207425,276.8168137665476,1.2055308917662508,128.22709114057642
protective_and_release,220,-1.0164992764161385,COMPLETE,1.2277698246258015,120.34362830111382,1.3090527004270627,277.08374404344744,1.2067403014509397,128.7279155439481
protective_and_release,221,-0.9351032033432349,COMPLETE,1.2273070312863417,120.94557825784767,1.3004334972600933,275.3985577453845,1.2058735071384026,127.68926953365253
protective_and_release,222,-0.9324336935612076,COMPLETE,1.2268737596148644,120.28108741111251,1.3001433487220833,284.14150833833304,1.2000816556619893,127.93036514521211
protective_and_release,223,-0.9910009166571254,COMPLETE,1.225464039707105,120.99237850509184,1.3051843547837418,275.725284935192,1.2110348095584107,127.87593233135452
protective_and_release,224,-0.9411310830497621,COMPLETE,1.2316378090912072,120.07887600493154,1.3001511876314238,280.729961274329,1.2068157935965038,126.15720367958899
protective_and_release,225,-1.0025325009214825,COMPLETE,1.231440063720512,129.50724563285436,1.3053533822460488,282.8766339534951,1.2000296642721469,131.05823985837625
protective_and_release,226,-1.0237835336044832,COMPLETE,1.2248488424248813,123.34660153652703,1.3095463291669267,277.5395679576083,1.2058910051901954,127.5272712850185
protective_and_release,227,-0.9413743285640375,COMPLETE,1.2340485987690093,120.02452935766563,1.3001961091828458,283.9360775779935,1.2002717031763508,122.88438391516416
protective_and_release,228,-0.9982548354501408,COMPLETE,1.233865184428594,119.4724744263546,1.3058501847928787,285.96736765059643,1.2065708067725556,122.88837583746682
protective_and_release,229,-1.059930039247936,COMPLETE,1.2283053243424944,124.79331000788952,1.3126903450540486,278.91835256996404,1.2062114519618505,129.61847147451473
protective_and_release,230,-0.9285845076690391,COMPLETE,1.2348526848474524,120.43950249433814,1.3000094481850666,273.69154913243165,1.2000513505483805,126.85232300034423
protective_and_release,231,-0.9874417115668388,COMPLETE,1.2431043045086034,120.5314664637791,1.305135377775303,273.6933295762851,1.2000335247728842,127.14872087838859
protective_and_release,232,-1.0023816824944798,COMPLETE,1.2330866725457945,126.43672799217829,1.30494935755418,283.0803271025641,1.2102380114566018,121.8646096532565
protective_and_release,233,-0.9308113166945575,COMPLETE,1.2260626674020083,118.82523677176492,1.3004265515645126,275.43594588491544,1.2057596832629902,123.37883940373627
protective_and_release,234,-0.9985541203595516,COMPLETE,1.2270041721322147,130.791236805322,1.3048403039018177,273.6304548917532,1.2089039244577104,130.59966953538364
protective_and_release,235,-1.0184806234517119,COMPLETE,1.2366936145776661,121.09984956734395,1.3099114262281473,268.58241600454437,1.2056700507846234,124.05401789476932
protective_and_release,236,-0.9532863002859382,COMPLETE,1.223199589695494,116.28968322714755,1.3001878287435538,278.75774742069433,1.2146813945220327,126.9278844538614
protective_and_release,237,-0.9564358285928609,COMPLETE,1.231857605021024,123.95752720159038,1.3001050179705402,287.80736312892026,1.2052882387349446,126.71937860267987
protective_and_release,238,-1.0229048358587733,COMPLETE,1.2225669445980196,118.07514756763796,1.3083672321504332,280.93168426537676,1.2118882830102653,123.588207563337
protective_and_release,239,-0.9792456618638257,COMPLETE,1.2414708376686592,136.2545448286172,1.3000300878932225,273.597178189768,1.205298057527405,129.31553616823922
