study,trial_number,state,refractive_index,thickness_nm,transmitted_power_w_m2,relative_gain_vs_no_retrofit_percent
practical_polymer,0,COMPLETE,1.3,20.0,827.7692440429137,0.03915890633559016
practical_polymer,1,COMPLETE,1.4123620356542088,951.7000202817178,799.7861382312813,-3.342709155480872
practical_polymer,2,COMPLETE,1.5195981825434215,606.6853145130958,782.1593219876852,-5.472979014981072
practical_polymer,3,COMPLETE,1.346805592132731,172.8746299294786,805.893858595254,-2.60456720052894
practical_polymer,4,COMPLETE,1.31742508365046,868.8526228594365,813.8275151289724,-1.6457536997898314
practical_polymer,5,COMPLETE,1.4803345035229627,713.9111262401245,790.2471027967111,-4.495538991234782
practical_polymer,6,COMPLETE,1.3061753482887408,970.5116551187544,815.1720775151075,-1.483258063265458
practical_polymer,7,COMPLETE,1.5497327922401265,228.09232846471062,778.4593274016397,-5.920137868743458
practical_polymer,8,COMPLETE,1.3545474901621302,199.73641965636514,805.4238204923118,-2.6613731483346226
practical_polymer,9,COMPLETE,1.3912726728878613,534.2613029995931,802.6804770842014,-2.9929169561212166
practical_polymer,10,COMPLETE,1.4295835055926347,305.40455739408105,799.6904236578629,-3.3542766369846433
practical_polymer,11,COMPLETE,1.4835558684167138,156.703983439001,781.974037468249,-5.4953713756735745
practical_polymer,12,COMPLETE,1.3876433945605655,379.0346064278179,805.2889808911816,-2.677669042850417
practical_polymer,13,COMPLETE,1.4368209952651108,789.4724421651533,797.5472029449255,-3.613293263920081
practical_polymer,14,COMPLETE,1.359902134647508,523.9497496453394,807.8058717921217,-2.3734929084976764
practical_polymer,15,COMPLETE,1.4777243706586127,65.52140446559777,789.0514740964041,-4.6400354078433566
practical_polymer,16,COMPLETE,1.4822634555704315,187.1136412135457,785.6368944453791,-5.0527007475687835
practical_polymer,17,COMPLETE,1.319515477895584,949.9078265082666,813.6498601546268,-1.6672240000419336
practical_polymer,18,COMPLETE,1.5896896099223679,812.2294011541319,770.1397082028517,-6.925596470953388
practical_polymer,19,COMPLETE,1.3913841307520112,115.71867172625619,796.0588819763618,-3.793162688822338
practical_polymer,20,COMPLETE,1.5052699079536471,451.3494438648093,785.5113740493609,-5.0678703796052655
practical_polymer,21,COMPLETE,1.3366114704534338,505.2733719090448,811.5913356655242,-1.9160047562248095
practical_polymer,22,COMPLETE,1.3103165563345656,911.1339940372064,814.8902098616024,-1.5173228744220446
practical_polymer,23,COMPLETE,1.3776339944800051,669.2718386669023,804.4017605790059,-2.784893096454022
practical_polymer,24,COMPLETE,1.3935133228268233,529.6666607542546,802.4183904433612,-3.0245911543339665
practical_polymer,25,COMPLETE,1.464013083802984,201.1573664150165,789.4851216354218,-4.587627402378869
practical_polymer,26,COMPLETE,1.5908753883293676,779.6301668938922,771.1523052853064,-6.803220143047051
practical_polymer,27,COMPLETE,1.5818496824692567,896.9308034190958,770.2826168072038,-6.908325405758897
practical_polymer,28,COMPLETE,1.4793699936433256,923.4367503226545,788.7215388779189,-4.679909372705393
practical_polymer,29,COMPLETE,1.3265477506155758,212.0632051707623,809.3895748264183,-2.182096186949245
practical_polymer,30,COMPLETE,1.3135681866731614,338.82372414799903,814.2255613740256,-1.5976482502971012
practical_polymer,31,COMPLETE,1.4166031869068447,285.922051138418,800.4965787582212,-3.25684963209375
practical_polymer,32,COMPLETE,1.548621252745579,369.61826015971747,779.216055121484,-5.8286843565972575
practical_polymer,33,COMPLETE,1.3842803529062142,551.8421614950835,803.4988111491945,-2.894018075599303
practical_polymer,34,COMPLETE,1.3422772674924288,806.1530411389589,810.2898059944728,-2.073299720395849
practical_polymer,35,COMPLETE,1.3223651931039313,987.1491978685069,812.877242298257,-1.7605978974940206
practical_polymer,36,COMPLETE,1.5316734307889974,214.74136790348896,780.1393855066958,-5.7170962590761265
practical_polymer,37,COMPLETE,1.3016566351370809,819.1521998857374,815.0394619985302,-1.499285168442166
practical_polymer,38,COMPLETE,1.5120572031542852,734.4270246801675,785.5623363670363,-5.061711383685985
practical_polymer,39,COMPLETE,1.5313811040057839,92.56375869940855,763.2446180811261,-7.7588951484832025
practical_polymer,40,COMPLETE,1.4075397185632819,133.55167833462713,793.3231922943552,-4.123781513798264
practical_polymer,41,COMPLETE,1.5589310277626782,630.8321642910067,776.5403135014956,-6.152058223216105
practical_polymer,42,COMPLETE,1.3992694074557948,82.28718328030317,798.8475370880371,-3.4561427839883363
practical_polymer,43,COMPLETE,1.3932946965146986,338.6796555862121,804.9911131851176,-2.713667523096508
practical_polymer,44,COMPLETE,1.5188818535014192,644.8063219281089,783.2249004224294,-5.344199682905515
practical_polymer,45,COMPLETE,1.566163822772898,482.7706266587103,772.3741274551126,-6.655558142942364
practical_polymer,46,COMPLETE,1.3358782737814905,718.9798914785351,810.271041809902,-2.0755674456774176
practical_polymer,47,COMPLETE,1.5282355145850692,570.0516536181063,779.9817423713923,-5.736148050111622
practical_polymer,48,COMPLETE,1.5312901539863684,503.91968443710294,778.7041165600677,-5.890554139105319
practical_polymer,49,COMPLETE,1.4568198488145983,438.99019799137864,794.2703661471581,-4.009311839726193
practical_polymer,50,COMPLETE,1.302249896422772,25.46753979312149,827.2135880092104,-0.02799430411881687
practical_polymer,51,COMPLETE,1.302264195794888,36.303862275801976,825.6287474348954,-0.21952850183887263
practical_polymer,52,COMPLETE,1.301306469006323,34.46266801473471,825.9789571744082,-0.17720428161229762
practical_polymer,53,COMPLETE,1.3006955216655336,22.797858014236297,827.5247119179893,0.009606240204229621
practical_polymer,54,COMPLETE,1.3027075709275726,21.91859992276504,827.573673756836,0.015523470413003615
practical_polymer,55,COMPLETE,1.3645797023999457,22.23318048791693,826.274836813353,-0.14144606707297003
practical_polymer,56,COMPLETE,1.357313772701097,33.60236203538666,823.4402416791825,-0.48401800376079995
practical_polymer,57,COMPLETE,1.3697542343853208,25.242483945522757,825.3734492108977,-0.25038229325818895
practical_polymer,58,COMPLETE,1.329825415267099,144.72100394518165,808.1276803929461,-2.334601077245213
practical_polymer,59,COMPLETE,1.349984685125211,66.42278251163239,813.0474665027419,-1.7400256349163423
practical_polymer,60,COMPLETE,1.3132083027331931,109.166665723009,812.1232775079145,-1.8517174987762175
practical_polymer,61,COMPLETE,1.3024926365055536,51.50037466147451,822.6899679250387,-0.5746915288454724
practical_polymer,62,COMPLETE,1.3019431252133495,39.848439855989845,825.0147314642796,-0.29373473950415896
practical_polymer,63,COMPLETE,1.3177436268956377,157.92698505960698,810.1546541482998,-2.0896333509494047
practical_polymer,64,COMPLETE,1.3406819155666414,20.67417330544317,827.0788301249406,-0.044280322831591334
practical_polymer,65,COMPLETE,1.36944356612971,91.74435390072632,803.0414449753137,-2.9492925710900675
practical_polymer,66,COMPLETE,1.3428233703420265,256.72383432073286,808.2681375571624,-2.3176262782034662
practical_polymer,67,COMPLETE,1.3314687727235186,120.86289585051746,808.0835658134374,-2.339932497156394
practical_polymer,68,COMPLETE,1.3221260758560118,69.36477232970124,816.4391183424486,-1.3301312110909125
practical_polymer,69,COMPLETE,1.3122121453161562,20.7238040463588,827.5421868697213,0.011718156642026578
practical_polymer,70,COMPLETE,1.310176856017003,99.38325866718367,813.519502704944,-1.6829782089803458
practical_polymer,71,COMPLETE,1.3227141763433141,59.98871901213465,818.6298682083957,-1.065370499647822
practical_polymer,72,COMPLETE,1.3393468676826836,25.243055157648786,826.3132344003373,-0.13680556812524225
practical_polymer,73,COMPLETE,1.348698275783714,20.676253967541044,826.9288084497067,-0.062411030533193745
practical_polymer,74,COMPLETE,1.3513899163733445,177.10467395611136,805.3134493178718,-2.6747119375418182
practical_polymer,75,COMPLETE,1.342137676510794,69.70874714034493,813.3253831182735,-1.7064383221912616
practical_polymer,76,COMPLETE,1.3336410942914638,125.94452073302868,807.5388919703873,-2.405758466808139
practical_polymer,77,COMPLETE,1.3113854189807623,21.887046034550497,827.4356616777973,-0.0011558304976233558
practical_polymer,78,COMPLETE,1.3151687164708528,86.46352870690305,814.2792930563787,-1.59115456579757
practical_polymer,79,COMPLETE,1.3094448242990837,55.62599393922264,821.1514992172963,-0.7606215046616405
practical_polymer,80,COMPLETE,1.32475850912757,165.01329944082835,809.1111216518443,-2.215748344938495
practical_polymer,81,COMPLETE,1.33806930196092,21.772179544005745,826.9583856673959,-0.05883650780031946
practical_polymer,82,COMPLETE,1.3091226120682529,106.4681440868917,813.0693231129915,-1.7373841778657972
practical_polymer,83,COMPLETE,1.3280821489532457,22.03688402219127,827.1158429865415,-0.039807173376105176
practical_polymer,84,COMPLETE,1.3180050858487486,56.45421709686271,820.0548243666283,-0.8931589605336687
practical_polymer,85,COMPLETE,1.3324000637729396,84.768597007028,811.5523365213961,-1.9207179557121257
practical_polymer,86,COMPLETE,1.327049809759888,137.56631135400312,808.6056277002359,-2.2768392710813434
practical_polymer,87,COMPLETE,1.308255404282519,50.10865637663038,822.4844285057247,-0.5995317736096295
practical_polymer,88,COMPLETE,1.3142088135523096,76.71411674798006,816.0967814909197,-1.371503961934284
practical_polymer,89,COMPLETE,1.356683133869437,109.65427510807109,803.6247604608641,-2.8787966074245275
practical_polymer,90,COMPLETE,1.3195477832944842,20.724421685207016,827.4301216860806,-0.0018253602194318042
practical_polymer,91,COMPLETE,1.3198106828124945,47.70249896167869,822.0577485884264,-0.6510977146686026
practical_polymer,92,COMPLETE,1.3071875630873755,25.264091198146318,827.1270663866997,-0.038450781458942984
practical_polymer,93,COMPLETE,1.3004131675524866,75.11302258663808,818.4197444225225,-1.0907647830864065
practical_polymer,94,COMPLETE,1.327535872594097,50.202516675357785,820.703280139405,-0.8147905377354214
practical_polymer,95,COMPLETE,1.3058443124304444,20.428603521891596,827.659833753328,0.02593624383078197
practical_polymer,96,COMPLETE,1.3076842036051761,124.0250223311763,812.3244767932138,-1.8274017762258232
practical_polymer,97,COMPLETE,1.3155086272170406,95.90158046957404,812.9461636255749,-1.7522684848404246
practical_polymer,98,COMPLETE,1.3057400894907787,46.019295515491635,823.5590464613006,-0.46965997999671716
practical_polymer,99,COMPLETE,1.3232465632559915,148.76366539457103,809.2478299648327,-2.1992266092672574
practical_polymer,100,COMPLETE,1.313239150317269,61.50450577919673,819.4087887665421,-0.9712348959725281
practical_polymer,101,COMPLETE,1.3072126218744446,20.089820929412372,827.670387971902,0.027211762529555372
practical_polymer,102,COMPLETE,1.3051935300115216,43.15874677181012,824.1813055917772,-0.3944575241400239
practical_polymer,103,COMPLETE,1.316991671630266,78.9402515418987,815.2459403087787,-1.4743314550271003
practical_polymer,104,COMPLETE,1.3294460808366704,38.45715811710323,823.7008488020361,-0.4525226110980496
practical_polymer,105,COMPLETE,1.308231868923729,97.32250322248424,814.078914810757,-1.6153710624835393
practical_polymer,106,COMPLETE,1.3015399059022874,72.61656069384861,818.6888016835003,-1.0582481580975411
practical_polymer,107,COMPLETE,1.3207959629209023,22.34640719529719,827.2136206472385,-0.02799035968514829
practical_polymer,108,COMPLETE,1.3184543017948747,39.80272559079801,824.0544612901473,-0.4097871553608412
practical_polymer,109,COMPLETE,1.3112796884058855,119.32965942533336,811.8802303840616,-1.8810906967052565
practical_polymer,110,COMPLETE,1.3006370099001638,63.2425029007835,820.5320271449992,-0.8354871336090142
practical_polymer,111,COMPLETE,1.3245820686473155,20.661118022089177,827.3571787499654,-0.010640800065297995
practical_polymer,112,COMPLETE,1.3218414615270757,41.1914208267153,823.5104789638866,-0.4755295524970782
practical_polymer,113,COMPLETE,1.3334870150414075,20.354975974196734,827.2498206464786,-0.02361544783325842
practical_polymer,114,COMPLETE,1.3120546157572022,85.85273322940088,814.8967720511594,-1.5165298080831002
practical_polymer,115,COMPLETE,1.333565870816246,63.86266305701442,816.1989595726208,-1.3591553401105183
practical_polymer,116,COMPLETE,1.3435676973998865,103.64641571399991,806.7684608808976,-2.4988680849082456
practical_polymer,117,COMPLETE,1.322689605326863,22.195362317954075,827.1973941072143,-0.029951400672900697
practical_polymer,118,COMPLETE,1.3346704678068417,48.24414969238063,820.5835813923688,-0.8292566006651736
practical_polymer,119,COMPLETE,1.3467840869359788,75.4259892557962,811.0410917297834,-1.9825038934190964
practical_polymer,120,COMPLETE,1.3000620109611114,21.129437500641252,827.6813399353771,0.028535350259240033
practical_polymer,121,COMPLETE,1.3180109676214662,20.302048713073514,827.4993405377714,0.006540009421263093
practical_polymer,122,COMPLETE,1.3185987409358195,20.020009355704893,827.5202317170114,0.009064790348745078
practical_polymer,123,COMPLETE,1.3140158663186239,57.385897178036814,820.2672455901493,-0.8674870227468712
practical_polymer,124,COMPLETE,1.3272868208392676,39.42970051281583,823.5899283596028,-0.46592778149596725
practical_polymer,125,COMPLETE,1.300407622429587,91.89624125831304,816.0278666827709,-1.3798325867207417
practical_polymer,126,COMPLETE,1.307672615710577,56.755915136017165,821.0856029190418,-0.7685853306914958
practical_polymer,127,COMPLETE,1.3159405290128583,21.0537268039565,827.4508627792031,0.0006812822122670426
practical_polymer,128,COMPLETE,1.3166122551876531,73.25253898894047,816.4090345457889,-1.3337669558787346
practical_polymer,129,COMPLETE,1.3068479612916002,43.63536122659474,823.9738413794823,-0.41953038768322015
practical_polymer,130,COMPLETE,1.313745393091327,40.5960012063165,824.1693992427412,-0.39589645310698085
practical_polymer,131,COMPLETE,1.3238990286660945,20.651786454213234,827.3693219698298,-0.009173244329951924
practical_polymer,132,COMPLETE,1.3241974262356921,64.24061420971675,817.3730551935329,-1.2172612805801175
practical_polymer,133,COMPLETE,1.3185630682174336,22.40686615742831,827.2480343882036,-0.023831324149892197
practical_polymer,134,COMPLETE,1.3096206479118733,39.69869341943525,824.6060995128771,-0.34311951311679634
practical_polymer,135,COMPLETE,1.328642752056591,85.15980942091946,812.1526248319719,-1.848170759590162
practical_polymer,136,COMPLETE,1.3004220389691543,111.3685894153215,814.2628251592995,-1.593144775731814
practical_polymer,137,COMPLETE,1.338402475893418,56.870755657770474,817.5878434619764,-1.1913032761330156
practical_polymer,138,COMPLETE,1.312810324796722,21.396187623231963,827.464321826314,0.0023078608298421344
practical_polymer,139,COMPLETE,1.3065943212936661,41.863014605210665,824.3514773135119,-0.3738916043085072
practical_polymer,140,COMPLETE,1.3170769500898278,79.28258263737615,815.1693922109746,-1.4835825927992596
practical_polymer,141,COMPLETE,1.3120066452191033,22.972918692822976,827.3032055600966,-0.017163671695086258
practical_polymer,142,COMPLETE,1.3235383640390002,57.5815728288501,819.1498027139867,-1.0025343759333616
practical_polymer,143,COMPLETE,1.3055657742199727,39.040592922695524,824.9649039044248,-0.2997565954913295
practical_polymer,144,COMPLETE,1.317402089726192,66.57079838660468,817.7329497421362,-1.173766613199867
practical_polymer,145,COMPLETE,1.3118468616999743,21.72779966744467,827.4449405368908,-3.444399285790212e-05
practical_polymer,146,COMPLETE,1.311627197427139,94.34551571600514,813.8201415589556,-1.6466448246388543
practical_polymer,147,COMPLETE,1.30706874399475,20.59170369489346,827.6287219344173,0.02217625852294347
practical_polymer,148,COMPLETE,1.3000286800647907,46.35340982922689,823.909386921943,-0.4273199616090517
practical_polymer,149,COMPLETE,1.305805167174223,63.77311198190762,819.8150968975883,-0.9221309651618825
practical_polymer,150,COMPLETE,1.312239505404321,132.51765987658226,811.2685814805197,-1.9550108650331577
practical_polymer,151,COMPLETE,1.3205366884135046,21.38004116167694,827.3381346084223,-0.01294235924472753
practical_polymer,152,COMPLETE,1.305710900830466,38.314676636758115,825.0944014803708,-0.28410630566565453
practical_polymer,153,COMPLETE,1.3000652069959666,42.133569502878274,824.7040274935262,-0.3312845326702285
practical_polymer,154,COMPLETE,1.3144727705422954,22.64734474719562,827.2952247309456,-0.01812818619157941
practical_polymer,155,COMPLETE,1.3294395635336949,56.57138530827461,818.7389674347463,-1.0521854303546685
practical_polymer,156,COMPLETE,1.3185487765147896,20.811346934025828,827.4361618565913,-0.0010953819291170674
practical_polymer,157,COMPLETE,1.3097454077328827,75.53442416520478,816.9912586166956,-1.2634028939524256
practical_polymer,158,COMPLETE,1.3171838788270123,38.71046979128747,824.3754731857464,-0.3709916090588128
practical_polymer,159,COMPLETE,1.3070912999627782,100.00381263398675,814.0046691710343,-1.6243439391684156
practical_polymer,160,COMPLETE,1.3184692481572715,55.31949436360394,820.2844675363066,-0.8654056830248336
practical_polymer,161,COMPLETE,1.3286664712071186,20.994772181291697,827.246737773422,-0.023988025130394774
practical_polymer,162,COMPLETE,1.3240626032116012,21.729962585749504,827.2325365224829,-0.025704301990869816
practical_polymer,163,COMPLETE,1.3128802841316853,40.650535747544104,824.2112978285638,-0.39083284472187785
practical_polymer,164,COMPLETE,1.498693288735151,20.16013611603894,822.8600594491252,-0.5541353012142092
practical_polymer,165,COMPLETE,1.3054003703585328,76.30428604676365,817.4977609117363,-1.2021901055519701
practical_polymer,166,COMPLETE,1.321200139943628,50.80615888952552,821.1477220476193,-0.7610779904277609
practical_polymer,167,COMPLETE,1.3350248546201589,64.16940271084792,815.9117324839829,-1.3938678600177723
practical_polymer,168,COMPLETE,1.3118327166546315,40.4315301235586,824.322397561005,-0.3774060064234974
practical_polymer,169,COMPLETE,1.3004942341036652,78.51772499825132,817.8566521492892,-1.158816692246245
practical_polymer,170,COMPLETE,1.3179314923606513,39.82187770500897,824.0823085090026,-0.4064217097705325
practical_polymer,171,COMPLETE,1.3243689579247484,25.693494046373942,826.6426510006828,-0.09699428029893431
practical_polymer,172,COMPLETE,1.3078016650417301,20.347112185355304,827.6402107361412,0.023564725259994646
practical_polymer,173,COMPLETE,1.3072007257941043,20.009966124674616,827.6773040296745,0.028047595229896416
practical_polymer,174,COMPLETE,1.3063676394946118,55.69208075609109,821.4484850852771,-0.72472959800568
practical_polymer,175,COMPLETE,1.3107579152085558,38.34441513543233,824.8159530530248,-0.3177578899338007
practical_polymer,176,COMPLETE,1.3052744199195085,60.8017931467312,820.4874348455971,-0.8408762878424958
practical_polymer,177,COMPLETE,1.3130508624593635,39.07345618597191,824.5366537419002,-0.3515123068429826
practical_polymer,178,COMPLETE,1.3003206482885423,87.57239846493965,816.5788502534502,-1.3132440617439567
practical_polymer,179,COMPLETE,1.3157465976682106,57.90597909604211,819.9534818816552,-0.9054065972164071
practical_polymer,180,COMPLETE,1.308543121584547,38.43585045263354,824.9188480084455,-0.3053226311100832
practical_polymer,181,COMPLETE,1.3211000393359775,20.45899714583066,827.4356861651859,-0.0011528711006958403
practical_polymer,182,COMPLETE,1.3189342027946733,21.664324727729984,827.3318096479295,-0.013706755521059044
practical_polymer,183,COMPLETE,1.3052614901598307,40.181412578797975,824.7634690677955,-0.3241007853435729
practical_polymer,184,COMPLETE,1.312682954669092,21.125800163654517,827.4945019451229,0.005955246527089564
practical_polymer,185,COMPLETE,1.3090925289582456,66.65498090878646,818.8133595457117,-1.0431948520457923
practical_polymer,186,COMPLETE,1.3001050400274763,20.251726812263648,827.7493491780583,0.03675453390812322
practical_polymer,187,COMPLETE,1.3009577292559418,47.113518499462494,823.6933994203775,-0.45342289808124603
practical_polymer,188,COMPLETE,1.300057455276012,73.53612706840866,818.7346367418264,-1.0527088115751093
practical_polymer,189,COMPLETE,1.3136583041114922,53.184559458885985,821.2894253400212,-0.743952591908581
practical_polymer,190,COMPLETE,1.3057013942990814,22.763734584464796,827.441400748351,-0.0004622413177557405
practical_polymer,191,COMPLETE,1.3054702249275378,21.01177180727083,827.6140664425778,0.02040508486853554
practical_polymer,192,COMPLETE,1.3066316754754492,38.23753186296013,825.0600330470137,-0.28825986559883887
practical_polymer,193,COMPLETE,1.3055124875853419,20.542710564512227,827.6545937819304,0.02530297274094817
practical_polymer,194,COMPLETE,1.3052339548556209,51.69639225309167,822.4076400133112,-0.6088119640129563
practical_polymer,195,COMPLETE,1.3109791631820003,35.745348292853244,825.3164904690086,-0.2572659805562427
practical_polymer,196,COMPLETE,1.304666453676262,21.13238258490717,827.6150150734086,0.020519730624113386
practical_polymer,197,COMPLETE,1.3002644151570524,60.18392554689138,821.1663999012237,-0.7588206985819856
practical_polymer,198,COMPLETE,1.313672389823825,20.251566447268374,827.5672544835436,0.014747676065018922
practical_polymer,199,COMPLETE,1.306089006052736,42.04185808346102,824.347425802566,-0.37438124529268757
practical_polymer,200,COMPLETE,1.313582808841084,857.9260903888285,814.1561115435077,-1.6060415346347279
practical_polymer,201,COMPLETE,1.3107895047107774,22.341890761423368,827.3967181766335,-0.005862305314530136
practical_polymer,202,COMPLETE,1.3142554232487873,21.213392660668816,827.4605343297636,0.0018501270205861786
practical_polymer,203,COMPLETE,1.300314985620654,42.757528192317956,824.5727628394922,-0.3471483808117126
practical_polymer,204,COMPLETE,1.30619211104457,67.8426076578549,818.9517358543136,-1.0264715325642881
practical_polymer,205,COMPLETE,1.3156775646147871,38.586211127347354,824.4895128246003,-0.3572094715428076
practical_polymer,206,COMPLETE,1.3100467177922757,20.90091251303045,827.5570810156055,0.013518172573534493
practical_polymer,207,COMPLETE,1.3081513229630206,55.896379413212564,821.2237179746639,-0.7518935846569819
practical_polymer,208,COMPLETE,1.3051804229222477,78.78482145280132,817.1126367447655,-1.2487338712397267
practical_polymer,209,COMPLETE,1.3109024691029172,20.180471578867266,827.6126658557267,0.0202358184557605
practical_polymer,210,COMPLETE,1.3100292266022373,39.86614506248015,824.5480525480561,-0.3501347164232116
practical_polymer,211,COMPLETE,1.300433177227969,21.143914962535884,827.6749214296909,0.027759648679492877
practical_polymer,212,COMPLETE,1.3008306318858343,21.34777387803456,827.6522686677608,0.025021973576544454
practical_polymer,213,COMPLETE,1.3000966889657104,49.022461466429405,823.3853172411958,-0.49065583745555585
practical_polymer,214,COMPLETE,1.3046693439252781,35.90652806493753,825.5855962337926,-0.22474349369221436
practical_polymer,215,COMPLETE,1.3001556861231105,20.753075078929324,827.7101807870994,0.03202088027767225
practical_polymer,216,COMPLETE,1.3001128520939402,62.127074942550045,820.8065950453389,-0.802304526245512
practical_polymer,217,COMPLETE,1.3057380595182677,40.41707223485301,824.6899847961848,-0.33298164770670935
practical_polymer,218,COMPLETE,1.5991263616415834,48.99424673984207,778.4913907313953,-5.916262889619062
practical_polymer,219,COMPLETE,1.3045675283210878,21.852464399386836,827.5504540364726,0.01271727616030116
practical_polymer,220,COMPLETE,1.3002637375385993,63.051252615650725,820.6119332867735,-0.8258301630558407
practical_polymer,221,COMPLETE,1.30651042965203,21.517227656685815,827.5517650443975,0.012875716608595766
practical_polymer,222,COMPLETE,1.3060268501495844,39.12256449842971,824.9238144352837,-0.3047224189528408
practical_polymer,223,COMPLETE,1.3082664339063756,36.47014203202899,825.3107337264601,-0.2579617054659922
practical_polymer,224,COMPLETE,1.3051170083332873,22.097192526719073,827.5181548361984,0.008813791158845952
practical_polymer,225,COMPLETE,1.3004849741360962,20.37888652013381,827.7348708707316,0.03500477369684507
practical_polymer,226,COMPLETE,1.3006040682360154,20.380822364432937,827.7331844086591,0.034800958142611194
practical_polymer,227,COMPLETE,1.3005018699824724,54.58424959545423,822.2485335631741,-0.6280406023838947
practical_polymer,228,COMPLETE,1.3097055722180635,20.20416449085545,827.6269150083389,0.021957884421230922
practical_polymer,229,COMPLETE,1.306028466448986,39.87640133080447,824.7783048181388,-0.3223078267421631
practical_polymer,230,COMPLETE,1.3000299294348794,20.358562057752817,827.7422705039062,0.03589904838068314
practical_polymer,231,COMPLETE,1.3052678999918026,20.905316229073584,827.6264480044031,0.02190144516442949
practical_polymer,232,COMPLETE,1.3097082396765911,39.52038531296043,824.637218567818,-0.3393586533063542
practical_polymer,233,COMPLETE,1.300693885125995,50.08627132167265,823.127170406173,-0.5218538946869189
practical_polymer,234,COMPLETE,1.3003509109628648,21.09664561073008,827.6799500647679,0.02836737894631458
practical_polymer,235,COMPLETE,1.3008017997353392,20.46378782999122,827.7242156979406,0.03371705428507621
practical_polymer,236,COMPLETE,1.3004607102738899,55.28594209046737,822.1127918828315,-0.6444455167096352
practical_polymer,237,COMPLETE,1.3004028344742595,42.556615120312415,824.6047399735014,-0.34328381878123704
practical_polymer,238,COMPLETE,1.3095309341472083,77.35612244615226,816.6960439733311,-1.299080741168368
practical_polymer,239,COMPLETE,1.3056670369273762,38.114652743863594,825.1342749147243,-0.27928744477642153
practical_polymer,240,COMPLETE,1.3006221122145298,58.83171823433187,821.3935067130948,-0.7313739498594596
practical_polymer,241,COMPLETE,1.3106166838105655,36.54632835676681,825.1795379044481,-0.2738172349877166
practical_polymer,242,COMPLETE,1.3109167797179586,24.09754112961997,827.1900203233042,-0.030842551371768057
practical_polymer,243,COMPLETE,1.3055931484582914,35.875437128732884,825.5479806199563,-0.22928948811881122
practical_polymer,244,COMPLETE,1.3116139322421592,20.7625852371869,827.5472449337395,0.01232944351179377
practical_polymer,245,COMPLETE,1.300352573453864,22.615620242281498,827.5475307528063,0.012363985866747917
practical_polymer,246,COMPLETE,1.3064111390373367,20.636028014643074,827.6340103105414,0.022815379513785317
practical_polymer,247,COMPLETE,1.3052691782207406,54.11233108450156,821.8928032710097,-0.6710320030450467
practical_polymer,248,COMPLETE,1.3000615914666596,44.991056082171205,824.1680631693364,-0.39605792281681707
practical_polymer,249,COMPLETE,1.314482165338697,68.46204196754955,817.7150841672913,-1.1759257379725274
practical_polymer,250,COMPLETE,1.3066005433126486,38.965119027681354,824.9223792330716,-0.30489586876772945
practical_polymer,251,COMPLETE,1.4454675374709591,20.58488790313943,824.4995726456061,-0.35599370272870745
practical_polymer,252,COMPLETE,1.3150011346764057,39.179366688266114,824.4005922805161,-0.36795586796148916
practical_polymer,253,COMPLETE,1.300135714588589,59.31282439480831,821.3504141927765,-0.7365818499098897
practical_polymer,254,COMPLETE,1.3063424932681142,20.15479438051998,827.6763777552835,0.027935651337740453
practical_polymer,255,COMPLETE,1.3062058106500523,39.1070210421337,824.9168888058732,-0.30555940842316165
practical_polymer,256,COMPLETE,1.3072933318569349,20.377363766305905,827.6445085487686,0.02408413276815402
practical_polymer,257,COMPLETE,1.3087224205805352,57.07191051212312,820.9066659043476,-0.7902105705467344
practical_polymer,258,COMPLETE,1.3064120812822404,82.28815262126125,816.3611623309836,-1.3395525007495745
practical_polymer,259,COMPLETE,1.3153942482947412,42.33918982547003,823.6752759168659,-0.4556131945446462
practical_polymer,260,COMPLETE,1.3053383597781736,20.65700073781212,827.647154250303,0.024403876172640615
practical_polymer,261,COMPLETE,1.3050817328508217,38.42536604971338,825.1070921970336,-0.2825725827954262
practical_polymer,262,COMPLETE,1.3003211748610903,20.34616662492814,827.7394722364817,0.03556086679015191
practical_polymer,263,COMPLETE,1.3009653382358606,69.30463888712175,819.3565934499427,-0.977542904646489
practical_polymer,264,COMPLETE,1.3002770791259428,56.984186376230355,821.7939826731265,-0.6829748597844132
practical_polymer,265,COMPLETE,1.3103925410379915,420.43599699675985,814.9309555924044,-1.5123985930866501
practical_polymer,266,COMPLETE,1.3176341419758342,20.12610342164467,827.5231446469367,0.009416829352093536
practical_polymer,267,COMPLETE,1.3055633751609808,39.4233228973244,824.8920000825804,-0.30856730822421685
practical_polymer,268,COMPLETE,1.3102594380217312,53.3744581075116,821.5752024853158,-0.7094153033397443
practical_polymer,269,COMPLETE,1.3005412527635616,20.299293310105917,827.7402111980194,0.035650173189516465
practical_polymer,270,COMPLETE,1.3008271501942805,74.78947101492973,818.4153346974858,-1.0912977156480541
practical_polymer,271,COMPLETE,1.4183800497293562,39.62831216880619,816.1380322691565,-1.366518643636061
practical_polymer,272,COMPLETE,1.300311560212679,20.19992572155748,827.750616313795,0.03690767223047953
practical_polymer,273,COMPLETE,1.300460248626224,20.11414969055696,827.7551489382578,0.03745545766966618
practical_polymer,274,COMPLETE,1.3005609116052788,53.85661975185957,822.3880143162288,-0.6111838064596253
practical_polymer,275,COMPLETE,1.300220035758567,38.285541314384346,825.3860543066874,-0.24885891800618953
practical_polymer,276,COMPLETE,1.3104136375382143,90.50585419000983,814.5152625145831,-1.5626367315143552
practical_polymer,277,COMPLETE,1.3000371955555645,65.67259293991057,820.1428411563379,-0.882521786374868
practical_polymer,278,COMPLETE,1.3166037613561559,40.322632652492004,824.0517076096855,-0.4101199484421003
practical_polymer,279,COMPLETE,1.3065921358160548,20.159276552938675,827.6726997512328,0.02749115012641301
practical_polymer,280,COMPLETE,1.3063193224590675,53.471155565712394,821.9297332510091,-0.6665688701560812
practical_polymer,281,COMPLETE,1.3128510464828154,20.697774865051407,827.5352814946405,0.010883614986867407
practical_polymer,282,COMPLETE,1.3056245652224732,41.3090961161983,824.5218934886694,-0.35329614132231235
practical_polymer,283,COMPLETE,1.3001317831889505,72.83478587064555,818.8441523144061,-1.0394734252076376
practical_polymer,284,COMPLETE,1.31852811558959,20.4978249025958,827.4707453854089,0.003084173133860446
practical_polymer,285,COMPLETE,1.3097388222399806,39.11387292701103,824.7176649032011,-0.32963639823738733
practical_polymer,286,COMPLETE,1.3058177507975266,55.5872695231223,821.5259373543132,-0.7153691875947721
practical_polymer,287,COMPLETE,1.3001340481874057,38.365764687110556,825.3765102999635,-0.25001234864175936
practical_polymer,288,COMPLETE,1.3133187300302296,55.68707664876215,820.7380754782107,-0.810585384604845
practical_polymer,289,COMPLETE,1.30600253907955,20.290092647847494,827.6694817414739,0.027102241028909013
practical_polymer,290,COMPLETE,1.3108290152222088,91.85957190515981,814.2674854015481,-1.5925815671828047
practical_polymer,291,COMPLETE,1.3207402043037997,20.21321453707589,827.4683424541968,0.0027937694747626196
practical_polymer,292,COMPLETE,1.3003289159048756,39.565627645860005,825.1548765687712,-0.27679765410376644
practical_polymer,293,COMPLETE,1.5457017847061914,68.70344204073785,770.1250380470032,-6.927369416810791
practical_polymer,294,COMPLETE,1.3056032454755908,592.299843795482,814.3132933016151,-1.5870455028424768
practical_polymer,295,COMPLETE,1.3148875047388564,40.714079284651575,824.0721323835579,-0.40765153443209634
practical_polymer,296,COMPLETE,1.3055740624570427,961.7699629400167,815.3206847453785,-1.4652982967838013
practical_polymer,297,COMPLETE,1.3092411430813886,665.6690254890223,813.2936711881603,-1.7102708332910166
practical_polymer,298,COMPLETE,1.3155042336145422,54.590007732840675,820.7713593250564,-0.8065629012043329
practical_polymer,299,COMPLETE,1.3005210023806997,38.00059441075662,825.4202687940874,-0.24472396304556776
practical_polymer,300,COMPLETE,1.3056880603439835,766.0093538526932,814.1594873255808,-1.6056335581344228
practical_polymer,301,COMPLETE,1.3099007131522564,74.14765114849459,817.2250935311943,-1.235143027645813
practical_polymer,302,COMPLETE,1.320978898276051,37.40441916956696,824.4509271583802,-0.3618727006036604
practical_polymer,303,COMPLETE,1.3054434970501883,20.704795370503764,827.641540502444,0.023725432731835916
practical_polymer,304,COMPLETE,1.305020239185515,20.45370796833031,827.668883102466,0.027029893157481943
practical_polymer,305,COMPLETE,1.314040203848074,54.1892002045085,821.0152314353006,-0.7770900004350545
practical_polymer,306,COMPLETE,1.300478321111159,37.584205325351455,825.4944178341575,-0.2357627608074897
practical_polymer,307,COMPLETE,1.3001370879519067,63.1040869040986,820.616449749123,-0.8252843308714009
practical_polymer,308,COMPLETE,1.3107557705228212,20.066937969732308,827.6250285937626,0.021729903822897967
practical_polymer,309,COMPLETE,1.3053532142780861,38.124521025751875,825.1489204087218,-0.27751747940042426
practical_polymer,310,COMPLETE,1.3161837786076136,88.98817658596917,813.729780376471,-1.6575653278571023
practical_polymer,311,COMPLETE,1.3101134011863313,20.154739383440283,827.6258097828481,0.021824313586993327
practical_polymer,312,COMPLETE,1.3052383005748713,53.143146414044054,822.101006931583,-0.6458697742779518
practical_polymer,313,COMPLETE,1.3000857036970794,71.42663982987187,819.0944611344023,-1.009222622825856
practical_polymer,314,COMPLETE,1.311557466999551,20.150215291839025,827.6064424744144,0.019483698421662865
practical_polymer,315,COMPLETE,1.3000201967032023,241.9244661243162,812.9731104650225,-1.7490118536319987
practical_polymer,316,COMPLETE,1.3055943136861732,42.476667470502484,824.2918820809454,-0.3810939218428788
practical_polymer,317,COMPLETE,1.3149137109616305,51.366955606260916,821.5996482686753,-0.7064609345664552
practical_polymer,318,COMPLETE,1.3213124779083765,38.838100965084195,824.1027974359395,-0.40394554261112825
practical_polymer,319,COMPLETE,1.3000028354166864,20.511286211260362,827.7309961262042,0.03453649562745742
practical_polymer,320,COMPLETE,1.3049531653725848,70.3276128112984,818.6388122611514,-1.0642895758017912
practical_polymer,321,COMPLETE,1.300507275962451,36.82978076634002,825.6219222847811,-0.2203533479922637
practical_polymer,322,COMPLETE,1.3105266481121929,53.661591907043245,821.484521348077,-0.7203744743446094
practical_polymer,323,COMPLETE,1.3000868193772095,38.70179386404379,825.32033887487,-0.2568008856179249
practical_polymer,324,COMPLETE,1.3058185571004814,104.28369429651855,813.8393970652332,-1.6443177212024818
practical_polymer,325,COMPLETE,1.315720358701411,57.866598209396976,819.9657701218922,-0.9039215152003788
practical_polymer,326,COMPLETE,1.309282821757329,35.30587359288656,825.4796911008247,-0.2375425442757262
practical_polymer,327,COMPLETE,1.3000837722389373,20.33496332873929,827.7433628973871,0.03603106841623127
practical_polymer,328,COMPLETE,1.304576305442033,76.4231955923583,817.5985563557192,-1.1900085809179006
practical_polymer,329,COMPLETE,1.5729279322380858,20.011197596909437,819.7681545344436,-0.9278041338134924
practical_polymer,330,COMPLETE,1.3117875701713886,54.20280799736549,821.237278856928,-0.7502546988618297
practical_polymer,331,COMPLETE,1.3055717602175758,37.785981592632716,825.2005867639871,-0.2712733977778048
practical_polymer,332,COMPLETE,1.492598272735595,38.82612300460158,808.5104733062182,-2.2883390527080327
practical_polymer,333,COMPLETE,1.30031504157358,20.005730288659496,827.7649560784406,0.03864068901551221
practical_polymer,334,COMPLETE,1.300347784228559,83.99688423873863,817.060522949361,-1.2550320277576188
practical_polymer,335,COMPLETE,1.3195343543246068,20.42083542580777,827.4638307173257,0.0022485083829293373
practical_polymer,336,COMPLETE,1.3098789054675748,58.40073955272928,820.4891364106026,-0.8406706470395986
practical_polymer,337,COMPLETE,1.3004772320893625,38.507073711348,825.3341259016826,-0.25513466936735174
practical_polymer,338,COMPLETE,1.3138669939166077,55.86957918345875,820.6380285241839,-0.8226764512928142
practical_polymer,339,COMPLETE,1.300031674254805,36.16178042077415,825.756168066079,-0.20412921893164793
practical_polymer,340,COMPLETE,1.307270801951443,69.03487428779935,818.5752957347875,-1.0719657970673535
practical_polymer,341,COMPLETE,1.310056061275765,37.30500026382876,825.0600702036991,-0.28825537506771415
practical_polymer,342,COMPLETE,1.3163245012662257,20.30230742607867,827.5240579321465,0.009527203450798716
practical_polymer,343,COMPLETE,1.3056522083945936,20.497263648135494,827.6565762922578,0.02554256688762635
practical_polymer,344,COMPLETE,1.306385309470558,51.47229274832996,822.352802319586,-0.6154393143235848
practical_polymer,345,COMPLETE,1.3252035054511198,323.1151712990918,812.5753446508905,-1.7970834119483081
practical_polymer,346,COMPLETE,1.3000516502843975,84.01611975701272,817.1040310089529,-1.249773908156615
practical_polymer,347,COMPLETE,1.4667239469856266,53.6812169349689,799.8443079480979,-3.335679117114465
practical_polymer,348,COMPLETE,1.3114635728104487,37.96250305304124,824.8545777537062,-0.31308994340525365
practical_polymer,349,COMPLETE,1.3051210569482647,66.69856958167547,819.3143889432125,-0.9826434847728049
practical_polymer,350,COMPLETE,1.3194491611589378,20.6284700830769,827.4423332635115,-0.000349543204125613
practical_polymer,351,COMPLETE,1.3001210350745527,20.367978368311643,827.7403883684508,0.035671584930851985
practical_polymer,352,COMPLETE,1.3111062527327282,933.8913440551089,814.7949606152239,-1.5288341193284594
practical_polymer,353,COMPLETE,1.3004511124687084,39.08126076067728,825.2343384383273,-0.2671943755901851
practical_polymer,354,COMPLETE,1.3000077145016218,53.82553919071225,822.445204808826,-0.6042721111797711
practical_polymer,355,COMPLETE,1.3053787446894727,38.37064223598857,825.1015411691772,-0.28324344627800313
practical_polymer,356,COMPLETE,1.3000423182156422,20.68321458954082,827.717176224392,0.03286630630428
practical_polymer,357,COMPLETE,1.300206369681428,69.76200037785844,819.3731043908388,-0.9755474926981922
practical_polymer,358,COMPLETE,1.3101466263540806,38.79506112410122,824.7589772487852,-0.3246436392838281
practical_polymer,359,COMPLETE,1.3058826881842331,21.04087550528499,827.6054378595632,0.01936228677770213
practical_polymer,360,COMPLETE,1.3001603235251225,56.28979803997112,821.9429112822698,-0.664976253405869
practical_polymer,361,COMPLETE,1.3138717760183147,91.9361798782854,813.7280452473442,-1.6577750250156842
practical_polymer,362,COMPLETE,1.3063154839270967,42.51076954719809,824.2386195406533,-0.38753090868477447
practical_polymer,363,COMPLETE,1.380422678128638,36.49824132711009,820.9125223580411,-0.7895027951541511
practical_polymer,364,COMPLETE,1.3142265569688925,20.90273387640505,827.4936404996085,0.00585113745885657
practical_polymer,365,COMPLETE,1.3057298226577876,20.326644806169327,827.670045042251,0.027170318136571225
practical_polymer,366,COMPLETE,1.3002490176321713,69.10304793386914,819.4860043303867,-0.9619030923121774
practical_polymer,367,COMPLETE,1.3090875661446375,52.213761516112626,821.9455865895849,-0.6646529320267103
practical_polymer,368,COMPLETE,1.3000990620893098,40.462659912235274,825.0068616397901,-0.29468583865206455
practical_polymer,369,COMPLETE,1.31897406606153,53.618480453972595,820.6549033778306,-0.8206370590616796
practical_polymer,370,COMPLETE,1.3101047604081537,20.550795430099335,827.5895036545777,0.01743657562565115
practical_polymer,371,COMPLETE,1.305935191259328,76.15538845599238,817.4447655626526,-1.208594801288665
practical_polymer,372,COMPLETE,1.3000208651105134,38.01507399755748,825.4430202290739,-0.24197436291685248
practical_polymer,373,COMPLETE,1.3154081231312813,104.04639003088087,812.1294575209783,-1.85097061996502
practical_polymer,374,COMPLETE,1.323438423804469,20.434810297208323,827.4021495931229,-0.005205897334670251
practical_polymer,375,COMPLETE,1.3095532168923762,58.00254801239082,820.6127523228171,-0.8257311793384514
practical_polymer,376,COMPLETE,1.306169324512543,39.10303608872796,824.9196742896531,-0.3052227717862066
practical_polymer,377,COMPLETE,1.305835676413373,52.371416749252006,822.2100063934644,-0.6326967619120993
practical_polymer,378,COMPLETE,1.314886542662404,73.14881525076268,816.6860203903616,-1.3002921304736792
practical_polymer,379,COMPLETE,1.3000640289860907,20.78013278070165,827.7092858395417,0.031912722356142176
practical_polymer,380,COMPLETE,1.300272578483674,39.57670562766662,825.1559733670374,-0.2766651017326427
practical_polymer,381,COMPLETE,1.310091138366343,39.80633070428273,824.5566671993574,-0.34909360203456696
practical_polymer,382,COMPLETE,1.30496737711808,62.13564244729088,820.2483725619672,-0.8697679022056537
practical_polymer,383,COMPLETE,1.3001113507058872,21.173334024466623,827.6770626767324,0.02801842678048505
practical_polymer,384,COMPLETE,1.3005271901742663,40.012411231787055,825.063906153978,-0.2877917854353762
practical_polymer,385,COMPLETE,1.3112151256064934,20.512427269522913,827.5772258502426,0.01595275482928482
practical_polymer,386,COMPLETE,1.3001449355449515,82.00562082341702,817.378714755749,-1.2165773002946079
practical_polymer,387,COMPLETE,1.3048487181512003,54.60639694380516,821.8288809039625,-0.6787572717485313
practical_polymer,388,COMPLETE,1.3001036828185764,38.253659648947576,825.3975413359963,-0.247470665472449
practical_polymer,389,COMPLETE,1.3132344182168514,55.78864707405336,820.7232270832045,-0.8123798713633446
practical_polymer,390,COMPLETE,1.3095611906910873,20.684063139005687,827.5848260944856,0.016871274147356452
practical_polymer,391,COMPLETE,1.3185516556596464,37.53503051553812,824.5566929628874,-0.34909048841095247
practical_polymer,392,COMPLETE,1.30011752454167,68.87269773630008,819.5445628515108,-0.9548260654206664
practical_polymer,393,COMPLETE,1.3056546837785519,38.237147748660604,825.1119532397416,-0.2819851067235368
practical_polymer,394,COMPLETE,1.3108348316494949,51.563513971642905,821.9307103185523,-0.6664507877123027
practical_polymer,395,COMPLETE,1.3000114353505157,991.0244353170926,815.7520478157644,-1.4131663783110926
practical_polymer,396,COMPLETE,1.3063206438825756,20.385326328293665,827.6570717071118,0.025602439715299852
practical_polymer,397,COMPLETE,1.3152205338256044,281.199524105075,812.1390367274446,-1.849812935302575
practical_polymer,398,COMPLETE,1.3055579834490814,92.83666401116986,815.050980243585,-1.4978931433631493
practical_polymer,399,COMPLETE,1.3104950252241587,37.985844204631576,824.9021958902836,-0.30733510488452076
practical_polymer,400,COMPLETE,1.300031099798491,67.39373602622291,819.8249068256717,-0.9209453968873182
practical_polymer,401,COMPLETE,1.3233874682055635,38.0318811672907,824.1686972097692,-0.39598129654437875
practical_polymer,402,COMPLETE,1.3059989157032292,20.89570581074931,827.6168083072619,0.020736449966718418
practical_polymer,403,COMPLETE,1.3171531470381814,52.45792714835135,821.1229516056753,-0.7640715954639998
practical_polymer,404,COMPLETE,1.3058590647913462,35.85253635620027,825.5396319917613,-0.23029845257196424
practical_polymer,405,COMPLETE,1.3113515329059975,75.98022177994791,816.6687873940157,-1.3023748056543383
practical_polymer,406,COMPLETE,1.3057614073292254,20.852074334302834,827.6241013492331,0.021617842685683897
practical_polymer,407,COMPLETE,1.3130862326015778,20.122013676071013,827.5879362103321,0.017247143842480384
practical_polymer,408,COMPLETE,1.3053174559118306,56.218663973729406,821.4423476191928,-0.7254713348475605
practical_polymer,409,COMPLETE,1.3182331371305076,52.12121813435152,821.1008985286408,-0.766736796295886
practical_polymer,410,COMPLETE,1.305316414974425,46.63117028735087,823.4637525522628,-0.48117662256061955
practical_polymer,411,COMPLETE,1.300158852071836,20.311612365085246,827.744165013034,0.03612800723733489
practical_polymer,412,COMPLETE,1.3000436278672014,887.4328918185261,815.8984108429452,-1.3954778325726225
practical_polymer,413,COMPLETE,1.3000836303548422,372.4397017486909,816.0823464069219,-1.3732484984367854
practical_polymer,414,COMPLETE,1.3096853190115898,36.857054307310264,825.1662241600702,-0.2754262532002727
practical_polymer,415,COMPLETE,1.3060623568582208,83.25590706405154,816.2679620046107,-1.350816125639287
practical_polymer,416,COMPLETE,1.3002222947679487,66.27448830595048,820.0080182751058,-0.8988156602254049
practical_polymer,417,COMPLETE,1.300150826881668,113.13106982559898,814.1980829760213,-1.600969122441387
practical_polymer,418,COMPLETE,1.3114204746605307,39.04696919428297,824.6357039803553,-0.33954169714006666
practical_polymer,419,COMPLETE,1.3061283909205341,40.147641336484156,824.7197437338416,-0.32938516340319524
practical_polymer,420,COMPLETE,1.3000980877762567,58.20346109186592,821.5718769025463,-0.7098172130573732
practical_polymer,421,COMPLETE,1.3139228690699105,20.773266958595926,827.5115996779275,0.008021574578398472
practical_polymer,422,COMPLETE,1.3099012386116875,35.054709511324035,825.497802445419,-0.23535371726515208
practical_polymer,423,COMPLETE,1.3053092658115315,20.040386397530728,827.6993358945913,0.030710232494191025
practical_polymer,424,COMPLETE,1.3052114646921211,67.63437879369127,819.119799032176,-1.006160438527537
practical_polymer,425,COMPLETE,1.3000438209192544,20.00828294934748,827.7681029150875,0.03902099656334368
practical_polymer,426,COMPLETE,1.3177255961182601,51.3873904833613,821.3307324145194,-0.7389604699864272
practical_polymer,427,COMPLETE,1.4030352054813793,20.601922304828072,825.7200115605262,-0.20849887440087533
practical_polymer,428,COMPLETE,1.3100394061780227,37.62288089400186,824.9984812926473,-0.2956986364644365
practical_polymer,429,COMPLETE,1.3052146935523037,52.260739188422406,822.2899833565392,-0.6230312323270426
practical_polymer,430,COMPLETE,1.305274372764262,86.52047927630724,815.9186743202911,-1.3930289118803119
practical_polymer,431,COMPLETE,1.5128286135139535,34.98146040352198,809.7697246246537,-2.1361535932281517
practical_polymer,432,COMPLETE,1.3140963970628645,64.18404789740238,818.701077671669,-1.0567645567920003
practical_polymer,433,COMPLETE,1.3000657213237532,21.278925107737695,827.6690393782044,0.02704877969323949
practical_polymer,434,COMPLETE,1.300083406424004,38.38946779929979,825.3749899509119,-0.250196088786081
practical_polymer,435,COMPLETE,1.321967633445494,20.64952983236985,827.4004407425426,-0.005412418627870341
practical_polymer,436,COMPLETE,1.310596789784171,52.680747780280825,821.6997096542262,-0.6943681237721933
practical_polymer,437,COMPLETE,1.3053000426661372,74.04890088305292,817.9083130608961,-1.1525732685110812
practical_polymer,438,COMPLETE,1.3001836997700202,20.104047927323073,827.7593450407319,0.037962573106975483
practical_polymer,439,COMPLETE,1.300072476110537,470.51532014302677,816.4243860831575,-1.3319116623928706
practical_polymer,440,COMPLETE,1.3103823000437953,40.65982313768209,824.3630012256192,-0.37249889434395334
practical_polymer,441,COMPLETE,1.3045203116820097,51.58646348200185,822.4941293673937,-0.598359386438907
practical_polymer,442,COMPLETE,1.3146209460865665,20.159543168835746,827.5628022502337,0.014209606211879056
practical_polymer,443,COMPLETE,1.300077510800566,98.86243198859904,815.3352350003306,-1.4635398414198697
practical_polymer,444,COMPLETE,1.305815170214448,38.97108434471404,824.9644408661312,-0.2998125554847242
practical_polymer,445,COMPLETE,1.3099207139326905,66.64051619938573,818.7088017289336,-1.0558310741847987
practical_polymer,446,COMPLETE,1.3002973057226304,20.291947888459024,827.7438822765529,0.03609383742495531
practical_polymer,447,COMPLETE,1.3000910175821223,550.7051863622781,815.5935713765049,-1.432318877397143
practical_polymer,448,COMPLETE,1.3095951627109992,37.23997917335207,825.0966150739284,-0.28383878420450426
practical_polymer,449,COMPLETE,1.3171566311517362,20.027262963720087,827.5400615387938,0.011461302065818302
practical_polymer,450,COMPLETE,1.3063272007959252,703.4177286596331,813.7059177691667,-1.6604492175174235
practical_polymer,451,COMPLETE,1.3048474002586856,53.88359744759775,821.9812827457887,-0.6603389115813818
practical_polymer,452,COMPLETE,1.3000489358542933,39.791489410944926,825.1299519709664,-0.27980988948024255
practical_polymer,453,COMPLETE,1.3125067000785948,82.52614456430945,815.346076715362,-1.4622295776469119
practical_polymer,454,COMPLETE,1.3000351472796647,55.80882237836138,822.0502526861094,-0.6520036238557791
practical_polymer,455,COMPLETE,1.3096991072144475,20.318546385496507,827.6166492674085,0.02071722937684317
practical_polymer,456,COMPLETE,1.3201418010796424,20.03167333289843,827.496729969327,0.006224511988461856
practical_polymer,457,COMPLETE,1.30567667209173,39.606256227198315,824.85052605843,-0.3135796066664698
practical_polymer,458,COMPLETE,1.4331752211565687,69.51283327533784,796.4860785742128,-3.741534304892613
practical_polymer,459,COMPLETE,1.3144039398716005,52.81404789333075,821.3043015055755,-0.7421547489704583
practical_polymer,460,COMPLETE,1.3054346853824368,37.62411766482895,825.2376614808111,-0.2667927728760566
practical_polymer,461,COMPLETE,1.325467802777816,20.059938159285842,827.4144445646834,-0.0037200018118022093
practical_polymer,462,COMPLETE,1.3102831632199612,40.990079889701505,824.30022899067,-0.380085165073607
practical_polymer,463,COMPLETE,1.3001898014305902,72.02032524486467,818.9769275941035,-1.0234270120314193
practical_polymer,464,COMPLETE,1.3059606451063341,53.39815408254601,821.979183404136,-0.6605926252518213
practical_polymer,465,COMPLETE,1.3000698262032926,37.223120885424066,825.576180026133,-0.2258814793097419
practical_polymer,466,COMPLETE,1.3159996549798776,20.40773712401011,827.5180215536692,0.008797683442574034
practical_polymer,467,COMPLETE,1.309950157173512,93.56619471030982,814.2072715292728,-1.5998586497517286
practical_polymer,468,COMPLETE,1.3057650994320011,58.27726249231441,820.9610871823345,-0.7836335457108934
practical_polymer,469,COMPLETE,1.3112027607326575,40.44506892823962,824.3578970418362,-0.3731157549681341
practical_polymer,470,COMPLETE,1.3044669336635102,36.55296898409843,825.4804510948748,-0.23745069601475155
practical_polymer,471,COMPLETE,1.3053969120869882,67.99919757096238,819.0247944281343,-1.0176421174482808
practical_polymer,472,COMPLETE,1.3154105134864924,37.915626801712975,824.6482464880717,-0.338025885902149
practical_polymer,473,COMPLETE,1.3052131347117444,20.904635218280163,827.6272921396381,0.022003462217523584
practical_polymer,474,COMPLETE,1.300275941277788,57.109992421836345,821.7692267805264,-0.6859667064753938
practical_polymer,475,COMPLETE,1.3094004864062316,38.64505271021241,824.830506041111,-0.31599910425990085
practical_polymer,476,COMPLETE,1.3200354546226392,414.1185163271964,813.7931796950351,-1.6499032716137396
practical_polymer,477,COMPLETE,1.3114396266979176,190.23090568566204,811.1724203487541,-1.9666323148641918
practical_polymer,478,COMPLETE,1.3001445028781982,83.76731019717514,817.1246953895859,-1.2472765367300687
practical_polymer,479,COMPLETE,1.3000319094366903,55.326065734118565,822.1460097494939,-0.6404310072729902
practical_polymer,480,COMPLETE,1.3068572180777454,37.57000805231729,825.174650435858,-0.2744079047310666
practical_polymer,481,COMPLETE,1.314960434828251,37.1273931571573,824.8385658556133,-0.3150250440739799
practical_polymer,482,COMPLETE,1.3069195645137608,67.79800023358621,818.8655207685226,-1.036890963739867
practical_polymer,483,COMPLETE,1.3278213482493053,53.133283386633735,819.8684816404505,-0.9156792096602251
practical_polymer,484,COMPLETE,1.3050633981099147,20.34574084598097,827.6773653726937,0.028055008774297008
practical_polymer,485,COMPLETE,1.300064250019574,36.06631341020562,825.7705006765891,-0.20239706675194702
practical_polymer,486,COMPLETE,1.3062534023370844,21.89766332300435,827.5191326764574,0.008931966988345863
practical_polymer,487,COMPLETE,1.3114840644076295,20.759165322721817,827.5495040046113,0.012602461084698646
practical_polymer,488,COMPLETE,1.3060183052528949,54.302499239735134,821.7803585393547,-0.6846213897722997
practical_polymer,489,COMPLETE,1.3172926053448544,82.86385172801343,814.5021921824446,-1.5642163324033453
practical_polymer,490,COMPLETE,1.5416352239957545,38.37241720827303,802.5631441560871,-3.007097100557654
practical_polymer,491,COMPLETE,1.3000679570868363,110.24686835902516,814.3999490935062,-1.5765728106066579
practical_polymer,492,COMPLETE,1.311331602779765,20.693693543192925,827.5581235671127,0.01364416901112886
practical_polymer,493,COMPLETE,1.3044844581808521,20.349149766244558,827.6848052558228,0.028954147822957133
practical_polymer,494,COMPLETE,1.306128118360686,54.14095101044688,821.8043428676967,-0.6817227896472766
practical_polymer,495,COMPLETE,1.311806906664867,74.06643607765642,816.960587651176,-1.2671096003993187
practical_polymer,496,COMPLETE,1.3045460559800488,41.918975462113686,824.4685301842733,-0.3597453059012934
practical_polymer,497,COMPLETE,1.319532256489454,53.570520018418385,820.6101469330699,-0.8260460509053824
practical_polymer,498,COMPLETE,1.3003431307225486,37.22573409974022,825.5624783783894,-0.22753737716505462
practical_polymer,499,COMPLETE,1.3107274072570545,70.99538589793244,817.7147401789401,-1.1759673103135748
practical_polymer,500,COMPLETE,1.4232648278352635,37.92802258521447,816.6555382950685,-1.303976011213115
practical_polymer,501,COMPLETE,1.3003690535844028,20.301626929638765,827.7422351795825,0.03589477929764051
practical_polymer,502,COMPLETE,1.305981993799297,53.94131492017101,821.8610593524049,-0.6748683800794297
practical_polymer,503,COMPLETE,1.3000293233335916,20.731357658087255,827.7135855423071,0.032432358294909314
practical_polymer,504,COMPLETE,1.3000087353519802,20.709740634163758,827.7155533632055,0.032670177166482794
practical_polymer,505,COMPLETE,1.3000852038157429,39.86760675778315,825.1143789393523,-0.2816919514141869
practical_polymer,506,COMPLETE,1.3002015310597668,21.035814769546803,827.6869834334402,0.02921738912888827
practical_polymer,507,COMPLETE,1.3145468378805343,61.9047324704405,819.1601359710974,-1.0012855612938298
practical_polymer,508,COMPLETE,1.3094084014737746,38.84991577335987,824.7892123123306,-0.3209896132997381
practical_polymer,509,COMPLETE,1.3064914248020656,87.40445084807602,815.5957991439936,-1.432049642960831
practical_polymer,510,COMPLETE,1.3000281286668243,51.6837029065933,822.8670454738294,-0.5532910127358126
practical_polymer,511,COMPLETE,1.3001041343194124,66.52599706673578,819.9758672008747,-0.9027012436137127
practical_polymer,512,COMPLETE,1.4479695040722573,20.551906729923303,824.433833012241,-0.36393859519238125
practical_polymer,513,COMPLETE,1.3142955053408327,38.539762455144036,824.5781861701887,-0.3464929500316294
practical_polymer,514,COMPLETE,1.3057889353435403,20.43320649524953,827.6601932154981,0.025979686243515765
practical_polymer,515,COMPLETE,1.3109626269730643,50.75691859304076,822.1021030879681,-0.6457372994806865
practical_polymer,516,COMPLETE,1.3203445468259754,37.361766760006056,824.4958126813959,-0.3564481091467009
practical_polymer,517,COMPLETE,1.3059678745076049,67.0961235066587,819.1278077017257,-1.0051925594096844
practical_polymer,518,COMPLETE,1.300026545728789,36.288982392436935,825.7352755248291,-0.20665416446338236
practical_polymer,519,COMPLETE,1.309490787053297,96.43388719972735,813.9546569999796,-1.6303881061429548
practical_polymer,520,COMPLETE,1.3057566873350424,51.101240490754826,822.4876406323581,-0.5991435755109298
practical_polymer,521,COMPLETE,1.315985280245643,36.87907264971892,824.8363273834005,-0.31529557221816606
practical_polymer,522,COMPLETE,1.3681741370079308,20.21874005473289,826.6272898074496,-0.09885074073390232
practical_polymer,523,COMPLETE,1.3053113388764768,77.09256259946717,817.3760102321767,-1.2169041525730173
practical_polymer,524,COMPLETE,1.3112869805043825,52.273761342407894,821.7272039824043,-0.6910453264039385
practical_polymer,525,COMPLETE,1.3003215971864563,37.030688605999785,825.5967138493269,-0.22339988626164375
practical_polymer,526,COMPLETE,1.300029544064112,21.71445369581112,827.632963563037,0.02268887597349778
practical_polymer,527,COMPLETE,1.310645156725122,20.829102509438567,827.5551306310077,0.013282460947250385
practical_polymer,528,COMPLETE,1.3056033861430871,68.34228012343414,818.9312192565187,-1.028951043855375
practical_polymer,529,COMPLETE,1.323903485891608,20.15962663928848,827.4267054198291,-0.002238229391438029
practical_polymer,530,COMPLETE,1.3154087956326144,49.71353896800109,821.9489859648402,-0.6642421041978319
practical_polymer,531,COMPLETE,1.300114946817494,38.970193839242214,825.2717865207749,-0.26266862798882684
practical_polymer,532,COMPLETE,1.306335671680624,56.90476363754611,821.1923354932568,-0.7556862805888076
practical_polymer,533,COMPLETE,1.3103511837152448,20.60928266166655,827.58046479144,0.01634419357319228
practical_polymer,534,COMPLETE,1.3051720861550875,38.296921493500385,825.1262915411888,-0.2802522667717744
practical_polymer,535,COMPLETE,1.3161106827567013,78.51104404122172,815.4653900151884,-1.4478100975238273
practical_polymer,536,COMPLETE,1.3049846096515254,53.90174308705285,821.9644422600578,-0.662374150315137
practical_polymer,537,COMPLETE,1.3109492885427851,37.4641722929413,824.9819563845463,-0.2976957364042132
practical_polymer,538,COMPLETE,1.3002282207256242,66.45195323672525,819.9742936844117,-0.9028914092481855
practical_polymer,539,COMPLETE,1.3051050581305403,37.4925309146836,825.2787306387511,-0.2618294041028424
practical_polymer,540,COMPLETE,1.3001454097040843,20.469796179915164,827.7323163876727,0.034696054402783005
practical_polymer,541,COMPLETE,1.3100921694778687,20.02439107083633,827.6377957492712,0.023272864627355005
practical_polymer,542,COMPLETE,1.300282886721865,824.1015656217393,815.2373641937191,-1.4753679121598196
practical_polymer,543,COMPLETE,1.3049468014719858,55.04934668640337,821.7260114309324,-0.6911894509254224
practical_polymer,544,COMPLETE,1.585012110729988,124.75895466303325,754.6300395653791,-8.8000007407118
practical_polymer,545,COMPLETE,1.310265545150411,20.192209641203558,827.6203363310142,0.02116282547091064
practical_polymer,546,COMPLETE,1.3172953272151338,92.52202449444977,813.0468423713413,-1.7401010636433956
practical_polymer,547,COMPLETE,1.30519993327138,42.42091657812695,824.3282441461057,-0.37669942368905307
practical_polymer,548,COMPLETE,1.5247508390402396,66.60539393279271,777.1103587801713,-6.08316601608514
practical_polymer,549,COMPLETE,1.3005182205117107,42.48547428550282,824.6108230243383,-0.3425486582353643
practical_polymer,550,COMPLETE,1.3103685625656194,38.76847140861091,824.7519318758875,-0.32549510022410466
practical_polymer,551,COMPLETE,1.3001203400105181,55.41595286935435,822.1197249901543,-0.6436076235042831
practical_polymer,552,COMPLETE,1.3052970062730291,20.317621179338236,827.6765958813523,0.02796201272845522
practical_polymer,553,COMPLETE,1.5627379907513477,20.185126747078666,820.1017488702987,-0.8874879502695499
practical_polymer,554,COMPLETE,1.3002710169442202,69.52435697597225,819.4072857450246,-0.9714165420164123
practical_polymer,555,COMPLETE,1.3143797446099912,39.523760737676625,824.3629361267969,-0.372506761791902
practical_polymer,556,COMPLETE,1.3206760774455102,20.172408809060283,827.4737427603674,0.003446417650598832
practical_polymer,557,COMPLETE,1.3088047394174611,52.26993169279119,821.9592920217212,-0.6629965768127022
practical_polymer,558,COMPLETE,1.391073511047716,39.36314132829789,818.8070228070623,-1.0439606717585481
practical_polymer,559,COMPLETE,1.3000015166184051,84.2801697268948,817.0747988213062,-1.2533067326559677
practical_polymer,560,COMPLETE,1.3000461265845809,52.53551439437386,822.6970505575441,-0.5738355649354987
practical_polymer,561,COMPLETE,1.3061300715279074,20.0391305736321,827.6888126401137,0.02943845592786598
practical_polymer,562,COMPLETE,1.311992854334938,37.879491644252454,824.8427616384033,-0.3145179672717324
practical_polymer,563,COMPLETE,1.305998857561592,61.00370808627258,820.3632826943622,-0.8558805621319165
practical_polymer,564,COMPLETE,1.3162469372701673,36.23836268876282,824.9567246306738,-0.30074509279587325
practical_polymer,565,COMPLETE,1.3057951610725493,20.022790676523062,827.6945003672563,0.030125840055172937
practical_polymer,566,COMPLETE,1.3100851754915328,78.60889448256981,816.3916885639856,-1.3358632857949582
practical_polymer,567,COMPLETE,1.3002446241521939,54.72568620854347,822.2446991249474,-0.6285040092787963
practical_polymer,568,COMPLETE,1.3056266071502272,39.211317932691074,824.92900940543,-0.3040945864406841
practical_polymer,569,COMPLETE,1.3151883734722252,38.00438246050987,824.6416959725132,-0.3388175413925998
practical_polymer,570,COMPLETE,1.3090031588049615,504.84241456407136,815.2290527941184,-1.4763723773913773
practical_polymer,571,COMPLETE,1.3056732064727603,634.2674036622034,813.9106984467118,-1.6357006696711474
practical_polymer,572,COMPLETE,1.300203306070739,20.06794006614692,827.761764574903,0.03825498329879107
practical_polymer,573,COMPLETE,1.3208862337409575,66.81804022699457,817.2016910253047,-1.2379713122460667
practical_polymer,574,COMPLETE,1.3132934740869358,51.107102711649766,821.8105631421364,-0.680971045090939
practical_polymer,575,COMPLETE,1.3296711586774854,100.27868782880162,809.8267281964868,-2.129264488055571
practical_polymer,576,COMPLETE,1.306023864265193,20.10871326271673,827.6844214593718,0.028907764516961088
practical_polymer,577,COMPLETE,1.3003953622601787,37.82135255830102,825.4576445828864,-0.2402069524151118
practical_polymer,578,COMPLETE,1.3117552980892275,70.53753062464985,817.6622172260616,-1.1823149151165557
practical_polymer,579,COMPLETE,1.3000087680710708,37.90433073417286,825.4627090467112,-0.23959489210362284
practical_polymer,580,COMPLETE,1.3055996621729717,20.32544985077925,827.671890738344,0.027393377746576242
practical_polymer,581,COMPLETE,1.300154820963957,53.44372169562105,822.5073735413582,-0.5967587760836057
practical_polymer,582,COMPLETE,1.3105317632888833,36.2402122310195,825.2430359173366,-0.2661432511482542
practical_polymer,583,COMPLETE,1.3053072951935862,54.38822756310468,821.8306946314217,-0.6785380756732851
practical_polymer,584,COMPLETE,1.3221569013496621,81.67396098690816,813.8977320508064,-1.6372677094588006
practical_polymer,585,COMPLETE,1.3164161016438594,20.444576297290833,827.5080684492859,0.007594811750766262
practical_polymer,586,COMPLETE,1.3099228938768337,20.16504891591972,827.6274744115235,0.022025490489574473
practical_polymer,587,COMPLETE,1.305546507645333,52.59928692653874,822.1879362007062,-0.6353640312462994
practical_polymer,588,COMPLETE,1.3001915415883782,38.92136763189502,825.2763256770124,-0.26212005315904285
practical_polymer,589,COMPLETE,1.3000229634038518,67.65436078023617,819.778167719565,-0.9265940011288998
practical_polymer,590,COMPLETE,1.309292240078563,37.25597528264604,825.1091315305393,-0.2823261213448336
practical_polymer,591,COMPLETE,1.3155718495354751,20.261262088714567,827.5391299177647,0.011348712011471918
practical_polymer,592,COMPLETE,1.3061789746603132,52.35066134574974,822.1831005984241,-0.635948432742961
practical_polymer,593,COMPLETE,1.478459954447699,38.81645850883807,810.2178525462306,-2.0819955767523934
practical_polymer,594,COMPLETE,1.3053204550036779,71.76167799321945,818.3213440528311,-1.1026568536010362
practical_polymer,595,COMPLETE,1.3119634347552778,37.88624603547628,824.8429804831378,-0.31449151902746
practical_polymer,596,COMPLETE,1.304805533702861,103.46672415508061,814.0887262673136,-1.614185309487004
practical_polymer,597,COMPLETE,1.300111377381705,54.34240284663451,822.3332308598403,-0.6178046019754357
practical_polymer,598,COMPLETE,1.3000108810120585,37.810054945364655,825.4788124628258,-0.23764873112310791
practical_polymer,599,COMPLETE,1.311023996924407,20.44890908548675,827.5859754900482,0.017010183107979415
engineered_low_index,0,COMPLETE,1.02,20.0,827.6657341463049,0.026649329458061644
engineered_low_index,1,COMPLETE,1.052215278589138,312.35193885415106,828.6527344656332,0.145932188173159
engineered_low_index,2,COMPLETE,1.0573494699720767,135.48301758336743,832.3293102550847,0.590260788539787
engineered_low_index,3,COMPLETE,1.1115989356271192,432.3859956553269,828.9059541042436,0.17653477439807386
engineered_low_index,4,COMPLETE,1.2065052596674473,279.75786189603383,822.345377663702,-0.6163366130999548
engineered_low_index,5,COMPLETE,1.028123870838821,372.1991822145358,828.3513359498888,0.10950699573255562
engineered_low_index,6,COMPLETE,1.1305860051606818,404.98261694175994,828.1573792256445,0.08606656508443056
engineered_low_index,7,COMPLETE,1.0912379152407663,47.30476959255286,829.9125100735453,0.298181010092069
engineered_low_index,8,COMPLETE,1.2626616194517761,126.09391802449822,819.6295280418935,-0.9445576890061314
engineered_low_index,9,COMPLETE,1.1333970454532327,171.7263060887402,830.3856339581614,0.3553598867127361
engineered_low_index,10,COMPLETE,1.0414655559990051,424.7478532302582,828.8236173304066,0.1665840524293749
engineered_low_index,11,COMPLETE,1.2577029613685613,486.30324388898623,820.9863404222833,-0.7805815926426596
engineered_low_index,12,COMPLETE,1.1279055360306387,478.15430005215933,828.9946344161166,0.18725213781205508
engineered_low_index,13,COMPLETE,1.1448123410351214,341.4678328264677,826.739645150456,-0.08527215697534674
engineered_low_index,14,COMPLETE,1.0431000139152036,450.60731839113646,828.9738079428147,0.18473517685089202
engineered_low_index,15,COMPLETE,1.1034409801928535,145.9063148462631,832.7902763001941,0.6459703425839791
engineered_low_index,16,COMPLETE,1.021436273738048,280.73720733459487,828.2896687096029,0.10205426794074324
engineered_low_index,17,COMPLETE,1.153166982762031,325.45936523433085,826.1524349712397,-0.1562388096418843
engineered_low_index,18,COMPLETE,1.2938971575429616,456.1581237589221,817.0210760201625,-1.2597993438265176
engineered_low_index,19,COMPLETE,1.274842861218444,272.1227221314298,816.1212217784594,-1.3685502573523745
engineered_low_index,20,COMPLETE,1.0491253059593337,106.83900572379247,831.6825085652384,0.5120922681494999
engineered_low_index,21,COMPLETE,1.2868512618762877,217.73743202545216,814.3225950956021,-1.5859213445659104
engineered_low_index,22,COMPLETE,1.262204793770011,342.6450941485645,819.1584600334927,-1.0014881049248747
engineered_low_index,23,COMPLETE,1.196060022847005,152.268212791497,826.7004436164755,-0.09000981606992475
engineered_low_index,24,COMPLETE,1.2710892355274415,119.3078582448153,818.6772637321221,-1.0596425647630192
engineered_low_index,25,COMPLETE,1.1332334680611142,496.9147963491697,829.0754390962243,0.19701770024609377
engineered_low_index,26,COMPLETE,1.2260035828219937,233.6294779950477,820.7197596996502,-0.8127989182618256
engineered_low_index,27,COMPLETE,1.1769856874442457,217.40263476158492,825.2347345879433,-0.26714649935575263
engineered_low_index,28,COMPLETE,1.2235566377510367,211.6145052339559,821.2649045670693,-0.7469160234681693
engineered_low_index,29,COMPLETE,1.2076406461166669,358.2634917826599,823.6665070531429,-0.4566729461091379
engineered_low_index,30,COMPLETE,1.1906767639525329,279.2165428071949,823.5330976718108,-0.4727959929542891
engineered_low_index,31,COMPLETE,1.0777029182557245,115.59750877889691,833.0733845963921,0.6801850902746764
engineered_low_index,32,COMPLETE,1.2428068821484923,159.35973332996318,820.8851449473262,-0.7928114625885274
engineered_low_index,33,COMPLETE,1.2036695917906792,163.8160523873719,825.2343947547079,-0.26718756953477696
engineered_low_index,34,COMPLETE,1.0604539459583922,213.89920015062535,830.0045446376297,0.30930374803816996
engineered_low_index,35,COMPLETE,1.1068754675164851,136.83104781486188,833.0538586014,0.677825297216561
engineered_low_index,36,COMPLETE,1.1846691319443454,137.7647614224127,828.6453222507861,0.14503639294487503
engineered_low_index,37,COMPLETE,1.2293757713020017,365.670390970027,822.298648298851,-0.6219840400725762
engineered_low_index,38,COMPLETE,1.214673042747426,69.3165337151416,828.0333635446262,0.0710787837558291
engineered_low_index,39,COMPLETE,1.2842198798916016,261.60302378853527,814.98039630123,-1.5064234895632467
engineered_low_index,40,COMPLETE,1.2719086134228756,115.31834452943068,818.76889202064,-1.048568926812199
engineered_low_index,41,COMPLETE,1.1864457723091606,483.3961192050864,826.5503111763035,-0.10815391014862286
engineered_low_index,42,COMPLETE,1.2996355088510723,31.600939990661416,826.4829673339816,-0.11629267755497441
engineered_low_index,43,COMPLETE,1.1547649333674888,159.88289104333182,829.804861266144,0.285171229616199
engineered_low_index,44,COMPLETE,1.037841759128848,293.4197114926683,828.5928119272971,0.13869031445314928
engineered_low_index,45,COMPLETE,1.02142331971578,313.4132430416104,828.1966124745246,0.09080805704899664
engineered_low_index,46,COMPLETE,1.2636508135696851,444.12870318746684,820.0402843402743,-0.8949161797314087
engineered_low_index,47,COMPLETE,1.2872094552948907,375.1346335056676,817.4092772716372,-1.212883700410916
engineered_low_index,48,COMPLETE,1.0717196281137449,228.64559412166653,829.5804567176086,0.2580510600136199
engineered_low_index,49,COMPLETE,1.2680518587534046,142.42221456070232,818.1006808056209,-1.1293248722684557
engineered_low_index,50,COMPLETE,1.0980320538554176,69.62095195247073,831.5250521483379,0.49306304276515167
engineered_low_index,51,COMPLETE,1.10057405002978,91.37728860514927,832.7689721232796,0.643395649268097
engineered_low_index,52,COMPLETE,1.0812754911957678,90.38753279774463,832.4304859635099,0.6024882696227696
engineered_low_index,53,COMPLETE,1.0897680700449772,90.94881280602539,832.6284691518024,0.6264153142392592
engineered_low_index,54,COMPLETE,1.084881905110635,92.60827271258832,832.6113974826447,0.624352136081896
engineered_low_index,55,COMPLETE,1.1070783401171775,182.21500034047187,830.8657762421046,0.41338696441188816
engineered_low_index,56,COMPLETE,1.1196715689292254,91.34762359403912,832.7136268237552,0.6367069528062874
engineered_low_index,57,COMPLETE,1.1174781175188324,188.61970698287126,830.148180016972,0.32666264683998136
engineered_low_index,58,COMPLETE,1.119313448777773,50.072330941908106,830.2914870557288,0.34398186439457135
engineered_low_index,59,COMPLETE,1.10013608856323,96.55413576397929,832.9731898136533,0.6680761579072048
engineered_low_index,60,COMPLETE,1.1019582139008512,65.41635707586411,831.2791760972519,0.4633479578874944
engineered_low_index,61,COMPLETE,1.0698703837685408,92.12512402038304,832.1701214778029,0.5710222006106047
engineered_low_index,62,COMPLETE,1.0936755353456995,128.74461426696914,833.3040336410006,0.7080599317129677
engineered_low_index,63,COMPLETE,1.1416346691607482,125.32261308743765,832.2627443701302,0.5822160403317289
engineered_low_index,64,COMPLETE,1.1129487112351497,111.35658028796493,833.2695197746257,0.703888795629326
engineered_low_index,65,COMPLETE,1.0964038736191892,111.93352151245605,833.3285743249826,0.7110257695986055
engineered_low_index,66,COMPLETE,1.0683715992811542,108.5945992298603,832.6555075400433,0.6296830094783434
engineered_low_index,67,COMPLETE,1.1261605044917107,188.55365860823656,829.7683837130398,0.28076277429152086
engineered_low_index,68,COMPLETE,1.0760362528502558,138.05547687792273,832.928755093972,0.662706047800854
engineered_low_index,69,COMPLETE,1.078738161674792,129.039516713163,833.1138279932267,0.6850728333646305
engineered_low_index,70,COMPLETE,1.0575104691741957,174.59361407548238,831.3417637298688,0.47091191870143323
engineered_low_index,71,COMPLETE,1.0919871749269487,129.8517995694506,833.2812936685575,0.7053117168775769
engineered_low_index,72,COMPLETE,1.0899610228244518,124.42274440344306,833.3204373155465,0.7100423801022382
engineered_low_index,73,COMPLETE,1.0938604396210576,119.22507876661052,833.3629407394144,0.7151790855367324
engineered_low_index,74,COMPLETE,1.0926322327321616,124.82120518901917,833.3389297233128,0.7122772600913319
engineered_low_index,75,COMPLETE,1.092438258748124,75.15664609387636,831.8112696009374,0.527653544198281
engineered_low_index,76,COMPLETE,1.0879815785094593,152.26568532479,832.6471069632008,0.6286677668274399
engineered_low_index,77,COMPLETE,1.1144658295420429,125.2987471777748,833.1900888751077,0.6942892599662853
engineered_low_index,78,COMPLETE,1.1098388801518142,50.523349104255175,830.2944158135888,0.34433581626589493
engineered_low_index,79,COMPLETE,1.0933447644673693,104.06460716639704,833.1507082930309,0.6895299622072137
engineered_low_index,80,COMPLETE,1.1161061065921059,199.02850543740146,829.6665258947879,0.26845285756136317
engineered_low_index,81,COMPLETE,1.0944186326893555,106.13443654321085,833.2118370601745,0.6969176134083765
engineered_low_index,82,COMPLETE,1.0645955224231833,125.86654743449007,832.6928200404761,0.6341923714615838
engineered_low_index,83,COMPLETE,1.140750228933052,108.3027352977226,832.5199409693583,0.6132992578413488
engineered_low_index,84,COMPLETE,1.1275654271264606,79.20383989328442,832.0636198497161,0.558151061253076
engineered_low_index,85,COMPLETE,1.1106481870296592,119.28850992344786,833.3120212121578,0.7090252610073566
engineered_low_index,86,COMPLETE,1.0944999962510222,149.45865675200045,832.741459415576,0.6400706306621151
engineered_low_index,87,COMPLETE,1.0521844368872384,116.17877277370818,832.0279949432324,0.5538456516157808
engineered_low_index,88,COMPLETE,1.109441888366795,167.29749523757295,831.6218508687609,0.5047615476854617
engineered_low_index,89,COMPLETE,1.0832666683808672,135.83502778624978,833.098690641202,0.6832434250174213
engineered_low_index,90,COMPLETE,1.1555602503890126,61.30691019255475,830.6091308042824,0.38237035691932597
engineered_low_index,91,COMPLETE,1.1108566151092574,123.4613480370297,833.2757073328589,0.7046365863038417
engineered_low_index,92,COMPLETE,1.1066558974222722,146.3355414425879,832.720173552794,0.6374981506809707
engineered_low_index,93,COMPLETE,1.124652867865538,106.8692152136053,833.0195383458299,0.6736775597578459
engineered_low_index,94,COMPLETE,1.0984299521008156,78.29908831540615,832.0734136274234,0.5593346776913366
engineered_low_index,95,COMPLETE,1.1359187566910023,157.08205558734122,831.1277994722263,0.44505349919066184
engineered_low_index,96,COMPLETE,1.0862888000812392,120.08908740581761,833.2821600058547,0.7054164171369282
engineered_low_index,97,COMPLETE,1.0862526739274687,119.38117951734242,833.279630476399,0.7051107135836787
engineered_low_index,98,COMPLETE,1.0754629298264853,130.64429125377316,833.022880934679,0.6740815247268772
engineered_low_index,99,COMPLETE,1.0862262045161852,118.03365997417077,833.2732974595241,0.7043453436619718
engineered_low_index,100,COMPLETE,1.0644898526819415,175.76575434427065,831.4615782208291,0.48539196973826915
engineered_low_index,101,COMPLETE,1.0844805080972466,80.998594024054,832.0193209409713,0.5527973644309236
engineered_low_index,102,COMPLETE,1.104716662621904,116.5692956176691,833.3670033329354,0.71567006589357
engineered_low_index,103,COMPLETE,1.1031306435166932,140.94794526808917,832.9745885058321,0.6682451953414326
engineered_low_index,104,COMPLETE,1.0895659344909077,119.94944190195191,833.3253966112982,0.7106417304397095
engineered_low_index,105,COMPLETE,1.0730319469116598,100.31007480917437,832.5905964568985,0.6218382505576159
engineered_low_index,106,COMPLETE,1.08007132043266,148.3812428926941,832.7318368441585,0.6389077051752734
engineered_low_index,107,COMPLETE,1.0896795361932172,161.9441917572917,832.231105273708,0.5783923314691242
engineered_low_index,108,COMPLETE,1.095404385602733,133.4584514985587,833.2265735647204,0.6986985777660104
engineered_low_index,109,COMPLETE,1.1219204029224743,117.78711918398811,833.1110959821331,0.6847426591114925
engineered_low_index,110,COMPLETE,1.1042000363232625,83.57191888092672,832.4098891262221,0.59999906107433
engineered_low_index,111,COMPLETE,1.0884395613812015,122.12245934769193,833.3121705256808,0.7090433061320844
engineered_low_index,112,COMPLETE,1.0883149926376259,101.96546923546987,833.0219062052354,0.6739637248516228
engineered_low_index,113,COMPLETE,1.0978483434427795,133.93516179687532,833.2119983266458,0.6969371030937754
engineered_low_index,114,COMPLETE,1.0809823830448013,100.57628563322295,832.8269673703003,0.6504046022755672
engineered_low_index,115,COMPLETE,1.0452824084037404,119.9921563541809,831.6519410354479,0.5083980623160622
engineered_low_index,116,COMPLETE,1.0671343008802634,142.82484694634906,832.5979727732363,0.6227297073102767
engineered_low_index,117,COMPLETE,1.0737220750037417,155.11457108053222,832.4128775859438,0.6003602281497544
engineered_low_index,118,COMPLETE,1.058927333804428,111.66014057442594,832.3107666117953,0.5880197165368362
engineered_low_index,119,COMPLETE,1.0895875520265355,58.19261557977316,830.6412959445556,0.3862576402440032
engineered_low_index,120,COMPLETE,1.102203853686227,126.81424585374154,833.320787190696,0.710084663885957
engineered_low_index,121,COMPLETE,1.1032713593156638,126.52463508870869,833.3180021392307,0.7097480794959088
engineered_low_index,122,COMPLETE,1.1034585074060348,129.9610164526283,833.26106178758,0.7028666147302687
engineered_low_index,123,COMPLETE,1.1157925205578814,86.61366056678631,832.5481959718896,0.6167139856878556
engineered_low_index,124,COMPLETE,1.098339488135534,145.23528265098088,832.8741047540904,0.6561013399368543
engineered_low_index,125,COMPLETE,1.107164999306826,98.10937547263416,833.0397616137573,0.6761216209842713
engineered_low_index,126,COMPLETE,1.101786423235876,128.11819565160877,833.304309846477,0.708093312227831
engineered_low_index,127,COMPLETE,1.1126373431435228,166.26343782494735,831.5829750359738,0.50006325085723
engineered_low_index,128,COMPLETE,1.1310642712857886,109.23444763464302,832.8665175624313,0.6551843980747485
engineered_low_index,129,COMPLETE,1.100614521633593,136.8855262881037,833.1234025694021,0.686229958438278
engineered_low_index,130,COMPLETE,1.095149482788275,120.3637209912963,833.3705274365279,0.7160959676310918
engineered_low_index,131,COMPLETE,1.0942040031698754,121.51542750938002,833.3637976668991,0.7152826485833597
engineered_low_index,132,COMPLETE,1.0939033079275644,111.77536126433672,833.3083439300142,0.7085808470413291
engineered_low_index,133,COMPLETE,1.1090220308803307,96.89281165914963,832.9950769551452,0.6707213047781213
engineered_low_index,134,COMPLETE,1.0793190545116929,114.04295615232485,833.0957839854707,0.6828921442750158
engineered_low_index,135,COMPLETE,1.0949075930842165,141.62639317509388,833.0150180578003,0.673131265224991
engineered_low_index,136,COMPLETE,1.1175208737983287,123.02136881935414,833.1609242862418,0.690764605044647
engineered_low_index,137,COMPLETE,1.1014942810997863,150.97554552638383,832.6095548248612,0.6241294436635014
engineered_low_index,138,COMPLETE,1.1053261138443062,406.58233747109705,828.7682660011535,0.1598946272511892
engineered_low_index,139,COMPLETE,1.0909572306160062,105.49863263786119,833.1575098205197,0.690351953473689
engineered_low_index,140,COMPLETE,1.120944769963727,89.52254162016433,832.6261565136515,0.6261358228506486
engineered_low_index,141,COMPLETE,1.097584106313611,126.67042021180208,833.3364195668951,0.7119738978456747
engineered_low_index,142,COMPLETE,1.0983158135354518,112.78225105547315,833.3472783258932,0.7132862214488611
engineered_low_index,143,COMPLETE,1.097268659350681,112.89325502845152,833.3442175426014,0.7129163137864047
engineered_low_index,144,COMPLETE,1.0830420154328138,118.34685598860375,833.2189210734846,0.6977737441939968
engineered_low_index,145,COMPLETE,1.11167618835529,98.89364359572127,833.0450620605372,0.6767622007612051
engineered_low_index,146,COMPLETE,1.0976359040746355,133.8961137794168,833.2135412912139,0.6971235764119399
engineered_low_index,147,COMPLETE,1.0781853919954125,123.9267685820308,833.1264517698569,0.6865984662694613
engineered_low_index,148,COMPLETE,1.106904523928351,110.66422557268707,833.3157202399973,0.7094723030260042
engineered_low_index,149,COMPLETE,1.089863226864587,109.88335238633738,833.2339665956487,0.6995920545424861
engineered_low_index,150,COMPLETE,1.105190817752662,72.34877353183234,831.7568654326234,0.5210785871334833
engineered_low_index,151,COMPLETE,1.098361927982249,141.5389342116072,833.0008973338623,0.671424720368341
engineered_low_index,152,COMPLETE,1.1114506367320653,124.53892374525492,833.2534066545788,0.701941461890554
engineered_low_index,153,COMPLETE,1.0852989167334632,103.97000707936105,833.0246469793742,0.674294958153121
engineered_low_index,154,COMPLETE,1.0948996576974472,113.82259216794607,833.3399615961764,0.7124019659729752
engineered_low_index,155,COMPLETE,1.0933979098794315,88.80184045438975,832.5816457866069,0.6207565269564341
engineered_low_index,156,COMPLETE,1.1053882643937556,133.7737506087187,833.1577505203899,0.6903810429968127
engineered_low_index,157,COMPLETE,1.0984941402307746,115.71775982601282,833.3715370501591,0.7162179833972049
engineered_low_index,158,COMPLETE,1.097808835308528,96.84706537161668,832.9681884814112,0.6674717272950437
engineered_low_index,159,COMPLETE,1.0839045743037243,113.22847704147613,833.1866096665572,0.6938687839706414
engineered_low_index,160,COMPLETE,1.1162230389830055,153.15114842890551,832.1701578831985,0.5710266003454034
engineered_low_index,161,COMPLETE,1.0916471707441493,127.78867227338455,833.3056526186876,0.7082555915146171
engineered_low_index,162,COMPLETE,1.1010729641304327,115.68227662610664,833.3737659802491,0.7164873583384468
engineered_low_index,163,COMPLETE,1.100938215546223,107.33511803865348,833.274623832994,0.7045056410966533
engineered_low_index,164,COMPLETE,1.1072286971046024,83.06403675464935,832.3919960969133,0.5978366183220674
engineered_low_index,165,COMPLETE,1.096575012865424,115.82183941318088,833.3655031129053,0.7154887584204239
engineered_low_index,166,COMPLETE,1.0943093126691856,138.658895926605,833.1024452260202,0.6836971813148018
engineered_low_index,167,COMPLETE,1.0759393199816325,117.08620618838418,833.0405963122165,0.6762224975660036
engineered_low_index,168,COMPLETE,1.0988058454899559,96.77075328471038,832.9727528732561,0.6680233519469114
engineered_low_index,169,COMPLETE,1.082667914870279,147.06170867142646,832.802457930735,0.6474425404002115
engineered_low_index,170,COMPLETE,1.0942544616622296,130.94269554859477,833.2726320730249,0.7042649290945002
engineered_low_index,171,COMPLETE,1.103789991104766,113.26458349651712,833.3536963697236,0.714061867211524
engineered_low_index,172,COMPLETE,1.1022826044533252,119.57246623890703,833.3771163289737,0.71689226111884
engineered_low_index,173,COMPLETE,1.0888097000429224,103.77103290605875,833.0816669064941,0.6811860399262404
engineered_low_index,174,COMPLETE,1.0998868968453024,115.95982180912085,833.3749743333879,0.716633392553323
engineered_low_index,175,COMPLETE,1.1003006494457046,116.36476834632626,833.3769308239881,0.7168698421139652
engineered_low_index,176,COMPLETE,1.1115494268615795,116.15869999889989,833.3072304857025,0.7084462829303195
engineered_low_index,177,COMPLETE,1.0968133566702107,93.93790638088493,832.8478435011749,0.6529275645491106
engineered_low_index,178,COMPLETE,1.103370435008439,105.74268816904394,833.2456436243791,0.7010032692513324
engineered_low_index,179,COMPLETE,1.122726074773772,113.99768137069069,833.1041718815977,0.6839058544117149
engineered_low_index,180,COMPLETE,1.096472966953176,138.81188450699324,833.093292526609,0.6825910417023406
engineered_low_index,181,COMPLETE,1.1009786570863058,119.23241554813751,833.3807366657948,0.7173297930193723
engineered_low_index,182,COMPLETE,1.0896274297441773,117.7678403985953,833.319095102394,0.7098801683798284
engineered_low_index,183,COMPLETE,1.1077194596057562,105.58601640141694,833.232445451235,0.6994082182755434
engineered_low_index,184,COMPLETE,1.0997670794752823,86.98579426347914,832.5588362368969,0.6179999034354955
engineered_low_index,185,COMPLETE,1.114937002508714,121.62229768811164,833.228915441993,0.698981602817117
engineered_low_index,186,COMPLETE,1.0851538404439447,97.8712323437019,832.8271217399451,0.6504232584524372
engineered_low_index,187,COMPLETE,1.093458509242321,112.39031362190798,833.3123880800694,0.7090695984329987
engineered_low_index,188,COMPLETE,1.102694128195908,135.3699765612543,833.146017505946,0.6889630621949694
engineered_low_index,189,COMPLETE,1.1097446079372761,131.2776682996394,833.1564959961711,0.6902294288258615
engineered_low_index,190,COMPLETE,1.0976227471247428,102.02835867203889,833.1340600525525,0.6875179570660306
engineered_low_index,191,COMPLETE,1.10413973936376,124.47022098553714,833.3367060449934,0.7120085198471848
engineered_low_index,192,COMPLETE,1.090659941723814,120.84746092184926,833.3375687645091,0.7121127828834561
engineered_low_index,193,COMPLETE,1.1044398833519404,113.75576516213832,833.3553024807586,0.714255972027833
engineered_low_index,194,COMPLETE,1.104381564534816,123.84266066495498,833.341346830319,0.7125693769507446
engineered_low_index,195,COMPLETE,1.1046979666804537,114.23301331255321,833.3574291052263,0.7145129829334573
engineered_low_index,196,COMPLETE,1.112607702252023,111.11102691828933,833.2715295324213,0.7041316827393729
engineered_low_index,197,COMPLETE,1.2494451738478936,94.94946422325233,823.3136990614819,-0.4993111752958357
engineered_low_index,198,COMPLETE,1.1185904519168666,116.87498873259362,833.1904061041544,0.6943275983404718
engineered_low_index,199,COMPLETE,1.105596751452773,137.46559083516246,833.0532397204478,0.6777505030267861
engineered_low_index,200,COMPLETE,1.1088758698960983,104.67131353010643,833.2079894576939,0.6964526155617712
engineered_low_index,201,COMPLETE,1.101132070183147,122.91517380583632,833.3656158684205,0.7155023853665732
engineered_low_index,202,COMPLETE,1.1013212816595723,112.85961854560809,833.3534338880013,0.7140301452661646
engineered_low_index,203,COMPLETE,1.1021070715430172,111.07803825308676,833.3340039119892,0.7116819564782828
engineered_low_index,204,COMPLETE,1.1014992193483002,131.9375157549819,833.236691336282,0.6999213501319934
engineered_low_index,205,COMPLETE,1.1142375607164743,117.64396483939565,833.2671241985122,0.7035992808627212
engineered_low_index,206,COMPLETE,1.0941749868791937,103.748342856416,833.151296643256,0.6896010666389119
engineered_low_index,207,COMPLETE,1.1069000685084103,88.76289330492604,832.6736762067076,0.6318787640858137
engineered_low_index,208,COMPLETE,1.0991736292785026,126.79424381470396,833.3329955308019,0.7115600896578478
engineered_low_index,209,COMPLETE,1.0930589439287592,111.10612006386464,833.2911172059444,0.7064989298898317
engineered_low_index,210,COMPLETE,1.1096567873041967,147.93832298148791,832.5914820857483,0.621945282276748
engineered_low_index,211,COMPLETE,1.0880158932510273,121.77409062067568,833.307357451441,0.7084616272376776
engineered_low_index,212,COMPLETE,1.1004743296279555,118.790846136428,833.3815888354607,0.7174327810649306
engineered_low_index,213,COMPLETE,1.1001156813638169,100.77257474152121,833.1121948095861,0.6848754567178039
engineered_low_index,214,COMPLETE,1.1050991908422436,133.2748041278332,833.173444503831,0.6922777224332988
engineered_low_index,215,COMPLETE,1.0966051150740244,115.92342527237369,833.3662438551511,0.715578280025353
engineered_low_index,216,COMPLETE,1.0989457981925834,112.60054668063705,833.3473381538714,0.7132934518946143
engineered_low_index,217,COMPLETE,1.1008919671485298,107.76823323241787,833.2825354092494,0.7054617861091739
engineered_low_index,218,COMPLETE,1.1151923621848263,95.10239582284825,832.8967133385422,0.6588336760183333
engineered_low_index,219,COMPLETE,1.1079208287668492,119.79477087091735,833.3401023001807,0.7124189706035899
engineered_low_index,220,COMPLETE,1.0972816917645078,140.38448174092994,833.0436250574561,0.6765885333042121
engineered_low_index,221,COMPLETE,1.1075632177322747,117.52492335168716,833.3488092513858,0.7134712397975473
engineered_low_index,222,COMPLETE,1.1047708086617545,113.04899933711025,833.3487404792602,0.7134629284164973
engineered_low_index,223,COMPLETE,1.1101259977306335,111.79462937596533,833.3034073825504,0.707984245923643
engineered_low_index,224,COMPLETE,1.1016979549399954,102.91430066031843,833.177460564081,0.6927630790618755
engineered_low_index,225,COMPLETE,1.0952773537959875,115.10427296511892,833.3536248379885,0.714053222320854
engineered_low_index,226,COMPLETE,1.0924681829450418,128.83801178323193,833.2976135950236,0.7072840439830141
engineered_low_index,227,COMPLETE,1.105596538401375,115.70817917827937,833.3600168496139,0.7148257219894871
engineered_low_index,228,COMPLETE,1.1190811019324498,253.88987758214486,827.8514009207596,0.049087887168397515
engineered_low_index,229,COMPLETE,1.1131948886656609,121.42488084030127,833.2608463323729,0.7028405761236645
engineered_low_index,230,COMPLETE,1.105097094918625,98.54749102215963,833.0555181867039,0.6780258646079451
engineered_low_index,231,COMPLETE,1.098037331632393,115.13773300249669,833.3667032627358,0.7156338012333396
engineered_low_index,232,COMPLETE,1.1019542620422662,116.80828612366031,833.3769740359071,0.7168750644438004
engineered_low_index,233,COMPLETE,1.1074256613912798,131.44642384662723,833.1870043916688,0.6939164880481519
engineered_low_index,234,COMPLETE,1.1024652394929246,121.56172117991771,833.3691906169504,0.7159344077433349
engineered_low_index,235,COMPLETE,1.0918340443166297,121.69530385629352,833.3472268979676,0.7132800061824041
engineered_low_index,236,COMPLETE,1.0963603871197334,129.2413529108511,833.3021302117745,0.7078298948274719
engineered_low_index,237,COMPLETE,1.0869209466107848,106.0743543809972,833.1089517394429,0.6844835189745879
engineered_low_index,238,COMPLETE,1.1024195659526672,121.04745434528763,833.37188129161,0.716259586326351
engineered_low_index,239,COMPLETE,1.1020610356383125,137.85640704666474,833.0832782160693,0.6813807730065236
engineered_low_index,240,COMPLETE,1.094620285792427,127.46160980710846,833.3232129597726,0.7103778275905359
engineered_low_index,241,COMPLETE,1.1092624324789997,118.74404888331529,833.3302902228824,0.7112331425879859
engineered_low_index,242,COMPLETE,1.1018726797861624,119.95532695105824,833.3775019876146,0.7169388694777901
engineered_low_index,243,COMPLETE,1.1009970936163052,106.23333548293813,833.2529992383215,0.7018922240383363
engineered_low_index,244,COMPLETE,1.0969578439973895,123.52550947454607,833.3645601111923,0.7153747929658172
engineered_low_index,245,COMPLETE,1.095545076795924,127.76384243303485,833.3217056939361,0.7101956686040634
engineered_low_index,246,COMPLETE,1.0917382148613983,139.98743499392964,833.0651520547739,0.6791901553395263
engineered_low_index,247,COMPLETE,1.0879999750112395,119.64628523944815,833.3054808849215,0.7082348368155911
engineered_low_index,248,COMPLETE,1.098560543762283,132.55788958934554,833.2391450794948,0.700217894620625
engineered_low_index,249,COMPLETE,1.1035563014990681,103.97089604013965,833.2062658902167,0.6962443156738773
engineered_low_index,250,COMPLETE,1.1135864416577512,119.69860929947339,833.2678166623705,0.7036829678352285
engineered_low_index,251,COMPLETE,1.0958739439858922,124.65393891491101,833.3542314098469,0.7141265289083654
engineered_low_index,252,COMPLETE,1.0836690616692919,128.17682508478933,833.2134535560924,0.6971129732784798
engineered_low_index,253,COMPLETE,1.1047025357594615,140.36602314187564,832.9735162164911,0.668115604970021
engineered_low_index,254,COMPLETE,1.098893704614107,94.61850177985197,832.8921790001909,0.6582856834489892
engineered_low_index,255,COMPLETE,1.1089532041864731,122.76131908415236,833.3081523425258,0.7085576929421133
engineered_low_index,256,COMPLETE,1.091076128869434,106.8016322833503,833.1891991407274,0.6941817320776922
engineered_low_index,257,COMPLETE,1.1006682590894243,133.4723858230396,833.2086733212009,0.6965352631480792
engineered_low_index,258,COMPLETE,1.0955920012485034,122.92270590649635,833.3646659450127,0.7153875833979972
engineered_low_index,259,COMPLETE,1.0906643392557709,146.6880442621839,832.8541040057121,0.6536841710704788
engineered_low_index,260,COMPLETE,1.0842984600903733,124.02294347355011,833.2488951983407,0.7013962347143243
engineered_low_index,261,COMPLETE,1.0955366111068354,133.79206722436663,833.2195274759333,0.6978470303076856
engineered_low_index,262,COMPLETE,1.1116352866635442,122.06695532483673,833.2790255579309,0.7050376068148623
engineered_low_index,263,COMPLETE,1.0967314435647568,101.988142477133,833.1262718845649,0.6865767264265576
engineered_low_index,264,COMPLETE,1.088624893970693,112.64554798470832,833.2590923990231,0.7026286064010012
engineered_low_index,265,COMPLETE,1.1053061774045136,142.88301976738575,832.8766359099865,0.6564072400518262
engineered_low_index,266,COMPLETE,1.1728022256421629,127.91127634549306,830.1490447465412,0.3267671527991123
engineered_low_index,267,COMPLETE,1.0988091286948252,114.87821256058832,833.3670076744284,0.7156705905800198
engineered_low_index,268,COMPLETE,1.101661051651239,91.82494914824798,832.7943685232394,0.6464649037850156
engineered_low_index,269,COMPLETE,1.1143216955274038,110.10038884012029,833.2408232495111,0.7004207080473668
engineered_low_index,270,COMPLETE,1.1076856002215418,100.73530382586458,833.1171645428448,0.6854760684689154
engineered_low_index,271,COMPLETE,1.0993424093075588,115.00581549191287,833.368918814938,0.7159015594043749
engineered_low_index,272,COMPLETE,1.092334939655768,117.70846122224232,833.3469204808421,0.7132429744712843
engineered_low_index,273,COMPLETE,1.098871697054296,82.63278245611338,832.324449706062,0.589673372131716
engineered_low_index,274,COMPLETE,1.088270473769144,105.69705432189427,833.1226414517712,0.6861379743881679
engineered_low_index,275,COMPLETE,1.0988862174817784,135.22222626516557,833.177549717457,0.6927738535969619
engineered_low_index,276,COMPLETE,1.0926477951152287,469.90127555820436,829.4830836081815,0.24628313792991463
engineered_low_index,277,COMPLETE,1.0789021097677531,118.34558446898316,833.1283239958741,0.6868247321248022
engineered_low_index,278,COMPLETE,1.1087312683049049,153.15160352265943,832.3747782430039,0.5957557731642416
engineered_low_index,279,COMPLETE,1.1192320248139718,127.8493124781458,833.0357929046609,0.6756419869282881
engineered_low_index,280,COMPLETE,1.0829482391433265,98.42314005634962,832.7995840560227,0.6470952213724734
engineered_low_index,281,COMPLETE,1.0994790329596285,108.1939022560012,833.2862542224306,0.705911219263955
engineered_low_index,282,COMPLETE,1.1045383752207951,117.14582096591698,833.3688667087548,0.7158952621678205
engineered_low_index,283,COMPLETE,1.093225925266719,137.8222850973863,833.1246863421318,0.686385107406462
engineered_low_index,284,COMPLETE,1.102558682930459,120.16820601553339,833.3746581799261,0.7165951841678009
engineered_low_index,285,COMPLETE,1.0981368285318878,127.91324296329002,833.3202219317359,0.7100163501241985
engineered_low_index,286,COMPLETE,1.088285461141504,121.6919519888989,833.3107965305411,0.7088772534318721
engineered_low_index,287,COMPLETE,1.1022072324546932,146.58827003311333,832.7807854008411,0.6448233301824313
engineered_low_index,288,COMPLETE,1.1117332941093399,131.7832774892923,833.1099175909229,0.6846002459131473
engineered_low_index,289,COMPLETE,1.0963077309274882,107.11379538887672,833.2486006121528,0.7013606328184041
engineered_low_index,290,COMPLETE,1.0873099442545382,91.49884703362518,832.6103680492417,0.6242277250186223
engineered_low_index,291,COMPLETE,1.1026452907792292,120.41989947816727,833.3735016285218,0.7164554103956444
engineered_low_index,292,COMPLETE,1.1108607271671267,119.94163135832895,833.3059571489134,0.7082923951864828
engineered_low_index,293,COMPLETE,1.102943451634846,131.19458622810706,833.2411641310302,0.7004619049155725
engineered_low_index,294,COMPLETE,1.1182941480000113,25.42723809704026,828.708350261004,0.1526535751186664
engineered_low_index,295,COMPLETE,1.1069442033282186,101.14811642286988,833.1305862275801,0.6870981316969171
engineered_low_index,296,COMPLETE,1.1009325717342051,142.50008978705443,832.9467269526197,0.6648780173878377
engineered_low_index,297,COMPLETE,1.0945589785741139,332.71320038599276,828.2681481360364,0.09945342224098042
engineered_low_index,298,COMPLETE,1.1250145892422527,112.02978135312057,833.0457915984334,0.6768503682765381
engineered_low_index,299,COMPLETE,1.111933340537222,124.02496422038668,833.25261008094,0.7018451928428648
engineered_low_index,300,COMPLETE,1.1034494986676113,113.46473981993182,833.3561734612156,0.7143612334312488
engineered_low_index,301,COMPLETE,1.095745498664078,134.48223410693373,833.2043603272348,0.696014020915614
engineered_low_index,302,COMPLETE,1.031638625892302,96.7855162743395,830.264402749979,0.34070861984452083
engineered_low_index,303,COMPLETE,1.0916901338243648,121.87674791441721,833.3456694360018,0.7130917807968595
engineered_low_index,304,COMPLETE,1.1070218608703093,157.5776134000609,832.197820935701,0.5743697887098609
engineered_low_index,305,COMPLETE,1.1002660787922338,107.4114772846135,833.2743835934903,0.7044766072106246
engineered_low_index,306,COMPLETE,1.1146837359589654,117.23346618907846,833.2611038243499,0.7028716950387315
engineered_low_index,307,COMPLETE,1.0839713212708695,136.49930941689635,833.0946946152037,0.6827604896067152
engineered_low_index,308,COMPLETE,1.098414841650248,126.1458840535428,833.3418386292917,0.7126288127849767
engineered_low_index,309,COMPLETE,1.1057384834696753,105.89276626251379,833.2456253665257,0.701001062718154
engineered_low_index,310,COMPLETE,1.0899909475742455,116.75739151144901,833.3176666292891,0.7097075318039048
engineered_low_index,311,COMPLETE,1.0958161209761046,128.2437099338534,833.3158955888865,0.7094934946268339
engineered_low_index,312,COMPLETE,1.1025769055675376,85.80739240053764,832.5178741657264,0.6130494765182792
engineered_low_index,313,COMPLETE,1.1096368381949597,145.8745521891396,832.6795342679662,0.6325867337589663
engineered_low_index,314,COMPLETE,1.0930808042735332,96.29673525372428,832.8994406655137,0.6591632841769446
engineered_low_index,315,COMPLETE,1.1014269729528245,108.02854523428984,833.2881190532453,0.7061365913800799
engineered_low_index,316,COMPLETE,1.1155314539737053,298.69370493589764,827.6366547896538,0.023134975183780604
engineered_low_index,317,COMPLETE,1.0867827136137094,120.55198680508333,833.2903189184307,0.7064024537136282
engineered_low_index,318,COMPLETE,1.106583454504241,138.85971140736555,832.9954043147789,0.6707608674734411
engineered_low_index,319,COMPLETE,1.0975753368613979,111.67064933676934,833.3314126732377,0.7113687951146641
engineered_low_index,320,COMPLETE,1.0810324379263654,130.61620405138487,833.1435811926467,0.6886686241797335
engineered_low_index,321,COMPLETE,1.0920090712008623,100.12336399490243,833.0196837765754,0.6736951356336895
engineered_low_index,322,COMPLETE,1.100965069141782,122.27212125428417,833.3702486808753,0.7160622789174287
engineered_low_index,323,COMPLETE,1.1099962646422104,116.72975832802493,833.3254461235379,0.7106477141880285
engineered_low_index,324,COMPLETE,1.1015936845650096,128.2307963740219,833.3036557753874,0.7080142651719523
engineered_low_index,325,COMPLETE,1.104986149223656,107.43307357907089,833.2762126884627,0.7046976605100896
engineered_low_index,326,COMPLETE,1.1118062756880869,137.3436519384344,832.9497066747921,0.6652381284961484
engineered_low_index,327,COMPLETE,1.0984390992299542,122.39237847177694,833.3725774179466,0.7163437159237063
engineered_low_index,328,COMPLETE,1.118814860650537,113.50388164180029,833.1881345620048,0.6940530735647599
engineered_low_index,329,COMPLETE,1.1025045020417163,94.32957520908644,832.9005133866764,0.6592929267356995
engineered_low_index,330,COMPLETE,1.2190541109824888,74.33134808662459,827.5660292419043,0.014599600808606894
engineered_low_index,331,COMPLETE,1.1064568225422802,103.38991883995249,833.1891280305272,0.6941731381311822
engineered_low_index,332,COMPLETE,1.0985412394046326,123.95491892027697,833.3624265271162,0.7151169409642222
engineered_low_index,333,COMPLETE,1.109978044533477,145.9598758428166,832.6685563615473,0.6312600107227784
engineered_low_index,334,COMPLETE,1.0899194056614494,115.07931065731687,833.3037445965147,0.7080249995534693
engineered_low_index,335,COMPLETE,1.0971170803555506,129.54851850168708,833.2971930641213,0.7072332211745413
engineered_low_index,336,COMPLETE,1.1024337306384617,106.83146837788702,833.2671415615575,0.7036013792548479
engineered_low_index,337,COMPLETE,1.0937476329186346,87.39323936202665,832.5175069640175,0.6130050987519287
engineered_low_index,338,COMPLETE,1.1158721885913645,375.0783591290245,828.1761647507212,0.08833686944982322
engineered_low_index,339,COMPLETE,1.106034200354192,136.36266687261744,833.0796814000287,0.6809460836845416
engineered_low_index,340,COMPLETE,1.1003836559380882,120.55108714520432,833.3790285888142,0.7171233652187192
engineered_low_index,341,COMPLETE,1.1094037326641626,114.79438474255268,833.3280649758825,0.7109642127626437
engineered_low_index,342,COMPLETE,1.1014497843074933,102.01816803579295,833.1528965664354,0.6897944236285758
engineered_low_index,343,COMPLETE,1.10044955147868,120.2870114699281,833.3796605775942,0.717199743540875
engineered_low_index,344,COMPLETE,1.1249755723301478,127.04039098713265,832.8899358795129,0.6580145935195514
engineered_low_index,345,COMPLETE,1.1146047895994609,154.02210958892215,832.1760075464267,0.5717335550836422
engineered_low_index,346,COMPLETE,1.105846317216278,138.54855241851044,833.0163433275081,0.6732914292656877
engineered_low_index,347,COMPLETE,1.1022281919088572,119.8201577811665,833.3767501942662,0.7168480123037835
engineered_low_index,348,COMPLETE,1.1093445120050456,114.65089939123327,833.3281009515456,0.710968560562586
engineered_low_index,349,COMPLETE,1.1015993578221184,96.50733828601523,832.9786107141894,0.6687312949928748
engineered_low_index,350,COMPLETE,1.0878340425740147,107.98759601191611,833.1673005586935,0.6915352025724353
engineered_low_index,351,COMPLETE,1.0984594630164108,131.51911717578272,833.2601702257389,0.7027588659858752
engineered_low_index,352,COMPLETE,1.113037120422948,121.39059949045156,833.2637004851597,0.7031855116793606
engineered_low_index,353,COMPLETE,1.1061841115402797,108.43598484909968,833.2890899973353,0.7062539337805207
engineered_low_index,354,COMPLETE,1.0932551726360882,119.81159084148959,833.3593606627962,0.7147464192396091
engineered_low_index,355,COMPLETE,1.120718586405846,420.95964172348283,828.5980441428651,0.1393226482205634
engineered_low_index,356,COMPLETE,1.2342570605620913,145.26995889222874,822.6657861942133,-0.5776139858346463
engineered_low_index,357,COMPLETE,1.1005878121236847,132.3648701527176,833.2335094924073,0.6995368118234202
engineered_low_index,358,COMPLETE,1.0909652420267857,99.8651219136567,832.9969681023131,0.6709498573287176
engineered_low_index,359,COMPLETE,1.1053281961344896,90.19540062260899,832.7361319930158,0.63942679075637
engineered_low_index,360,COMPLETE,1.0980467625549666,115.2426094562072,833.367428478143,0.7157214463589412
engineered_low_index,361,COMPLETE,1.1132746162944824,122.8678761046743,833.2447296250848,0.7008928088527266
engineered_low_index,362,COMPLETE,1.0998291230715964,112.44821529736429,833.3477985997279,0.713349098581828
engineered_low_index,363,COMPLETE,1.108040743097692,133.06174541217172,833.1398744625436,0.6882206513123323
engineered_low_index,364,COMPLETE,1.0850683324795887,105.45381892462835,833.0591470241682,0.6784644238445159
engineered_low_index,365,COMPLETE,1.0973279207797662,122.47010002165943,833.371197545249,0.7161769528975848
engineered_low_index,366,COMPLETE,1.0929944340003563,141.41301601802732,833.024718418362,0.6743035918349349
engineered_low_index,367,COMPLETE,1.104191506458724,126.12696501284479,833.3165969110514,0.7095782521604033
engineered_low_index,368,COMPLETE,1.1099270560001746,125.0704194423992,833.2685767040745,0.7037748218553519
engineered_low_index,369,COMPLETE,1.0973825057551236,117.07258144549168,833.3747617691744,0.7166077033346374
engineered_low_index,370,COMPLETE,1.0882973195970886,132.2097488812646,833.2193652066433,0.6978274194277212
engineered_low_index,371,COMPLETE,1.0802650215890637,100.9141206509062,832.8201226150626,0.6495773867661425
engineered_low_index,372,COMPLETE,1.095827197767545,151.86761822091776,832.6351897879413,0.62722752946891
engineered_low_index,373,COMPLETE,1.099976358162024,113.33453701928148,833.3568110610494,0.7144382898712553
engineered_low_index,374,COMPLETE,1.092376114667354,121.90410622529785,833.3510181074671,0.7137381887161176
engineered_low_index,375,COMPLETE,1.096587198590707,140.35081776524467,833.0479492368786,0.6771111273429442
engineered_low_index,376,COMPLETE,1.1034598146824672,108.14830159896577,833.2907990303707,0.7064604771241489
engineered_low_index,377,COMPLETE,1.0860098131020013,93.49270378016274,832.6722115628352,0.6317017561308313
engineered_low_index,378,COMPLETE,1.1007757564242333,495.7944442796706,829.6798624506848,0.2700646326354361
engineered_low_index,379,COMPLETE,1.0937066516047043,80.3572260122703,832.1395648998673,0.5673293183517725
engineered_low_index,380,COMPLETE,1.116599775047984,120.87259281027625,833.2045622621717,0.696038425544554
engineered_low_index,381,COMPLETE,1.108719303729775,133.43002973431905,833.1201151856012,0.6858326652157798
engineered_low_index,382,COMPLETE,1.089864759227694,163.26124383925745,832.1690614175758,0.5708940881755442
engineered_low_index,383,COMPLETE,1.2034806250534513,112.51748018101762,827.9058503299456,0.055668311769951906
engineered_low_index,384,COMPLETE,1.1036219382570571,127.22380686310252,833.3056295558758,0.7082528042833713
engineered_low_index,385,COMPLETE,1.0988870300981708,102.93105208733839,833.1666821281751,0.6914604628193599
engineered_low_index,386,COMPLETE,1.0948823592384922,118.69155892688156,833.3683041985055,0.7158272805985355
engineered_low_index,387,COMPLETE,1.0816655692739408,141.47228091824655,832.9509880441483,0.6653929870072295
engineered_low_index,388,COMPLETE,1.092519110106057,120.29574051425215,833.3540207999263,0.714101075873641
engineered_low_index,389,COMPLETE,1.0732348492115549,131.03944482206893,832.96033614746,0.666522741947273
engineered_low_index,390,COMPLETE,1.1120957682438761,108.40822781789385,833.2471415526039,0.7011842997508122
engineered_low_index,391,COMPLETE,1.0869279278392883,118.81998466638571,833.2877565184071,0.7060927776233683
engineered_low_index,392,COMPLETE,1.1066724667420007,99.55156395111628,833.0854052426018,0.6816378325032568
engineered_low_index,393,COMPLETE,1.097325196980725,147.22298506530592,832.8084507953849,0.6481668015917652
engineered_low_index,394,COMPLETE,1.1037068161698764,128.3421665256028,833.2875494717578,0.706067755223927
engineered_low_index,395,COMPLETE,1.0937120511684912,135.29332080133767,833.18612407254,0.6938100980296014
engineered_low_index,396,COMPLETE,1.1025828878587682,116.01643766219632,833.3730733322298,0.716403649109365
engineered_low_index,397,COMPLETE,1.1201232361536209,123.98689615190234,833.0860632429092,0.6817173544204858
engineered_low_index,398,COMPLETE,1.1090766148404214,90.57850099752572,832.7533527082649,0.6415079817183367
engineered_low_index,399,COMPLETE,1.114451145011953,107.64545266200565,833.2099797829795,0.6966931541767973
engineered_low_index,400,COMPLETE,1.1055081920310472,117.8630193195208,833.363803143577,0.7152833104613565
engineered_low_index,401,COMPLETE,1.1021246093252164,139.1364302690986,833.0442090346372,0.6766591092363772
engineered_low_index,402,COMPLETE,1.088800215675511,127.10379538326738,833.2893575114417,0.7062862639092504
engineered_low_index,403,COMPLETE,1.1102711947321195,101.94184126728895,833.1371533214486,0.6878917907411353
engineered_low_index,404,COMPLETE,1.0960172678945341,111.1492055831228,833.3158400586665,0.7094867835820029
engineered_low_index,405,COMPLETE,1.1599859852789296,122.36095470730186,831.2890849719056,0.46454548424303965
engineered_low_index,406,COMPLETE,1.1024700678669677,131.24896425753167,833.2438278406736,0.7007838246706477
engineered_low_index,407,COMPLETE,1.0947894656879962,110.8555774952424,833.3027795279695,0.7079083672356656
engineered_low_index,408,COMPLETE,1.1062787045935383,147.73048048038874,832.669392213974,0.6313610267660197
engineered_low_index,409,COMPLETE,1.0993671817860218,118.06198630874448,833.3811973566206,0.7173854693120818
engineered_low_index,410,COMPLETE,1.1140457570978146,96.95596916791804,832.9679202251333,0.6674393074719953
engineered_low_index,411,COMPLETE,1.129650641656445,137.53664270621908,832.3939555259253,0.5980734230012663
engineered_low_index,412,COMPLETE,1.1016843131525471,105.24390372291381,833.233333801227,0.6995155788553697
engineered_low_index,413,COMPLETE,1.1083865038967986,126.84383122346217,833.2629175083101,0.7030908858569607
engineered_low_index,414,COMPLETE,1.098868131974138,114.53368142783995,833.3646647081916,0.7153874339233202
engineered_low_index,415,COMPLETE,1.090243209208519,83.54262725923687,832.2665489512744,0.5826758388811415
engineered_low_index,416,COMPLETE,1.103907619645261,134.54753418855114,833.1550131567415,0.6900502218664339
engineered_low_index,417,COMPLETE,1.1154945255430666,124.18764129929964,833.1868334433495,0.6938958282734609
engineered_low_index,418,COMPLETE,1.0849399825563666,95.65287858520449,832.7387338297995,0.6397412329337326
engineered_low_index,419,COMPLETE,1.110096632256484,108.3249399008652,833.2642026145624,0.7032461959865621
engineered_low_index,420,COMPLETE,1.0982129229334874,117.43910372840642,833.3782155791506,0.7170251098129965
engineered_low_index,421,COMPLETE,1.0903628420154623,118.79250273875668,833.3315652017523,0.711387228783722
engineered_low_index,422,COMPLETE,1.0983745885123095,142.49758191077308,832.9693494642278,0.6676120366207572
engineered_low_index,423,COMPLETE,1.0954444383761233,102.08624575592856,833.1180256143394,0.6855801323353949
engineered_low_index,424,COMPLETE,1.1010710078666122,128.60827184726716,833.3005100081972,0.7076340868721775
engineered_low_index,425,COMPLETE,1.0906944209410505,113.27516670538763,833.2942416989022,0.7068765371152086
engineered_low_index,426,COMPLETE,1.0818935865287114,132.158806570691,833.138959362351,0.6881100578658428
engineered_low_index,427,COMPLETE,1.0994266329755882,121.18703852039019,833.3778149168247,0.7169766881998774
engineered_low_index,428,COMPLETE,1.1059329725848237,159.8423974081681,832.1080918043956,0.5635256713549364
engineered_low_index,429,COMPLETE,1.0941591838542835,122.94746533494053,833.3585016674273,0.7146426062810685
engineered_low_index,430,COMPLETE,1.0995219817038426,149.1076743881319,832.7131024569762,0.6366435810249538
engineered_low_index,431,COMPLETE,1.1096437360924178,134.80989895660565,833.0675777501235,0.6794833101339215
engineered_low_index,432,COMPLETE,1.0863902845520506,105.9795673335912,833.0971745085347,0.6830601944396886
engineered_low_index,433,COMPLETE,1.2791941355226106,122.61511715266356,817.2155116103381,-1.2363010403529273
engineered_low_index,434,COMPLETE,1.1029689615622664,90.91525941894584,832.7608829641149,0.642418042664672
engineered_low_index,435,COMPLETE,1.1205391460057206,388.7631649703555,828.2361028644685,0.09558062551937585
engineered_low_index,436,COMPLETE,1.0941378505278119,111.72870154057816,833.3097254703109,0.7087478116033274
engineered_low_index,437,COMPLETE,1.098085603011582,137.67147750861415,833.1180265578971,0.6855802463680449
engineered_low_index,438,COMPLETE,1.0760173475898853,126.12494998123536,833.0673298491374,0.6794533503277078
engineered_low_index,439,COMPLETE,1.10832732986382,100.18919586442,833.0996672485032,0.6833614518391595
engineered_low_index,440,COMPLETE,1.0897888174487986,350.1990355678997,828.4485203343854,0.12125210966840161
engineered_low_index,441,COMPLETE,1.1033604630872964,116.93688365125531,833.3734864305908,0.716453573666076
engineered_low_index,442,COMPLETE,1.1133051144510189,110.32427411863434,833.2559254967365,0.7022458738419335
engineered_low_index,443,COMPLETE,1.1044021929988739,205.4287201572929,829.7876648667856,0.2830929773249613
engineered_low_index,444,COMPLETE,1.0970524810843454,118.8481278350816,833.3778899818943,0.71698576010788
engineered_low_index,445,COMPLETE,1.0953350631005874,98.6281775935829,833.0086485851643,0.6723614894815988
engineered_low_index,446,COMPLETE,1.0856052865937846,116.13495427889995,833.2498099158864,0.7015067819164056
engineered_low_index,447,COMPLETE,1.093706575730078,105.54500435487834,833.1912181997112,0.6944257432728307
engineered_low_index,448,COMPLETE,1.0996857678488403,130.67661532692318,833.2714999971838,0.7041281132901256
engineered_low_index,449,COMPLETE,1.1069840966881237,143.50614898627325,832.8255879343337,0.6502378920301144
engineered_low_index,450,COMPLETE,1.2973554482139682,116.29444580306871,814.5000038464957,-1.56448080138345
engineered_low_index,451,COMPLETE,1.0892766624895116,128.91854965809466,833.2746116819152,0.7045041725911361
engineered_low_index,452,COMPLETE,1.0790675005369246,88.44716269542008,832.2833191318919,0.5847025809662565
engineered_low_index,453,COMPLETE,1.0988593877988977,109.48649827623491,833.3057571511506,0.7082682246726479
engineered_low_index,454,COMPLETE,1.109606397440385,118.70003391883657,833.3266483130845,0.7107930035086474
engineered_low_index,455,COMPLETE,1.1166006018873107,101.40256034486407,833.065279153863,0.6792055157628152
engineered_low_index,456,COMPLETE,1.095625346539118,133.93089207984292,833.2165122677718,0.6974826305784498
engineered_low_index,457,COMPLETE,1.1048952395412666,121.45291226419523,833.3565060104847,0.7144014233143814
engineered_low_index,458,COMPLETE,1.0905317265381458,109.96719728811361,833.2442817638246,0.7008386830633206
engineered_low_index,459,COMPLETE,1.1006670545836037,92.86360769045692,832.832760086156,0.6511046747005311
engineered_low_index,460,COMPLETE,1.0832797521987694,141.4609052386886,832.9711270282542,0.6678268622033467
engineered_low_index,461,COMPLETE,1.1124755994704298,127.54390238999412,833.1882013034674,0.6940611395322094
engineered_low_index,462,COMPLETE,1.1047176227447861,116.39085234795421,833.3665855645186,0.7156195769422835
engineered_low_index,463,COMPLETE,1.0960492904075312,238.12324772333687,828.9342297801569,0.17995200070386463
engineered_low_index,464,COMPLETE,1.091112122600891,104.54290315597429,833.1357874010563,0.687726713905823
engineered_low_index,465,COMPLETE,1.1011143977054347,152.66351820578944,832.5411199754545,0.6158588237730189
engineered_low_index,466,COMPLETE,1.1075112688743363,123.98857160220044,833.3118235006018,0.7090013667905737
engineered_low_index,467,COMPLETE,1.1243286101915084,136.7760216007517,832.6223107598184,0.6256710484203509
engineered_low_index,468,COMPLETE,1.0969007375237425,110.89275714974846,833.3175937887427,0.7096987287382506
engineered_low_index,469,COMPLETE,1.1121825608616647,75.28356775341392,831.9543401598472,0.5449441822361178
engineered_low_index,470,COMPLETE,1.10295648355146,120.03273841065982,833.373508398505,0.7164562285746578
engineered_low_index,471,COMPLETE,1.1162635678027877,126.00816934861147,833.141703859328,0.6884417410869537
engineered_low_index,472,COMPLETE,1.1037579693862645,97.91984405529101,833.0338118608354,0.6754025700141053
engineered_low_index,473,COMPLETE,1.1080880025403295,115.66418115606302,833.3424698368931,0.7127050966986292
engineered_low_index,474,COMPLETE,1.1016186356462732,131.96761915758728,833.2352357976803,0.699745442584665
engineered_low_index,475,COMPLETE,1.1122864306562563,117.67830285912525,833.2960444459409,0.7070944061635887
engineered_low_index,476,COMPLETE,1.1049974921379777,105.2946109624134,833.2349368184266,0.6997093097695251
engineered_low_index,477,COMPLETE,1.0957026712038764,143.35828805008043,832.9564527670411,0.666053420196544
engineered_low_index,478,COMPLETE,1.1000338932218714,127.0377938784775,833.3275542364922,0.7109024879046633
engineered_low_index,479,COMPLETE,1.1189392336737167,85.5311203579891,832.4731266739702,0.6076415666802726
engineered_low_index,480,COMPLETE,1.0915543314308573,107.72369464799417,833.21486516747,0.6972835720485238
engineered_low_index,481,COMPLETE,1.1078066072599664,117.48037188419511,833.3467409646682,0.7132212792377635
engineered_low_index,482,COMPLETE,1.0866287506001653,135.35461071871248,833.1470177276781,0.6890839429132711
engineered_low_index,483,COMPLETE,1.099702258018065,102.61021341814002,833.1622462505154,0.6909243696106682
engineered_low_index,484,COMPLETE,1.104753835434134,122.49092120771299,833.350410715792,0.7136647830505272
engineered_low_index,485,COMPLETE,1.094223568480275,112.81201066911123,833.3240218662377,0.7104755871086388
engineered_low_index,486,COMPLETE,1.1115582677403975,92.33341234798505,832.8182205360761,0.6493475130623816
engineered_low_index,487,COMPLETE,1.099017734565796,155.0068009632467,832.4647232170735,0.6066259759635262
engineered_low_index,488,COMPLETE,1.0909721987862888,131.4052836593807,833.2519849131784,0.7017696388675221
engineered_low_index,489,COMPLETE,1.1043753218623062,122.05537027122328,833.3561128954786,0.7143539138244615
engineered_low_index,490,COMPLETE,1.0963325382572913,110.20031997700566,833.3039959072452,0.7080553714406745
engineered_low_index,491,COMPLETE,1.110948457694709,441.3502918464254,828.9991173517997,0.18779391816738933
engineered_low_index,492,COMPLETE,1.2561294450246456,142.64197298147883,819.8249628241078,-0.9209386292567401
engineered_low_index,493,COMPLETE,1.1018121346342309,100.57059593524231,833.1127123062444,0.6849379982180936
engineered_low_index,494,COMPLETE,1.0848174976607294,130.5605106805189,833.2044040668886,0.696019307024276
engineered_low_index,495,COMPLETE,1.1175858180689096,123.07826915908582,833.1587491806317,0.6905017350028908
engineered_low_index,496,COMPLETE,1.1065016697800916,114.06001524532434,833.347243862502,0.7132820564128783
engineered_low_index,497,COMPLETE,1.0925376509241167,137.36935315152098,833.1353065512237,0.6876686013181033
engineered_low_index,498,COMPLETE,1.0987138632344755,95.55819483271645,832.927184476255,0.662516232491206
engineered_low_index,499,COMPLETE,1.1084213771426092,107.74287577530859,833.2671761087302,0.7036055544161091
engineered_low_index,500,COMPLETE,1.0882945172196576,118.6311843443519,833.3061491781926,0.7083156026778559
engineered_low_index,501,COMPLETE,1.102342413585747,127.28964080169672,833.3133482916268,0.709185643764787
engineered_low_index,502,COMPLETE,1.0954466192844088,112.17605456367106,833.3255049090919,0.7106548186527339
engineered_low_index,503,COMPLETE,1.113630819648749,121.52694677633693,833.2527141715482,0.7018577726010111
engineered_low_index,504,COMPLETE,1.1030191239324512,149.9883065577519,832.6291903276544,0.6265024711687772
engineered_low_index,505,COMPLETE,1.095882175286341,102.88554526471337,833.1442921802679,0.6887545498216019
engineered_low_index,506,COMPLETE,1.1091513803628186,136.39006205321198,833.0301848397143,0.6749642302897207
engineered_low_index,507,COMPLETE,1.1228424028796584,115.18237856126777,833.0998739364245,0.6833864308848803
engineered_low_index,508,COMPLETE,1.0896639448202399,128.18223594602807,833.2864662875776,0.7059368481684869
engineered_low_index,509,COMPLETE,1.0994019986321983,93.73126771977822,832.8603474334419,0.6544387137927155
engineered_low_index,510,COMPLETE,1.080484777807905,108.81982288450888,833.0358616315887,0.6756502928469965
engineered_low_index,511,COMPLETE,1.1044995938026894,120.23779052983252,833.3650309695018,0.7154316980388042
engineered_low_index,512,COMPLETE,1.09485899623527,175.4112762557355,831.5111345453638,0.4913810458734513
engineered_low_index,513,COMPLETE,1.1086103993894008,83.70595509717393,832.4271390320957,0.6020837798377254
engineered_low_index,514,COMPLETE,1.100396688415057,140.73233387304205,833.0106864217698,0.6726077700259347
engineered_low_index,515,COMPLETE,1.0859197123329716,130.39732525724793,833.2207750865126,0.6979978089382
engineered_low_index,516,COMPLETE,1.0921668744270783,105.03506677486028,833.1616014162032,0.6908464388555968
engineered_low_index,517,COMPLETE,1.104127417545128,117.6957741900278,833.3713086564495,0.7161903811218506
engineered_low_index,518,COMPLETE,1.1146125682509727,99.69424185292642,833.0437692611979,0.6766059608918518
engineered_low_index,519,COMPLETE,1.1175637833485463,113.24487795886361,833.2107660063916,0.6967881723590086
engineered_low_index,520,COMPLETE,1.106249380343782,116.50604466835496,833.3580431934511,0.7145871979033158
engineered_low_index,521,COMPLETE,1.1119955825182215,129.2568908555071,833.162843589723,0.690996560396151
engineered_low_index,522,COMPLETE,1.1040653495342467,106.80062505782959,833.2662408009393,0.7034925188021512
engineered_low_index,523,COMPLETE,1.1004542339563002,93.2051821594337,832.8456113199527,0.6526577966958103
engineered_low_index,524,COMPLETE,1.1086564769669534,41.32177604610763,829.6575170564148,0.26736410411942746
engineered_low_index,525,COMPLETE,1.1039279221445981,122.93462247248225,833.3524360999081,0.7139095586626842
engineered_low_index,526,COMPLETE,1.09787210970994,138.1323773975924,833.1063557153893,0.6841697792884682
engineered_low_index,527,COMPLETE,1.1101942229953234,113.8567056730561,833.3163975687324,0.7095541608595157
engineered_low_index,528,COMPLETE,1.0922693955889875,101.16081373665945,833.0556892417803,0.6780465372846489
engineered_low_index,529,COMPLETE,1.11946661641557,147.34242096258825,832.3467348083312,0.5923666141230077
engineered_low_index,530,COMPLETE,1.1011736214015915,128.70156165122248,833.2984951986851,0.7073905892423626
engineered_low_index,531,COMPLETE,1.106272378005109,118.36218575127307,833.35820973857,0.7146073255339891
engineered_low_index,532,COMPLETE,1.0979827355615857,112.93829531715187,833.347698403307,0.7133369894514852
engineered_low_index,533,COMPLETE,1.1904744165564434,134.60929280725625,828.2545638401016,0.0978117068119122
engineered_low_index,534,COMPLETE,1.113433120371577,104.31487552535549,833.1648799427046,0.6912426616387135
engineered_low_index,535,COMPLETE,1.1382016540694924,123.777268569654,832.4609714657745,0.6061725621080649
engineered_low_index,536,COMPLETE,1.0923771280024572,65.72344414386873,831.1966918099182,0.4533794083342979
engineered_low_index,537,COMPLETE,1.1028050611280573,86.67683208502856,832.5624761988146,0.6184398071058972
engineered_low_index,538,COMPLETE,1.0857312030364266,109.30898613581,833.1573612376702,0.6903339966537247
engineered_low_index,539,COMPLETE,1.096305955854704,122.58451758797693,833.3685005888542,0.7158510151422437
engineered_low_index,540,COMPLETE,1.107589293660453,134.48518366020508,833.1096317861281,0.6845657052830356
engineered_low_index,541,COMPLETE,1.101461228653027,100.29006500224554,833.1032055325802,0.6837890673438096
engineered_low_index,542,COMPLETE,1.090022027637343,145.29061388555797,832.9009420377546,0.6593447308992806
engineered_low_index,543,COMPLETE,1.1138368915722359,115.5445688783069,833.2758977069789,0.7046595937627131
engineered_low_index,544,COMPLETE,1.0975941601101342,128.97007163686737,833.305670856194,0.7082577955887626
engineered_low_index,545,COMPLETE,1.1059189080065446,120.34419340842067,833.3549576303085,0.7142142954987385
engineered_low_index,546,COMPLETE,1.0942145856774108,108.38480429525916,833.2563967787946,0.7023028301265999
engineered_low_index,547,COMPLETE,1.1103542164857334,95.73710193532467,832.9504709153174,0.6653304899602919
engineered_low_index,548,COMPLETE,1.1019155456884318,137.1916269010706,833.1037761878814,0.6838580332745536
engineered_low_index,549,COMPLETE,1.1269535994708038,125.86832482207792,832.8518661279759,0.6534137147711228
engineered_low_index,550,COMPLETE,1.0903484615002135,158.84144155072536,832.3683631710308,0.5949804865621466
engineered_low_index,551,COMPLETE,1.0984587959481298,113.01709757938464,833.3501850993666,0.7136375164208619
engineered_low_index,552,COMPLETE,1.1042382891295446,281.248049154765,828.0855991601385,0.0773916627114124
engineered_low_index,553,COMPLETE,1.116718723339239,79.84946636692386,832.2019272242287,0.5748660497795877
engineered_low_index,554,COMPLETE,1.0841657164227159,105.42905240546634,833.0403039586215,0.6761871654876961
engineered_low_index,555,COMPLETE,1.1495397280110535,119.53367020969702,831.9920126063769,0.5494970451165537
engineered_low_index,556,COMPLETE,1.1090290057149683,129.96763205199466,833.1964259360084,0.695055118624377
engineered_low_index,557,COMPLETE,1.095215935867845,142.95723181170206,832.9716766682614,0.6678932883533939
engineered_low_index,558,COMPLETE,1.1770386676606455,95.65470137887331,830.5164515341025,0.37116970371364744
engineered_low_index,559,COMPLETE,1.1022181361120311,114.42252890651856,833.3654497114643,0.7154823046468861
engineered_low_index,560,COMPLETE,1.0975258699113926,125.0934138844675,833.3528163280034,0.7139555107189111
engineered_low_index,561,COMPLETE,1.077821066859552,108.58262281539379,832.9622899894352,0.6667588714111883
engineered_low_index,562,COMPLETE,1.089914779225891,133.70922492463797,833.2050779364454,0.6961007468025304
engineered_low_index,563,COMPLETE,1.1062229786481033,117.94796406502837,833.358991198499,0.7147017680305678
engineered_low_index,564,COMPLETE,1.1127170704585405,100.29390921707186,833.0769750931365,0.6806190158849423
engineered_low_index,565,COMPLETE,1.0945184346412988,123.47183723588786,833.3575224824559,0.7145242679377883
engineered_low_index,566,COMPLETE,1.1212148097859533,109.91360483174739,833.1228762978568,0.6861663564584619
engineered_low_index,567,COMPLETE,1.0998772186141188,135.5992012758495,833.1625142885841,0.6909567630622782
engineered_low_index,568,COMPLETE,1.105537898783106,90.75063710912835,832.7608654712808,0.6424159285870923
engineered_low_index,569,COMPLETE,1.0856659805916924,150.75436854159193,832.6976251432379,0.6347730869716184
engineered_low_index,570,COMPLETE,1.1085134473382137,118.85299353309689,833.337748187718,0.7121344668817864
engineered_low_index,571,COMPLETE,1.099814396368013,105.37730603729688,833.230877190491,0.6992186878153284
engineered_low_index,572,COMPLETE,1.0931197338341117,128.0627817640892,833.31045386151,0.7088358405358486
engineered_low_index,573,COMPLETE,1.1033218314614688,141.97060698649295,832.9373273399243,0.6637420373368119
engineered_low_index,574,COMPLETE,1.1108022373570547,115.54838623604334,833.3154487370928,0.7094394908353951
engineered_low_index,575,COMPLETE,1.0955824214443275,127.23547333573899,833.3281932650727,0.7109797170143262
engineered_low_index,576,COMPLETE,1.0894553687438526,101.17528356999239,833.0162272208307,0.6732773973184614
engineered_low_index,577,COMPLETE,1.116223342589496,112.36516252510482,833.2299126607747,0.6991021206171011
engineered_low_index,578,COMPLETE,1.1016247302010427,121.064245788666,833.374521218473,0.7165786318391598
engineered_low_index,579,COMPLETE,1.0983881754513987,140.5814156537539,833.0310679603482,0.6750709588811299
engineered_low_index,580,COMPLETE,1.0921395380593473,131.55086579959809,833.2555640609044,0.7022021929043998
engineered_low_index,581,COMPLETE,1.100074589700115,124.29766519231502,833.35749378954,0.7145208002864001
engineered_low_index,582,COMPLETE,1.0823077639020047,107.28758922630858,833.0450258162286,0.6767578204943892
engineered_low_index,583,COMPLETE,1.0212707536555965,120.63157046077383,829.7448011738512,0.2779127319611385
engineered_low_index,584,COMPLETE,1.1072077167270724,94.87972894794004,832.9278993992793,0.6626026337419821
engineered_low_index,585,COMPLETE,1.0954251248712747,134.02149537408937,833.2146796711656,0.6972611540928098
engineered_low_index,586,COMPLETE,1.0876540935725243,109.25594139407453,833.1895790177231,0.694227641702172
engineered_low_index,587,COMPLETE,1.103538881215116,150.22412393005015,832.6107244102302,0.6242707926414015
engineered_low_index,588,COMPLETE,1.112207090000611,125.49214362153113,833.2275624650775,0.6988180902517405
engineered_low_index,589,COMPLETE,1.0992342046263603,117.0092635394221,833.3785833830901,0.7170695603612831
engineered_low_index,590,COMPLETE,1.100907665841525,134.40856421264795,833.1850836201318,0.6936843552763694
engineered_low_index,591,COMPLETE,1.0938731273706008,118.55707427779863,833.3617653582119,0.7150370361096225
engineered_low_index,592,COMPLETE,1.1071973063876979,102.29664836455974,833.1601609581862,0.69067235385607
engineered_low_index,593,COMPLETE,1.0991811495920323,86.08052290129031,832.5088765923595,0.6119620844965201
engineered_low_index,594,COMPLETE,1.0888573094268603,112.86854747175379,833.2653298024159,0.7033824210584738
engineered_low_index,595,COMPLETE,1.1108470829663986,458.63198955134067,829.1598013117573,0.2072132047857167
engineered_low_index,596,COMPLETE,1.0711363516220818,141.53995389884733,832.7402725411237,0.6399271922307159
engineered_low_index,597,COMPLETE,1.1035632080900437,164.80772864512835,831.9033459168071,0.5387813280113285
engineered_low_index,598,COMPLETE,1.097421390799291,122.93192601108684,833.3688536848415,0.7158936881768385
engineered_low_index,599,COMPLETE,1.117244945458728,128.16900661532233,833.0774854190356,0.680680690770874
