wavelength_nm,solar_irradiance_w_m2_nm,existing_ar_reflectance_tmm,existing_ar_transmittance_tmm,existing_ar_reflectance_meep,existing_ar_transmittance_meep,stacked_retrofit_reflectance_tmm,stacked_retrofit_transmittance_tmm,stacked_minus_existing_transmittance
300.0,0.0010205,0.03471123999975767,0.9652887600002423,0.03447469301030359,0.9653900352979613,0.025999224326320965,0.974000775673679,0.008712015673436713
301.0,0.00193,0.03442456522969284,0.9655754347703072,0.03419155292136028,0.9655856809954723,0.025281999451300767,0.9747180005486993,0.00914256577839212
302.0,0.0029209,0.034135894928288876,0.9658641050717112,0.0339055959315135,0.9658207629408561,0.02456463084969511,0.9754353691503049,0.009571264078593766
303.0,0.0070945,0.03384537010444808,0.9661546298955519,0.03362294879472593,0.9661229076213604,0.023848024389232527,0.9761519756107675,0.0099973457152156
304.0,0.0094701,0.033553128457744545,0.9664468715422555,0.03334268972605583,0.9664612625764931,0.02313305806354637,0.9768669419364536,0.010420070394198122
305.0,0.016463,0.033259304417227575,0.9667406955827724,0.033053523463276675,0.9667128547583387,0.0224205816524715,0.9775794183475285,0.010838722764756059
306.0,0.018577,0.03296402918116442,0.9670359708188356,0.03275737743124806,0.967102746205273,0.021711416442713186,0.9782885835572868,0.011252612738451129
307.0,0.027849,0.03266743075762419,0.9673325692423758,0.032470817283270455,0.9675123378992315,0.021006355006614,0.978993644993386,0.011661075751010275
308.0,0.037837,0.032369634005809875,0.9676303659941902,0.03218502820232606,0.9678874869265723,0.02030616103678893,0.979693838963211,0.012063472969020883
309.0,0.040534,0.032070760678052194,0.9679292393219479,0.0318866842829391,0.9681755110657334,0.019611569234440136,0.9803884307655598,0.012459191443611961
310.0,0.050939,0.031770929462381685,0.9682290705376183,0.03158579624996759,0.9685050384256298,0.01892328524919732,0.9810767147508027,0.012847644213184406
311.0,0.082922,0.031470256025602245,0.9685297439743977,0.031291263549013515,0.9688220548448692,0.018241985668364165,0.9817580143316358,0.013228270357238059
312.0,0.093376,0.0311688530567935,0.9688311469432065,0.030994877166173874,0.9691109416721778,0.017568318053480723,0.9824316819465193,0.01360053500331282
313.0,0.10733,0.030866830311171697,0.9691331696888283,0.03068697198685214,0.969352879405284,0.01690290102213954,0.9830970989778605,0.013963929289032118
314.0,0.11969,0.030564294654246944,0.9694357053457531,0.03038292323520639,0.9696252767199721,0.016246324373019507,0.9837536756269805,0.014317970281227388
315.0,0.13625,0.030261350106213017,0.969738649893787,0.03008404063271769,0.9699087885818822,0.015599149252125875,0.9844008507478741,0.014662200854087093
316.0,0.12348,0.029958097886515673,0.9700419021134843,0.029786706144566764,0.9701989325495515,0.014961908358249253,0.9850380916417507,0.014996189528266424
317.0,0.17158,0.02965463645854306,0.970345363541457,0.029482145403042028,0.9704885407484302,0.01433510618567861,0.9856648938143214,0.015319530272864479
318.0,0.17594,0.029351061574390356,0.9706489384256096,0.029181372531158718,0.9708031360138678,0.013719219302227356,0.9862807806977727,0.015631842272163077
319.0,0.2047,0.02904746631964913,0.9709525336803508,0.02888363454269508,0.9711172756467996,0.013114696660654158,0.9868853033393459,0.01593276965899504
320.0,0.20527,0.02874394115817912,0.9712560588418209,0.028588985807675767,0.9714230409550062,0.01252195994158393,0.9874780400584161,0.016221981216595238
321.0,0.25024,0.028440573976819723,0.9715594260231802,0.028286986878911062,0.971714144814119,0.011941403926058443,0.9880585960739415,0.01649917005076129
322.0,0.22203,0.02813745013000318,0.9718625498699969,0.027985967747406238,0.9720217338081476,0.011373396895871558,0.9886266031041284,0.01676405323413155
323.0,0.21226,0.027834652484232534,0.9721653475157674,0.027686308078866254,0.9723395310903437,0.010818281059869778,0.9891817189401302,0.017016371424362742
324.0,0.27537,0.027532261462391714,0.9724677385376083,0.027390826869425098,0.9726429083992385,0.010276373004426995,0.989723626995573,0.017255888457964774
325.0,0.27894,0.027230355087854444,0.9727696449121456,0.027092676612316662,0.9729283149514713,0.009747964166330076,0.9902520358336699,0.01748239092152437
326.0,0.3812,0.026929009028364412,0.9730709909716356,0.02679336099782655,0.9732115301036227,0.009233321326343271,0.9907666786736568,0.017695687702021123
327.0,0.39806,0.0266282966396583,0.9733717033603417,0.026494485871646378,0.9735192245719785,0.00873268712175055,0.9912673128782494,0.017895609517907696
328.0,0.35116,0.026328289008806433,0.9736717109911935,0.026199182011830743,0.9738328493744159,0.008246280576208643,0.9917537194237913,0.018082008432597774
329.0,0.42235,0.0260290549972476,0.9739709450027524,0.025905003577663076,0.9741421689755757,0.007774297645278359,0.9922257023547216,0.018254757351969242
330.0,0.47139,0.025730661283496378,0.9742693387165037,0.02561012086365017,0.9744299810304256,0.007316911776038332,0.9926830882239617,0.018413749507458
331.0,0.40262,0.025433172405502465,0.9745668275944975,0.025314809732928066,0.9747194533083158,0.006874274479223869,0.9931257255207762,0.018558897926278628
332.0,0.43623,0.025136650802643663,0.9748633491973563,0.02501991512943766,0.9750108435273468,0.006446515912372416,0.9935534840876276,0.01869013489027127
333.0,0.42944,0.024841156857335123,0.9751588431426649,0.024727297902355873,0.9753072958706561,0.0060337454724990565,0.993966254527501,0.018807411384836104
334.0,0.41497,0.02454674893623975,0.9754532510637602,0.024435003249718146,0.9755955196049549,0.005636052396867646,0.9943639476031324,0.018910696539372163
335.0,0.46388,0.0242534834310644,0.9757465165689356,0.02414296086533153,0.975879614016711,0.005253506370466867,0.9947464936295332,0.018999977060597528
336.0,0.41519,0.02396141479892952,0.9760385852010705,0.023851609936765904,0.9761635942913807,0.004886158138845725,0.9951138418611543,0.019075256660083806
337.0,0.3738,0.023670595602300056,0.9763294043977,0.023562352759939762,0.9764476535289792,0.004534040125009271,0.9954659598749908,0.019136555477290762
338.0,0.43411,0.023381076548466637,0.9766189234515333,0.023274798974359304,0.9767317770076047,0.004197167049121663,0.9958028329508783,0.01918390949934501
339.0,0.46355,0.02309290652856741,0.9769070934714326,0.02298964595677938,0.9770074314703913,0.003875536549812684,0.9961244634501873,0.019217369978754784
340.0,0.5018,0.022806132656141863,0.9771938673438582,0.022705244423357446,0.9772848008252423,0.0035691298059318107,0.9964308701940682,0.019237002850210017
341.0,0.47139,0.022520800305208394,0.9774791996947916,0.022421968019457034,0.9775654047918875,0.003277912157643275,0.9967220878423567,0.01924288814756514
342.0,0.48934,0.02223695314785952,0.9777630468521404,0.022141767181989066,0.9778494007533974,0.0030018337258054307,0.9969981662741946,0.019235119422054137
343.0,0.51489,0.0219546331913677,0.9780453668086323,0.02186284441837191,0.9781328861681791,0.002740830028627648,0.9972591699713723,0.019213803162740017
344.0,0.41843,0.021673880814797306,0.9783261191852027,0.02158600851433406,0.9784071524600576,0.0024948225946483356,0.9975051774053517,0.01917905822014898
345.0,0.45898,0.021394734805117506,0.9786052651948824,0.02130953064691283,0.9786805263515972,0.0022637195711276872,0.9977362804288723,0.019131015233989856
346.0,0.47778,0.021117232392813393,0.9788827676071866,0.021033407406235674,0.9789530163418487,0.0020474163269991615,0.9979525836730009,0.01906981606581426
347.0,0.49404,0.02084140928699054,0.9791585907130095,0.02075999841311385,0.9792304205761375,0.0018457960495735324,0.9981542039504264,0.018995613237416942
348.0,0.47511,0.02056729970997233,0.9794327002900277,0.020487648860796733,0.9795075467875022,0.0016587303342391379,0.9983412696657609,0.018908569375733153
349.0,0.46564,0.02029493643138685,0.9797050635686132,0.02021798752941326,0.9797791082701276,0.0014860797664507002,0.9985139202335493,0.018808856664936147
350.0,0.52798,0.020024350801742734,0.9799756491982573,0.019949396386803937,0.9800469664263246,0.001327694495348362,0.9986723055046517,0.018696656306394388
351.0,0.55172,0.019755572785492503,0.9802444272145074,0.01968193964429521,0.9803108990565075,0.0011834147983956402,0.9988165852016043,0.018572157987096882
352.0,0.51791,0.019488630993584125,0.9805113690064159,0.019416824408153472,0.9805750136035989,0.0010530716364729321,0.998946928363527,0.018435559357111164
353.0,0.5204,0.01922355271549987,0.9807764472845001,0.019152600593149795,0.9808389182849101,0.0009364871989086688,0.9990635128010913,0.018287065516591205
354.0,0.60498,0.018960363950783727,0.9810396360492163,0.018892102737703705,0.9810986464876488,0.0008334754379760624,0.9991665245620239,0.018126888512807637
355.0,0.6114,0.01869908944005823,0.9813009105599417,0.01863262468203251,0.9813563712061398,0.0007438425924271598,0.9992561574075728,0.017955246847631057
356.0,0.55387,0.018439752695532285,0.9815602473044677,0.018375311739729568,0.9816098423734586,0.0006673876996790602,0.9993326123003209,0.017772364995853218
357.0,0.45673,0.018182376031001066,0.981817623968999,0.01811971699565124,0.9818631581838624,0.0006039030963092471,0.9993960969036908,0.017578472934691836
358.0,0.43006,0.017926980591341436,0.9820730194086585,0.017865448580027005,0.98211635406963,0.0005531749065569558,0.9994468250934431,0.017373805684784527
359.0,0.46953,0.01767358638150368,0.9823264136184964,0.017614250009208385,0.9823674589288777,0.0005149835185674432,0.9994850164814325,0.017158602862936134
360.0,0.59817,0.017422212295003785,0.9825777877049963,0.01736386234079125,0.9826180114414973,0.0004891040481534517,0.9995108959518465,0.016933108246850237
361.0,0.52024,0.017172876141917908,0.9828271238580821,0.017117133071283,0.9828632123744198,0.0004753067898846076,0.9995246932101154,0.01669756935203326
362.0,0.5342,0.016925594676383923,0.9830744053236161,0.016871019537106215,0.983108446450719,0.00047335765535100744,0.9995266423446489,0.016452237021032823
363.0,0.60191,0.016680383623611468,0.9833196163763885,0.016627514776307462,0.9833538209502728,0.00048301859848018706,0.9995169814015198,0.01619736502513125
364.0,0.60628,0.01643725770640625,0.9835627422935938,0.016385418814052838,0.9835989866710001,0.000504048027819182,0.9994959519721808,0.015933209678587024
365.0,0.62359,0.01619623067121117,0.9838037693287889,0.016145788249250434,0.9838437870287811,0.0005362012057240494,0.9994637987942759,0.015660029465487058
366.0,0.73532,0.015957315313668858,0.9840426846863312,0.015908366906570416,0.9840848688514289,0.0005792306344278412,0.9994207693655721,0.015378084679240955
367.0,0.72285,0.01572052350371017,0.9842794764962899,0.015673003172729873,0.9843224873325314,0.0006328864289862342,0.9993671135710138,0.015087637074723936
368.0,0.66759,0.015485866210172422,0.9845141337898276,0.015440163402942996,0.984556546101912,0.0006969166771255249,0.9993030833228744,0.01478894953304688
369.0,0.69315,0.01525335352495266,0.9847466464750474,0.015208664489059633,0.9847887137744407,0.0007710677860430427,0.9992289322139569,0.014482285738909528
370.0,0.75507,0.015022994686700299,0.9849770053132997,0.01498020377067112,0.9850195554127741,0.0008550848162322243,0.9991449151837678,0.01416790987046812
371.0,0.69338,0.014794798104054064,0.985205201895946,0.014752654510931062,0.985249999240849,0.0009487118024271564,0.9990512881975728,0.01384608630162687
372.0,0.67444,0.014568771378428344,0.9854312286215716,0.014528875303902818,0.985476257752604,0.0010516920617812972,0.9989483079382186,0.01351707931664703
373.0,0.61886,0.014344921326353791,0.9856550786736462,0.014305679557413308,0.9857018685368332,0.0011637684894136439,0.9988362315105863,0.013181152836940102
374.0,0.5564,0.0141232540013776,0.9858767459986224,0.014086332953918859,0.9859217843837277,0.0012846838414736794,0.9987153161585263,0.012838570159903862
375.0,0.5893,0.013903774715528533,0.9860962252844715,0.0138672189909351,0.986141356031113,0.0014141810058919753,0.998585818994108,0.012489593709636537
376.0,0.6748,0.013686488060352097,0.9863135119396479,0.013652009739803055,0.986357817550335,0.0015520032609986447,0.9984479967390013,0.012134484799353418
377.0,0.71225,0.013471397927521191,0.9865286020724788,0.013436959237153857,0.9865741283044045,0.001697894522204862,0.9983021054777952,0.011773503405316355
378.0,0.85595,0.013258507529027764,0.9867414924709722,0.013226081551768068,0.9867864760887496,0.0018515995769554556,0.9981484004230445,0.011406907952072332
379.0,0.74389,0.01304781941696089,0.9869521805830391,0.013015440029512222,0.9869984931541865,0.0020128643081712967,0.9979871356918287,0.011034955108789601
380.0,0.70077,0.012839335502876852,0.9871606644971231,0.012809049443595334,0.9872045572792771,0.0021814359064104972,0.9978185640935895,0.010657899596466347
381.0,0.76383,0.012633057076766773,0.9873669429232332,0.012602862421465383,0.9874104066947528,0.0023570630709858166,0.9976429369290142,0.010275994005780942
382.0,0.58678,0.01242898482562732,0.9875710151743726,0.012400746675074176,0.9876119619179299,0.0025394962002841335,0.9974605037997158,0.009889488625343223
383.0,0.45499,0.012227118851640281,0.9877728811483597,0.012198724911267595,0.987813427499816,0.002728487571539815,0.9972715124284602,0.009498631280100533
384.0,0.50968,0.012027458689966505,0.9879725413100335,0.012001026346353824,0.9880107695823149,0.0029237915103203487,0.9970762084896797,0.009103667179646169
385.0,0.67355,0.01183000332615971,0.9881699966738403,0.01180332778144005,0.9882081116648138,0.0031251645499867733,0.9968748354500132,0.008704838776172896
386.0,0.621,0.011634751213206286,0.9883652487867937,0.011610193817824008,0.988399086067456,0.003332365581396023,0.996667634418604,0.008302385631810294
387.0,0.65147,0.011441700288196075,0.988558299711804,0.011417185255342518,0.9885898855338384,0.00354515599311521,0.9964548440068848,0.007896544295080798
388.0,0.63582,0.011250847988630278,0.9887491520113697,0.011228275392084902,0.9887760668813289,0.003763299802419652,0.9962367001975804,0.0074875481862106685
389.0,0.68543,0.011062191268372126,0.9889378087316278,0.011039804675172703,0.9889617534303667,0.0039865637773494255,0.9960134362226506,0.007075627491022751
390.0,0.79699,0.010875726613245271,0.9891242733867547,0.010854902449867566,0.9891458142251187,0.004214717550098496,0.9957852824499015,0.006661009063146817
391.0,0.85138,0.0106914500562865,0.9893085499437135,0.01067083287260408,0.989329495677204,0.004447533722011997,0.995552466277988,0.0062439163342744575
392.0,0.79493,0.010509357192657482,0.9894906428073426,0.01048998129444642,0.9895108795064275,0.004684787960465928,0.9953152120395341,0.005824569232191545
393.0,0.47975,0.010329443194221657,0.9896705568057783,0.010310537590897556,0.9896912581256491,0.0049262590879034255,0.9950737409120965,0.005403184106318237
394.0,0.49567,0.010151702823791508,0.9898482971762085,0.010133730684005048,0.9898685240667701,0.005171729163299414,0.9948282708367006,0.004979973660492076
395.0,0.80772,0.009976130449051665,0.9900238695509483,0.009959017703869054,0.9900433181752817,0.005420983556324144,0.9945790164436759,0.004555146892727513
396.0,0.75655,0.009802720056163663,0.9901972799438363,0.009786115831881773,0.9902162738417146,0.005673811014473119,0.9943261889855268,0.004128909041690498
397.0,0.42619,0.009631465263057451,0.9903685347369425,0.009615980930677254,0.9903864207771943,0.005930003723428657,0.9940699962765713,0.003701461539628803
398.0,0.85249,0.009462359332414988,0.990537640667585,0.009446812654565685,0.9905556909322044,0.006189357360914311,0.9938106426390857,0.003273001971500711
399.0,1.0693,0.009295395184351674,0.9907046048156484,0.009281281941303907,0.9907216616238693,0.00645167114430047,0.9935483288556995,0.0028437240400511765
400.0,1.1141,0.00913056540880035,0.9908694345911997,0.009115751228042127,0.9908876323155341,0.006716747872214971,0.993283252127785,0.0024138175365853165
401.0,1.1603,0.008967862277603905,0.9910321377223961,0.008954992849809914,0.9910478831955507,0.006984393960408723,0.9930156060395913,0.0019834683171952028
402.0,1.2061,0.008807277756320609,0.9911927222436794,0.0087942344715777,0.9912081340755673,0.007254419472121727,0.9927455805278783,0.0015528582841989325
403.0,1.1613,0.008648803515748532,0.9913511964842515,0.008637093360725448,0.9913641349911896,0.007526638143190004,0.99247336185681,0.0011221653725584924
404.0,1.1801,0.008492430943173328,0.9915075690568267,0.008481061193157564,0.9915188329980195,0.007800867402129051,0.992199132597871,0.0006915635410442711
405.0,1.1511,0.008338151153344606,0.9916618488466554,0.00832736561802967,0.9916714365764782,0.008076928385424984,0.991923071614575,0.0002612227679196222
406.0,1.1227,0.008185954999186429,0.9918140450008136,0.008175954711065324,0.9918219922694184,0.008354645948258039,0.9916453540517419,-0.00016869094907168147
407.0,1.1026,0.008035833082245846,0.9919641669177541,0.00802558469820078,0.9919715237323542,0.008633848670878963,0.991366151329121,-0.0005980155886331495
408.0,1.1514,0.0078877757628856,0.9921122242371144,0.00787889784907401,0.9921174309968134,0.008914368860852808,0.9910856311391472,-0.0010265930979672655
409.0,1.2299,0.007741773170224917,0.992258226829775,0.007732210999947239,0.9922633382612726,0.009196042551378495,0.9908039574486215,-0.0014542693811535612
410.0,1.0485,0.0075978152118334795,0.9924021847881666,0.007589904280475587,0.9924044488297648,0.009478709495888539,0.9905212905041114,-0.0018808942840551346
411.0,1.1738,0.007455891583183471,0.9925441084168165,0.007448035573969447,0.9925450797286601,0.009762213159125448,0.9902377868408746,-0.0023063215759419053
412.0,1.2478,0.007315991776864247,0.9926840082231357,0.007308864805026132,0.992683455790324,0.010046400704887722,0.9899535992951123,-0.0027304089280234534
413.0,1.1971,0.0071781050915640165,0.992821894908436,0.007171717489254935,0.9928201407240642,0.01033112298063073,0.9896688770193692,-0.003153017889066745
414.0,1.1842,0.007042220640823525,0.9929577793591765,0.007035533850960019,0.9929561098311804,0.010616234499103778,0.9893837655008962,-0.003574013858280267
415.0,1.2258,0.006908327361565943,0.993091672638434,0.006903044309657508,0.9930893349362381,0.01090159341719769,0.9890984065828023,-0.003993266055631661
416.0,1.2624,0.006776414022407398,0.9932235859775926,0.006770554768354996,0.9932225600412958,0.01118706151217186,0.9888129384878281,-0.0044106474897644965
417.0,1.2312,0.006646469231752706,0.9933535307682473,0.006641914296023863,0.9933517119977137,0.01147250415542448,0.9885274958445756,-0.004826034923671729
418.0,1.1777,0.006518481445680517,0.9934815185543194,0.006514147371260703,0.9934799395516032,0.011757790283963647,0.9882422097160364,-0.005239308838283052
419.0,1.2258,0.006392438975621974,0.993607561024378,0.006388241407820253,0.9936060515349113,0.012042792369731424,0.9879572076302686,-0.005650353394109353
420.0,1.1232,0.006268329995837473,0.9937316700041625,0.006265181620520415,0.993728927939683,0.012327386386927779,0.9876726136130722,-0.006059056391090278
421.0,1.2757,0.006146142550695178,0.9938538574493048,0.006142121833220578,0.9938518043444547,0.0126114517774758,0.9873885482225242,-0.006465309226780569
422.0,1.2583,0.006025864561755776,0.9939741354382442,0.006023418034805524,0.993970883941198,0.012894871414763979,0.987105128585236,-0.006869006853008175
423.0,1.2184,0.005907483834667258,0.9940925161653328,0.005904956235772957,0.994089752604162,0.013177531565796386,0.9868224684342036,-0.007270047731129159
424.0,1.2117,0.005790988065873764,0.9942090119341263,0.0057886573070225255,0.9942067655468771,0.013459321851876475,0.9865406781481235,-0.0076683337860027345
425.0,1.2488,0.005676364849142273,0.9943236351508578,0.005674791607339496,0.9943216908043124,0.013740135207945193,0.9862598647920549,-0.008063770358802902
426.0,1.2135,0.005563601681911204,0.9944363983180888,0.005560925907656466,0.9944366160617476,0.014019867840688288,0.9859801321593117,-0.008456266158777148
427.0,1.1724,0.005452685971464397,0.9945473140285356,0.005451565183442628,0.9945466549779775,0.014298419185524358,0.9857015808144757,-0.008845733214059903
428.0,1.1839,0.005343605040934432,0.9946563949590655,0.005342370286546674,0.9946565140288868,0.014575691862579662,0.9854243081374203,-0.009232086821645225
429.0,1.0963,0.005236346135138829,0.9947636538648612,0.005235165085602936,0.9947642275423701,0.014851591631750162,0.9851484083682498,-0.009615245496611413
430.0,0.87462,0.005130896426252723,0.9948691035737472,0.005130612812595485,0.9948690803392853,0.01512602734694881,0.9848739726530512,-0.009995130920696038
431.0,0.79394,0.0050272430193216274,0.9949727569806783,0.005026060539588035,0.9949739331362006,0.015398910909629786,0.9846010890903703,-0.010371667890308078
432.0,1.3207,0.004925372957617521,0.9950746270423825,0.00492543947837583,0.9950749702879362,0.015670157221678204,0.9843298427783218,-0.01074478426406067
433.0,1.2288,0.004825273227842115,0.9951747267721579,0.004825446319047587,0.9951753979963446,0.015939684137749474,0.9840603158622505,-0.01111441090990739
434.0,1.1352,0.004726930765180159,0.9952730692348198,0.004726660201792493,0.9952745273174631,0.01620741241713781,0.9837925875828621,-0.011480481651957697
435.0,1.2452,0.004630332458206419,0.9953696675417936,0.00463122088301295,0.9953700565647329,0.0164732656752506,0.9835267343247494,-0.011842933217044216
436.0,1.3659,0.004535465153649593,0.9954645348463504,0.004535781564233408,0.9954655858120026,0.0167371703347605,0.9832628296652395,-0.012201705181110967
437.0,1.3943,0.0044423156610160055,0.995557684338984,0.0044432405876335965,0.9955578702406619,0.016999055576503913,0.9830009444234961,-0.012556739915487891
438.0,1.2238,0.004350870757076618,0.9956491292429234,0.004352355806565058,0.995648300487258,0.017258853290191164,0.9827411467098088,-0.012907982533114537
439.0,1.1775,0.004261117190220249,0.9957388828097797,0.004261471025496521,0.9957387307338541,0.017516498024989162,0.9824835019750109,-0.013255380834768848
440.0,1.3499,0.004173041684675938,0.9958269583153241,0.004174941625178238,0.9958252114665377,0.01777192694003649,0.9822280730599635,-0.013598885255360571
441.0,1.3313,0.004086630944607651,0.9959133690553923,0.004088521109378711,0.9959115934613735,0.018025079754943527,0.9819749202450565,-0.01393844881033579
442.0,1.425,0.004001871658084041,0.9959981283419159,0.004003336138195488,0.9959969431314175,0.018275898700331594,0.9817241012996684,-0.014274027042247561
443.0,1.4453,0.0039187505009262305,0.9960812494990737,0.003921293747884166,0.9960796671057955,0.018524328468459306,0.9814756715315407,-0.014605577967533034
444.0,1.4084,0.003837254140436294,0.9961627458595637,0.0038392513575728447,0.9961623910801735,0.018770316163982045,0.9812296838360179,-0.014933062023545718
445.0,1.4619,0.003757369239009541,0.9962426307609905,0.003759641048661725,0.9962425138951225,0.019013811254887505,0.9809861887451125,-0.015256442015878058
446.0,1.3108,0.003679082457632761,0.9963209175423673,0.0036819764048707654,0.9963205557825285,0.01925476552364941,0.9807452344763505,-0.015575683066016754
447.0,1.4903,0.003602380459271647,0.9963976195407284,0.003604311761079806,0.9963985976699344,0.019493133018635093,0.9805068669813649,-0.015890752559363452
448.0,1.5081,0.0035272499121494737,0.9964727500878505,0.00353012112699002,0.9964726264922532,0.0197288700058051,0.9802711299941949,-0.016201620093655666
449.0,1.5045,0.0034536774929202,0.9965463225070798,0.003456826136026317,0.9965456206962291,0.01996193492073546,0.9800380650792645,-0.016508257427815254
450.0,1.5595,0.0033816498897378373,0.9966183501102621,0.0033835311450626146,0.9966186149002051,0.02019228832099593,0.979807711679004,-0.016810638431258074
451.0,1.6173,0.003311153805225001,0.996688846194775,0.0033145265915140074,0.9966874592480163,0.02041989283891102,0.979580107161089,-0.017108739033686038
452.0,1.5482,0.003242175959342982,0.996757824040657,0.0032455220379654006,0.9967563035958273,0.020644713134731787,0.9793552868652682,-0.017402537175388866
453.0,1.4297,0.0031747030921654884,0.9968252969078345,0.0031772342688187213,0.9968244923687277,0.020866715850242287,0.9791332841497578,-0.017692012758076747
454.0,1.5335,0.0031087219665585954,0.9968912780334414,0.003112450778970355,0.9968894761087309,0.021085869562824103,0.9789141304371759,-0.017977147596265453
455.0,1.5224,0.003044219370769216,0.9969557806292307,0.0030476672891219885,0.9969544598487341,0.0213021447399992,0.9786978552600007,-0.018257925369229988
456.0,1.5724,0.002981182120923965,0.997018817879076,0.002984158903279416,0.9970180850328636,0.021515513694470977,0.978484486305529,-0.018534331573547003
457.0,1.5854,0.0029195970634410613,0.997080402936559,0.002923572630783455,0.9970785968597828,0.021725950539680475,0.9782740494603195,-0.01880635347623949
458.0,1.5514,0.0028594510773570737,0.9971405489226429,0.0028629863582874944,0.997139108686702,0.02193343114589431,0.9780665688541057,-0.019073980068537222
459.0,1.5391,0.0028007310765707505,0.9971992689234292,0.0028040622277141886,0.9971978715862272,0.022137933096838334,0.9778620669031617,-0.019337202020267563
460.0,1.5291,0.0027434240120059873,0.997256575987994,0.002747618118422305,0.9972540249750375,0.022339435646890237,0.9776605643531098,-0.019596011634884225
461.0,1.5827,0.0026875168736958535,0.9973124831263042,0.002691174009130421,0.9973101783638477,0.02253791967884282,0.9774620803211572,-0.01985040280514694
462.0,1.5975,0.002632996692789767,0.9973670033072103,0.0026365959692186878,0.997364663101068,0.022733367662247834,0.9772666323377521,-0.02010037096945816
463.0,1.6031,0.0025798505434856053,0.9974201494565144,0.002584195010250462,0.9974172010780998,0.022925763612350526,0.9770742363876495,-0.020345913068864907
464.0,1.5544,0.002528065544888874,0.9974719344551112,0.0025317940512822362,0.9974697390551317,0.023115093049621636,0.9768849069503783,-0.020587027504732847
465.0,1.535,0.002477628862800439,0.9975223711371995,0.0024813190772474455,0.9975204737399521,0.02330134295989471,0.9766986570401053,-0.02082371409709427
466.0,1.5673,0.0024285277114350534,0.9975714722885649,0.0024328984871416523,0.9975692849130803,0.023484501755113726,0.9765154982448863,-0.02105597404367865
467.0,1.4973,0.0023807493550720205,0.997619250644928,0.002384477897035859,0.9976180960862084,0.023664559234696632,0.9763354407653033,-0.021283809879624638
468.0,1.5619,0.0023342811096401044,0.9976657188903599,0.002337908117699582,0.9976648843060567,0.023841506547518165,0.9761584934524818,-0.021507225437878086
469.0,1.5682,0.0022891103442381003,0.9977108896557619,0.002293446206184143,0.9977093686068915,0.024015336154514812,0.9759846638454852,-0.021726225810276723
470.0,1.5077,0.0022452244825929882,0.997754775517407,0.002248984294668704,0.9977538529077263,0.024186041791914577,0.9758139582080855,-0.021940817309321514
471.0,1.5331,0.002202611004457053,0.9977973889955429,0.0022061285125606076,0.9977966568477452,0.024353618435092452,0.9756463815649076,-0.02215100743063536
472.0,1.6126,0.0021612574469457237,0.9978387425530543,0.0021655672010344297,0.9978370602723128,0.024518062263052743,0.9754819377369472,-0.022356804816107023
473.0,1.5499,0.0021211514058176325,0.9978788485941824,0.0021250058895082523,0.9978774636968804,0.02467937062353745,0.9753206293764626,-0.022558219217719833
474.0,1.5671,0.0020822805366984528,0.9979177194633015,0.0020856455734083097,0.9979167461590326,0.024837541998760572,0.9751624580012395,-0.022755261462062082
475.0,1.6185,0.0020446325562499647,0.99795536744375,0.00204888741406521,0.9979535998692848,0.024992575971766632,0.9750074240282334,-0.022947943415516647
476.0,1.5631,0.002008195243285867,0.9979918047567141,0.002012129254722111,0.997990453579537,0.025144473193412065,0.9748555268065879,-0.023136277950126183
477.0,1.5724,0.0019729564398356728,0.9980270435601644,0.001976038618871166,0.9980266151130097,0.025293235349965835,0.9747067646500341,-0.02332027891013022
478.0,1.623,0.0019389040521581914,0.9980610959478418,0.001943013646465671,0.998059597760532,0.02543886513132796,0.974561134868672,-0.02349996107916974
479.0,1.5916,0.0019060260517058587,0.9980939739482941,0.0019099886740601764,0.9980925804080543,0.02558136619986097,0.974418633800139,-0.02367534014815509
480.0,1.6181,0.0018743104760414288,0.9981256895239585,0.0018769637016546816,0.9981255630555765,0.02572074315983138,0.9742792568401686,-0.023846432683789942
481.0,1.6177,0.0018437454297080419,0.998156254570292,0.0018476267954764983,0.9981543222159708,0.025857001527456635,0.9741429984725434,-0.024013256097748625
482.0,1.6236,0.0018143190850542135,0.9981856809149457,0.001818289889298315,0.998183081376365,0.02599014770155279,0.9740098522984472,-0.024175828616498585
483.0,1.6038,0.0017860196830149012,0.998213980316985,0.0017889529831201316,0.9982118405367593,0.02612018893477796,0.973879811065222,-0.024334169251763016
484.0,1.5734,0.0017588355338498285,0.9982411644661502,0.001762427360434384,0.9982378549215939,0.02624713330546642,0.9737528666945335,-0.02448829777161665
485.0,1.5683,0.0017327550178402975,0.9982672449821597,0.0017367014994318288,0.9982630884651055,0.02637098969004787,0.9736290103099521,-0.024638234672207604
486.0,1.2716,0.0017077665859456471,0.9982922334140544,0.0017109756384292739,0.9982883220086171,0.026491767736044666,0.9735082322639553,-0.024784001150099044
487.0,1.4241,0.0016838587604205081,0.9983161412395795,0.0016870537430327334,0.998312118654476,0.026609477835643346,0.9733905221643566,-0.024925619075222838
488.0,1.5413,0.0016610201353939589,0.9983389798646061,0.0016648408676839968,0.9983345540288743,0.026724131099831735,0.9732758689001683,-0.025063110964437807
489.0,1.4519,0.0016392393774116944,0.9983607606225883,0.00164262799233526,0.9983569894032727,0.02683573933309664,0.9731642606669033,-0.02519649995568496
490.0,1.6224,0.0016185052259421857,0.9983814947740578,0.0016211182214954838,0.9983787632897385,0.026944315008673943,0.9730556849913261,-0.02532580978273169
491.0,1.5595,0.0015988064938479553,0.9984011935061521,0.0016023505582406525,0.9983979573732675,0.027049871244346442,0.9729501287556536,-0.02545106475049852
492.0,1.4869,0.0015801320678230251,0.998419867932177,0.001583582894985821,0.9984171514567967,0.027152421778779526,0.9728475782212205,-0.025572289710956486
493.0,1.5903,0.0015624709087973035,0.9984375290912026,0.0015648152317309896,0.9984363455403257,0.02725198094839017,0.9727480190516098,-0.025689510039592856
494.0,1.5525,0.0015458120523091968,0.9984541879476908,0.0015489268229549754,0.9984522176823891,0.02734856366473963,0.9726514363352604,-0.025802751612430397
495.0,1.6485,0.0015301446088471589,0.9984698553911528,0.0015335492496510094,0.9984675004477408,0.027442185392444914,0.9725578146075551,-0.025912040783597767
496.0,1.5676,0.0015154577641610897,0.9984845422358389,0.0015181716763470433,0.9984827832130925,0.027532862127598777,0.9724671378724012,-0.02601740436343769
497.0,1.5944,0.0015017407795447197,0.9984982592204553,0.0015042724468724016,0.9984964551325245,0.02762061037669366,0.9723793896233064,-0.02611886959714893
498.0,1.5509,0.0014889829920895852,0.9985110170079105,0.0014921927174953884,0.9985081444723631,0.027705447136038775,0.9722945528639613,-0.02621646414394918
499.0,1.5507,0.0014771738149115489,0.9985228261850885,0.0014801129881183753,0.9985198338122017,0.027787389871665756,0.9722126101283343,-0.02631021605675421
500.0,1.5451,0.001466302737350877,0.9985336972626492,0.0014680332587413624,0.9985315231520403,0.027866456499712842,0.9721335435002871,-0.026400153762362044
501.0,1.4978,0.0014563593251463388,0.9985436406748537,0.0014591432661110876,0.9985402113220624,0.027942665367281357,0.9720573346327186,-0.026486306042135088
502.0,1.4966,0.0014473332205845093,0.9985526667794155,0.0014502532734808125,0.9985488994920845,0.028016035233755822,0.9719839647662442,-0.026568702013171297
503.0,1.5653,0.0014392141426246867,0.9985607858573753,0.0014413632808505377,0.9985575876621066,0.028086585252580572,0.9719134147474194,-0.026647371109955853
504.0,1.4587,0.0014319918870005534,0.9985680081129994,0.0014340428899506845,0.99856471736276,0.028154334953484395,0.9718456650465156,-0.0267223430664838
505.0,1.5635,0.001425656326298951,0.998574343673701,0.0014282703007572188,0.9985703102394524,0.028219304225147127,0.9717806957748528,-0.026793647898848194
506.0,1.6264,0.001420197410016863,0.9985798025899831,0.0014224977115637528,0.9985759031161449,0.028281513298297582,0.9717184867017025,-0.026861315888280668
507.0,1.556,0.0014156051645969607,0.9985843948354031,0.001416725122370287,0.9985814959928374,0.028340982729238722,0.9716590172707613,-0.02692537756464175
508.0,1.5165,0.001411869693442664,0.9985881303065574,0.0014138867814124665,0.9985840127493405,0.028397733383789155,0.9716022666162109,-0.0269858636903465
509.0,1.5893,0.0014089811769132695,0.9985910188230868,0.001411177892582689,0.9985863937946586,0.028451786421635577,0.9715482135783644,-0.027042805244722357
510.0,1.5481,0.0014069298722998065,0.9985930701277002,0.0014084690037529113,0.9985887748399769,0.02850316328108757,0.9714968367189124,-0.02709623340878775
511.0,1.5769,0.0014057061137822417,0.9985942938862178,0.0014068384031968412,0.9985901822075458,0.028551885664227405,0.9714481143357726,-0.027146179550445182
512.0,1.6186,0.0014053003123687974,0.9985946996876311,0.0014071106643002544,0.998589871320263,0.02859797552244733,0.9714020244775526,-0.02719267521007851
513.0,1.5206,0.0014057029558177405,0.9985942970441822,0.0014073829254036677,0.9985895604329802,0.028641455042367623,0.9713585449576324,-0.027235752086549825
514.0,1.4885,0.0014069046085424487,0.9985930953914576,0.0014076551865070809,0.9985892495456974,0.028682346632126498,0.9713176533678735,-0.027275442023584118
515.0,1.5314,0.0014088959115002985,0.9985911040884997,0.0014099871844512175,0.9985872201283044,0.02872067290803666,0.9712793270919633,-0.02731177699653642
516.0,1.5455,0.0014116675820657505,0.9985883324179342,0.0014131430771316433,0.9985845032988672,0.02875645668159974,0.9712435433184002,-0.027344789099533973
517.0,1.2594,0.0014152104138884956,0.9985847895861115,0.0014162989698120688,0.9985817864694301,0.028789720946871336,0.9712102790531286,-0.0273745105329829
518.0,1.4403,0.0014195152767368954,0.9985804847232631,0.001419495285621076,0.9985790271215869,0.028820488868171932,0.9711795111318281,-0.027400973591435007
519.0,1.3957,0.0014245731163274144,0.9985754268836726,0.0014254605857379186,0.9985733552629327,0.028848783768132866,0.9711512162318672,-0.027424210651805447
520.0,1.5236,0.0014303749541404818,0.9985696250458596,0.0014314258858547613,0.9985676834042784,0.02887462911607481,0.9711253708839251,-0.02744425416193441
521.0,1.5346,0.0014369118872233856,0.9985630881127766,0.0014373911859716039,0.9985620115456242,0.028898048516707926,0.971101951483292,-0.027461136629484573
522.0,1.569,0.0014441750879804,0.9985558249120196,0.0014440708558814015,0.9985554894161693,0.02891906569915,0.97108093430085,-0.02747489061116959
523.0,1.4789,0.0014521558039510302,0.9985478441960489,0.0014527745735379057,0.9985465581861127,0.028937704506254276,0.9710622954937457,-0.027485548702303242
524.0,1.5905,0.0014608453575764599,0.9985391546424235,0.0014614782911944097,0.9985376269560561,0.028953988884240948,0.9710460111157591,-0.027493143526664432
525.0,1.5781,0.0014702351459547928,0.9985297648540452,0.001470182008850914,0.9985286957259994,0.02896794287262584,0.9710320571273742,-0.02749770772667104
526.0,1.5341,0.001480316640585638,0.9985196833594143,0.001480077545403986,0.9985186128366679,0.028979590594439907,0.9710204094055601,-0.02749927395385421
527.0,1.3417,0.0014910813871042352,0.9985089186128958,0.001491414798364197,0.9985071368111166,0.028988956246733366,0.9710110437532666,-0.02749787485962918
528.0,1.5357,0.0015025210050056458,0.9984974789949943,0.0015027520513244078,0.9984956607855653,0.02899606409135772,0.9710039359086423,-0.02749354308635199
529.0,1.6071,0.0015146271873594558,0.9984853728126405,0.0015140893042846185,0.998484184760014,0.029000938446020672,0.9709990615539793,-0.02748631125866119
530.0,1.5446,0.001527391700515293,0.9984726082994847,0.001526909694233284,0.9984715852965731,0.029003603675607004,0.970996396324393,-0.027476211975091647
531.0,1.6292,0.0015408063837995996,0.9984591936162004,0.0015407682800738678,0.9984581994266094,0.029004084183759587,0.9709959158162405,-0.02746327779995994
532.0,1.5998,0.0015548631492039004,0.9984451368507961,0.0015546268659144516,0.9984448135566457,0.029002404404715527,0.9709975955952844,-0.02744754125551163
533.0,1.4286,0.0015695539810651508,0.9984304460189348,0.0015684854517550356,0.9984314276866821,0.0289985887953908,0.9710014112046093,-0.02742903481432557
534.0,1.5302,0.0015848709357383344,0.9984151290642617,0.0015839755222894825,0.9984164697984675,0.028992661827707756,0.9710073381722922,-0.02740779089196943
535.0,1.5535,0.0016008061412616488,0.9983991938587383,0.0016002813351708614,0.9984007259011275,0.028984647981161522,0.9710153520188385,-0.027383841839899836
536.0,1.6199,0.001617351797014738,0.9983826482029853,0.0016165871480522402,0.9983849820037876,0.028974571735617426,0.9710254282643825,-0.02735721993860274
537.0,1.4989,0.0016345001733701616,0.9983654998266298,0.0016328929609336193,0.9983692381064475,0.028962457564336214,0.9710375424356638,-0.02732795739096605
538.0,1.5738,0.001652243611338486,0.9983477563886615,0.0016508392137627316,0.998351433571949,0.02894832992722082,0.9710516700727791,-0.027296086315882317
539.0,1.5352,0.0016705745222072908,0.9983294254777927,0.0016695343630897224,0.9983326883117912,0.0289322132642794,0.9710677867357206,-0.027261638742072103
540.0,1.4825,0.0016894853871743199,0.9983105146128257,0.001688229512416713,0.9983139430516335,0.028914131989300346,0.9710858680106996,-0.02722464660212609
541.0,1.4251,0.001708968756975184,0.9982910312430248,0.001706924661743704,0.9982951977914756,0.02889411048373392,0.9711058895162661,-0.027185141726758677
542.0,1.5511,0.0017290172515058372,0.9982709827484941,0.0017271065666806162,0.9982746669303179,0.028872173090775225,0.9711278269092247,-0.027143155839269406
543.0,1.5256,0.0017496235594399577,0.99825037644056,0.0017481010008462065,0.9982531602174507,0.02884834410964428,0.9711516558903557,-0.027098720550204347
544.0,1.5792,0.0017707804378417809,0.9982292195621583,0.0017690954350117966,0.9982316535045835,0.02882264779005862,0.9711773522099414,-0.027051867352216874
545.0,1.5435,0.0017924807117744074,0.9982075192882256,0.0017900898691773869,0.9982101467917165,0.02879510832689326,0.9712048916731068,-0.027002627615118846
546.0,1.5291,0.0018147172739039412,0.9981852827260961,0.0018122800441566834,0.9981874273846049,0.028765749855023788,0.9712342501449762,-0.02695103258111986
547.0,1.549,0.0018374830840996114,0.9981625169159004,0.0018354666698140684,0.9981636973989563,0.028734596444348445,0.9712654035556516,-0.026897113360248803
548.0,1.5049,0.0018607711690302319,0.9981392288309697,0.0018586532954714533,0.9981399674133077,0.028701672094984473,0.9712983279050156,-0.026840900925954148
549.0,1.552,0.0018845746217571572,0.9981154253782428,0.0018818399211288383,0.9981162374276591,0.02866700073263457,0.9713329992673654,-0.026782426110877444
550.0,1.5399,0.0019088866013239317,0.9980911133986761,0.0019058330783799772,0.9980916528311272,0.028630606204119204,0.9713693937958808,-0.026721719602795235
551.0,1.5382,0.0019337003323429093,0.9980662996676571,0.001931132816812997,0.9980656837649643,0.02859251227307133,0.9714074877269286,-0.0266588119407285
552.0,1.5697,0.001959009104578919,0.9980409908954211,0.0019564325552460164,0.9980397146988015,0.028552742615788364,0.9714472573842117,-0.026593733511209416
553.0,1.525,0.001984806272530485,0.9980151937274695,0.0019817322936790363,0.9980137456326387,0.028511320817238353,0.9714886791827616,-0.02652651454470789
554.0,1.5549,0.002011085255008345,0.9979889147449916,0.002007346970296473,0.9979874336163052,0.028468270367216886,0.9715317296327831,-0.026457185112208514
555.0,1.5634,0.002037839534711907,0.9979621604652881,0.002034693806928203,0.9979592353740333,0.028423614656648857,0.9715763853433511,-0.02638577512193696
556.0,1.5366,0.0020650626578034566,0.9979349373421965,0.0020620406435599326,0.9979310371317615,0.02837737697403508,0.9716226230259649,-0.0263123143162316
557.0,1.4988,0.0020927482334805497,0.9979072517665194,0.0020893874801916623,0.9979028388894896,0.028329580502035843,0.9716704194979642,-0.02623683226855522
558.0,1.531,0.0021208899335466904,0.9978791100664534,0.002116734316823392,0.9978746406472178,0.028280248314191733,0.9717197516858083,-0.026159358380645092
559.0,1.4483,0.002149481491980408,0.9978505185080196,0.0021457582949955217,0.9978451413977035,0.028229403371775166,0.9717705966282248,-0.0260799218797948
560.0,1.474,0.002178516704502813,0.9978214832954971,0.002175054242066094,0.9978154311740418,0.02817706852077181,0.9718229314792282,-0.025998551816268978
561.0,1.5595,0.002207989428144206,0.9977920105718558,0.002204350189136667,0.9977857209503802,0.02812326648898657,0.9718767335110134,-0.0259152770608424
562.0,1.4847,0.0022378935808092613,0.9977621064191907,0.0022336461362072397,0.9977560107267185,0.02806801988327232,0.9719319801167277,-0.025830126302463063
563.0,1.5408,0.002268223140841508,0.9977317768591585,0.0022638604654465293,0.9977258335512491,0.028011351186876945,0.9719886488131231,-0.0257431280460354
564.0,1.5106,0.00229897214658686,0.9977010278534132,0.002294993176854536,0.9976951894239721,0.027953282756907213,0.9720467172430928,-0.02565431061032042
565.0,1.5201,0.002330134695956565,0.9976698653040434,0.0023261258882625426,0.997664545296695,0.02789383682190456,0.9721061631780954,-0.02556370212594805
566.0,1.4374,0.0023617049459895845,0.9976382950540104,0.0023572585996705494,0.997633901169418,0.02783303547953157,0.9721669645204685,-0.02547133053354189
567.0,1.532,0.00239367711241457,0.9976063228875854,0.0023885162134208698,0.997603155381655,0.02777090069436461,0.9722290993056354,-0.025377223581950048
568.0,1.518,0.0024260454692116174,0.9975739545307883,0.0024214114356592995,0.9975710767119662,0.027707454295791266,0.9722925457042088,-0.025281408826579588
569.0,1.4807,0.0024588043481737903,0.9975411956518262,0.0024543066578977296,0.9975389980422773,0.027642717976009232,0.9723572820239907,-0.025183913627835453
570.0,1.4816,0.0024919481384686436,0.9975080518615314,0.0024872018801361593,0.9975069193725884,0.027576713288123066,0.9724232867118769,-0.02508476514965441
571.0,1.4331,0.0025254712861998733,0.9974745287138002,0.002520097102374589,0.9974748407028996,0.027509461644337704,0.9724905383556623,-0.02498399035813781
572.0,1.5134,0.0025593682939690147,0.997440631706031,0.0025539700290450966,0.9974415217834506,0.027440984314245114,0.9725590156857549,-0.024881616020276165
573.0,1.5198,0.0025936337204376047,0.9974063662795624,0.0025885762340396618,0.9974072726766815,0.02737130242320162,0.9726286975767984,-0.02477766870276399
574.0,1.5119,0.0026282621798896138,0.9973717378201103,0.002623182439034227,0.9973730235699124,0.027300436950794073,0.9726995630492059,-0.024672174770904443
575.0,1.4777,0.002663248341794368,0.9973367516582057,0.0026577886440287924,0.9973387744631433,0.027228408729391775,0.9727715912706082,-0.024565160387597484
576.0,1.4654,0.0026985869303702047,0.9973014130696298,0.0026923948490233576,0.9973045253563743,0.027155238442781355,0.9728447615572187,-0.024456651512411165
577.0,1.5023,0.0027342727241486324,0.9972657272758514,0.0027286199030371575,0.9972684119256232,0.027080946624884368,0.9729190533751156,-0.02434667390073575
578.0,1.456,0.0027703005555393258,0.9972296994444607,0.0027648449570509574,0.997232298494872,0.027005553658552405,0.9729944463414476,-0.02423525310301311
579.0,1.477,0.0028066653103959805,0.997193334689604,0.0028010700110647573,0.997196185064121,0.02692907977443996,0.9730709202255601,-0.02412241446404395
580.0,1.502,0.002843361927583157,0.9971566380724168,0.0028372950650785572,0.9971600716333698,0.026851545049951894,0.9731484549500481,-0.024008183122368743
581.0,1.5089,0.002880385398544032,0.9971196146014559,0.0028740492661182416,0.9971235896946988,0.02677296940826263,0.9732270305917373,-0.02389258400971861
582.0,1.532,0.002917730766869281,0.9970822692331307,0.002911765552659534,0.9970864377416279,0.02669337261740707,0.9733066273825929,-0.02377564185053782
583.0,1.5479,0.0029553931278671714,0.9970446068721328,0.0029494818392008263,0.9970492857885569,0.026612774289439044,0.9733872257105609,-0.0236573811615719
584.0,1.5448,0.0029933676281349354,0.997006632371865,0.002987198125742119,0.9970121338354859,0.02653119387965648,0.9734688061203435,-0.023537826251521565
585.0,1.5324,0.003031649465131165,0.9969683505348689,0.003024914412283411,0.996974981882415,0.02644865068589159,0.9735513493141084,-0.023417001220760514
586.0,1.4953,0.0030702338867500084,0.99692976611325,0.0030635186741808707,0.9969371668913541,0.026365163847863065,0.973634836152137,-0.023294929961113042
587.0,1.5281,0.003109116190896435,0.9968908838091035,0.003102635229553042,0.9968989693783762,0.026280752346590032,0.97371924765341,-0.02317163615569351
588.0,1.4934,0.0031482917250631763,0.9968517082749369,0.003141751784925213,0.9968607718653982,0.0261954350038642,0.9738045649961358,-0.023047143278801085
589.0,1.2894,0.003187755885909191,0.9968122441140909,0.0031808683402973843,0.9968225743524202,0.026109230481780234,0.9738907695182197,-0.022921474595871127
590.0,1.3709,0.0032275041188397,0.9967724958811603,0.0032199848956695554,0.9967843768394422,0.026022157282320775,0.9739778427176792,-0.02279465316348117
591.0,1.4662,0.003267531917587896,0.9967324680824121,0.003260237852774318,0.9967447882545153,0.025934233746996587,0.9740657662530035,-0.022666701829408664
592.0,1.4354,0.003307834823798358,0.9966921651762016,0.0033007136337482165,0.9967049269103827,0.02584547805653857,0.9741545219434614,-0.022537643232740212
593.0,1.4561,0.0033484084266123364,0.9966515915733877,0.0033411894147221148,0.9966650655662501,0.025755908230639953,0.97424409176936,-0.022407499804027675
594.0,1.4491,0.0033892483622545537,0.9966107516377455,0.003381665195696013,0.9966252042221174,0.025665542127749054,0.9743344578722509,-0.02227629376549456
595.0,1.4308,0.003430350313622234,0.9965696496863777,0.0034221409766699113,0.9965853428779848,0.02557439744490851,0.9744256025550915,-0.02214404713128626
596.0,1.4745,0.003471710009875831,0.9965282899901242,0.003463861100599005,0.996543926960919,0.025482491717641567,0.9745175082823584,-0.022010781707765825
597.0,1.4788,0.00351332322603152,0.9964866767739685,0.0035056348600003054,0.9965024440363992,0.02538984231988298,0.974610157680117,-0.021876519093851465
598.0,1.4607,0.0035551857825560926,0.9964448142174439,0.0035474086194016057,0.9964609611118793,0.025296466463953265,0.9747035335360468,-0.021741280681397135
599.0,1.4606,0.0035972935449634248,0.9964027064550366,0.003589182378802906,0.9964194781873595,0.025202381200575143,0.9747976187994248,-0.021605087655611754
600.0,1.4753,0.003639642423413329,0.9963603575765867,0.003630956138204206,0.9963779952628397,0.025107603418930417,0.9748923965810696,-0.021467960995517066
601.0,1.4579,0.003682228372312217,0.9963177716276878,0.0036739179065408715,0.9963355302518113,0.025012149846756978,0.9749878501532431,-0.02132992147444468
602.0,1.436,0.0037250473899161415,0.9962749526100838,0.0037168796748775373,0.996293065240783,0.024916037050483075,0.9750839629495169,-0.021190989660566872
603.0,1.4664,0.003768095517935704,0.9962319044820643,0.0037598414432142026,0.9962506002297546,0.02481928143539932,0.9751807185646006,-0.02105118591746369
604.0,1.4921,0.003811368841143395,0.9961886311588566,0.003802803211550868,0.9962081352187263,0.024721899245865764,0.9752781007541342,-0.02091053040472235
605.0,1.4895,0.0038548634869829436,0.9961451365130171,0.0038457649798875337,0.996165670207698,0.024623906565554125,0.9753760934344459,-0.020769043078571192
606.0,1.4822,0.0038985756251809383,0.9961014243748191,0.003889772048344247,0.996122294953528,0.024525319317722668,0.9754746806822774,-0.020626743692541694
607.0,1.4911,0.003942501467360812,0.9960574985326391,0.003933824963297454,0.9960788797764132,0.024426153265524317,0.9755738467344757,-0.02048365179816347
608.0,1.4862,0.003986637266658905,0.9960133627333411,0.00397787787825066,0.9960354645992984,0.02432642401234496,0.975673575987655,-0.02033978674568604
609.0,1.4749,0.00403097931734303,0.995969020682657,0.004021930793203867,0.9959920494221836,0.024226147002172727,0.9757738529978273,-0.020195167684829762
610.0,1.4686,0.0040755239544331325,0.9959244760455669,0.004065983708157073,0.9959486342450687,0.024125337519995682,0.9758746624800043,-0.02004981356556257
611.0,1.4611,0.004120267553324472,0.9958797324466755,0.00411090125620715,0.9959039565238077,0.02402401069222803,0.975975989307772,-0.01990374313890353
612.0,1.4831,0.004165206529413106,0.9958347934705869,0.004155995259991283,0.9958590211404761,0.02392218148716334,0.9760778185128367,-0.019756974957750195
613.0,1.4621,0.004210337337723615,0.9957896626622764,0.0042010892637754154,0.9958140857571445,0.023819864715453495,0.9761801352845465,-0.01960952737772992
614.0,1.4176,0.004255656472539382,0.9957443435274607,0.004246183267559547,0.9957691503738129,0.023717075030613526,0.9762829249693865,-0.01946141855807415
615.0,1.4697,0.004301160467035196,0.9956988395329648,0.00429127727134368,0.9957242149904812,0.02361382692955018,0.9763861730704498,-0.01931266646251495
616.0,1.431,0.004346845892912259,0.9956531541070878,0.004336971710482264,0.9956784046973075,0.023510134753113927,0.9764898652468861,-0.019163288860201688
617.0,1.4128,0.0043927093600356,0.9956072906399644,0.004383041421717383,0.9956320475854823,0.023406012686673906,0.9765939873133261,-0.01901330332663831
618.0,1.4664,0.004438747516073944,0.995561252483926,0.004429111132952502,0.9955856904736572,0.023301474760713967,0.976698525239286,-0.01886272724464
619.0,1.4733,0.004484957046142101,0.995515042953858,0.00447518084418762,0.9955393333618321,0.023196534851449964,0.97680346514855,-0.018711577805307966
620.0,1.4739,0.004531334672445651,0.9954686653275544,0.004521250555422738,0.9954929762500069,0.02309120668146686,0.9769087933185331,-0.018559872009021317
621.0,1.4802,0.004577877153928152,0.9954221228460719,0.004567585207747582,0.9954464483622376,0.02298550382037551,0.9770144961796244,-0.018407626666447463
622.0,1.4269,0.004624581285920938,0.9953754187140791,0.004614508618049595,0.9953995409723702,0.022879439685487467,0.9771205603145126,-0.01825485839956653
623.0,1.4165,0.004671443899795159,0.9953285561002049,0.004661432028351607,0.9953526335825028,0.022773027542507485,0.9772269724574925,-0.018101583642712415
624.0,1.4118,0.004718461862616521,0.9952815381373835,0.004708355438653619,0.9953057261926354,0.022666280506244016,0.977333719493756,-0.01794781864362749
625.0,1.4026,0.0047656320768023844,0.9952343679231976,0.0047552788489556306,0.9952588188027679,0.022559211541334685,0.9774407884586653,-0.017793579464532305
626.0,1.4012,0.004812951479781351,0.9951870485202187,0.0048022022592576425,0.9952119114129006,0.022451833462988426,0.9775481665370116,-0.017638881983207066
627.0,1.4417,0.004860417043655434,0.9951395829563445,0.004849808116098318,0.9951646798251844,0.022344158937742283,0.9776558410622577,-0.017483741894086857
628.0,1.3631,0.004908025774864589,0.9950919742251354,0.004897478967847437,0.9951174173614828,0.022236200484232607,0.9777637995157674,-0.017328174709367983
629.0,1.4114,0.004955774713853836,0.9950442252861461,0.004945149819596557,0.9950701548977812,0.022127970473979696,0.9778720295260203,-0.017172195760125852
630.0,1.3924,0.0050036609347428465,0.9949963390652572,0.004992820671345676,0.9950228924340796,0.02201948113218606,0.9779805188678139,-0.0170158201974433
631.0,1.4161,0.005051681544998074,0.994948318455002,0.005040491523094795,0.9949756299703779,0.021910744538546478,0.9780892554614535,-0.016859062993548446
632.0,1.3638,0.005099833685107189,0.9949001663148929,0.005088468233228038,0.9949278350811426,0.021801772628070804,0.9781982273719292,-0.01670193894296368
633.0,1.4508,0.005148114528256404,0.9948518854717436,0.005136865498639451,0.9948793081067984,0.021692577191917323,0.9783074228080827,-0.01654446266366094
634.0,1.4284,0.005196521280009719,0.9948034787199903,0.005185262764050865,0.9948307811324542,0.021583169878237565,0.9784168301217624,-0.016386648598227915
635.0,1.4458,0.0052450511779912725,0.9947549488220088,0.0052336600294622775,0.99478225415811,0.021473562193030836,0.9785264378069691,-0.016228511015039637
636.0,1.4128,0.005293701491569669,0.9947062985084303,0.00528205729487369,0.9947337271837657,0.021363765501008686,0.9786362344989913,-0.016070064009439
637.0,1.461,0.005342469521545153,0.9946575304784548,0.005330454560285103,0.9946852002094215,0.02125379102646881,0.9787462089735312,-0.015911321504923692
638.0,1.4707,0.005391352599838958,0.9946086474001611,0.00537945158105261,0.9946352323798047,0.021143649854177524,0.9788563501458225,-0.015752297254338576
639.0,1.4646,0.005440348089185494,0.9945596519108145,0.005428569828966562,0.9945849733134838,0.021033352930260405,0.9789666470697396,-0.015593004841074953
640.0,1.434,0.005489453382826551,0.9945105466171734,0.005477688076880514,0.9945347142471629,0.02092291106310061,0.9790770889368994,-0.015433457680274043
641.0,1.4348,0.005538665904208441,0.9944613340957915,0.005526806324794465,0.994484455180842,0.02081233492424503,0.9791876650757549,-0.015273669020036573
642.0,1.4376,0.005587983106681219,0.9944120168933188,0.0055759245727084175,0.9944341961145212,0.020701635049316658,0.9792983649506833,-0.015113651942635475
643.0,1.4525,0.005637402473200577,0.9943625975267995,0.005625131298000803,0.994383823775172,0.02059082183893409,0.9794091781610659,-0.014953419365733578
644.0,1.4462,0.0056869215160320705,0.9943130784839679,0.005674868887563791,0.9943327717976528,0.020479905559636486,0.9795200944403635,-0.014792984043604407
645.0,1.4567,0.005736537776457923,0.9942634622235421,0.005724606477126779,0.9942817198201337,0.020368896344814532,0.9796311036551855,-0.014632358568356651
646.0,1.415,0.005786248824486016,0.994213751175514,0.005774344066689768,0.9942306678426145,0.020257804195646392,0.9797421958043536,-0.014471555371160405
647.0,1.4086,0.005836052258561579,0.9941639477414385,0.005824081656252756,0.9941796158650953,0.020146638982038726,0.9798533610179613,-0.014310586723477181
648.0,1.3952,0.005885945705281185,0.9941140542947188,0.005873819245815744,0.9941285638875761,0.02003541044357211,0.9799645895564278,-0.014149464738290929
649.0,1.3519,0.00593592681910897,0.9940640731808911,0.005923716525997594,0.9940776003613,0.019924128190450575,0.9800758718095495,-0.013988201371341602
650.0,1.3594,0.005985993282095626,0.9940140067179044,0.00597390861962965,0.9940268001296266,0.019812801704454718,0.9801871982955452,-0.013826808422359171
651.0,1.4447,0.006036142803599425,0.9939638571964006,0.006024100713261705,0.9939759998979533,0.019701440339898586,0.9802985596601014,-0.013665297536299192
652.0,1.3871,0.006086373120009847,0.9939136268799902,0.00607429280689376,0.99392519966628,0.019590053324589456,0.9804099466754106,-0.013503680204579593
653.0,1.4311,0.00613668199447342,0.9938633180055266,0.006124484900525816,0.9938743994346066,0.01947864976079064,0.9805213502392094,-0.013341967766317242
654.0,1.4153,0.0061870672166221595,0.9938129327833778,0.006174676994157871,0.9938235992029333,0.01936723862618588,0.9806327613738142,-0.013180171409563624
655.0,1.3499,0.006237526602304011,0.993762473397696,0.00622503323807779,0.9937728075804019,0.019255828774847217,0.9807441712251528,-0.013018302172543184
656.0,1.1851,0.0062880579933159075,0.9937119420066841,0.0062755864623431435,0.9937220262888409,0.01914442893820369,0.9808555710617963,-0.012856370944887785
657.0,1.2393,0.006338659257139056,0.9936613407428609,0.006326139686608496,0.9936712449972798,0.019033047726012074,0.9809669522739879,-0.012694388468873052
658.0,1.3855,0.00638932828667652,0.9936106717133235,0.00637669291087385,0.9936204637057188,0.018921693627328883,0.9810783063726711,-0.012532365340652385
659.0,1.3905,0.006440062999993207,0.9935599370000068,0.006427246135139204,0.9935696824141577,0.018810375011482968,0.981189624988517,-0.012370312011489748
660.0,1.3992,0.006490861340057963,0.9935091386599421,0.006477799359404557,0.9935189011225967,0.01869910012904977,0.9813008998709503,-0.012208238788991799
661.0,1.3933,0.006541721274488143,0.9934582787255118,0.006528514438074127,0.9934678164382693,0.018587877112825002,0.981412122887175,-0.012046155838336792
662.0,1.3819,0.006592640795296289,0.9934073592047037,0.0065794277058100845,0.9934163602525955,0.01847671397879956,0.9815232860212004,-0.011884073183503263
663.0,1.3844,0.006643617918639272,0.9933563820813607,0.006630340973546043,0.9933649040669217,0.018365618627133883,0.9816343813728661,-0.011722000708494607
664.0,1.3967,0.006694650684569394,0.9933053493154306,0.006681254241282001,0.993313447881248,0.01825459884313234,0.9817454011568677,-0.011559948158562872
665.0,1.4214,0.00674573715678801,0.9932542628432119,0.006732167509017958,0.9932619916955742,0.018143662298217022,0.9818563377017829,-0.01139792514142901
666.0,1.4203,0.006796875422401145,0.9932031245775989,0.006783080776753916,0.9932105355099003,0.018032816550901092,0.981967183449099,-0.011235941128499904
667.0,1.4102,0.006848063591677452,0.9931519364083226,0.00683410435288737,0.993158943750094,0.017922069047761315,0.9820779309522387,-0.011074005456083835
668.0,1.415,0.00689929979780835,0.9931007002021917,0.0068853485458158165,0.9931070808420219,0.017811427124409206,0.9821885728755908,-0.010912127326600851
669.0,1.4394,0.0069505821966702646,0.9930494178033298,0.006936592738744263,0.99305521793395,0.017700898006461272,0.9822991019935388,-0.010750315809791022
670.0,1.4196,0.007001908966589074,0.992998091033411,0.006987836931672709,0.9930033550258781,0.017590488810507777,0.9824095111894923,-0.0105885798439187
671.0,1.4169,0.0070532783081068175,0.9929467216918931,0.007039081124601156,0.9929514921178062,0.017480206545079625,0.9825197934549204,-0.010426928236972777
672.0,1.3972,0.007104688443750374,0.9928953115562497,0.007090325317529602,0.9928996292097342,0.01737005811161384,0.9826299418883861,-0.010265369667863511
673.0,1.4094,0.007156137617802338,0.9928438623821977,0.0071415924399365555,0.9928477922133158,0.017260050305416597,0.9827399496945834,-0.010103912687614236
674.0,1.4074,0.0072076240960740725,0.9927923759039259,0.007193059674155935,0.9927961813549638,0.017150189816624587,0.9828498101833754,-0.009942565720550522
675.0,1.3958,0.007259146165680773,0.9927408538343192,0.007244526908375314,0.992744570496612,0.017040483231164076,0.982959516768836,-0.009781337065483231
676.0,1.412,0.0073107021348186516,0.9926892978651813,0.007295994142594693,0.9926929596382602,0.016930937031706658,0.9830690629682933,-0.009620234896888014
677.0,1.3991,0.0073622903325442565,0.9926377096674558,0.007347461376814072,0.9926413487799083,0.01682155759862374,0.9831784424013763,-0.009459267266079485
678.0,1.4066,0.007413909108555654,0.9925860908914443,0.00739892861103345,0.9925897379215565,0.016712351210937372,0.9832876487890626,-0.009298442102381732
679.0,1.3947,0.007465556832975948,0.9925344431670241,0.00745039584525283,0.9925381270632045,0.016603324047268317,0.9833966759527317,-0.00913776721429238
680.0,1.3969,0.007517231896138565,0.9924827681038615,0.007501970676327015,0.9924863776779103,0.0164944821867814,0.9835055178132186,-0.00897725029064289
681.0,1.3915,0.00756893270837476,0.9924310672916252,0.007553580476379014,0.9924345832713597,0.016385831610127376,0.9836141683898726,-0.008816898901752634
682.0,1.3981,0.007620657699802923,0.9923793423001971,0.007605190276431013,0.9923827888648091,0.016277378200381696,0.9837226217996183,-0.008656720500578752
683.0,1.383,0.007672405320120085,0.99232759467988,0.007656800076483012,0.9923309944582586,0.016169127743980046,0.98383087225602,-0.008496722423860015
684.0,1.3739,0.007724174038395224,0.9922758259616048,0.007708409876535011,0.992279200051708,0.01606108593164992,0.9839389140683501,-0.008336911893254695
685.0,1.3748,0.007775962342864682,0.9922240376571353,0.007760019676587009,0.9922274056451574,0.015953258359338977,0.984046741640661,-0.008177296016474322
686.0,1.3438,0.007827768740729392,0.9921722312592706,0.0078116746157528266,0.9921752668525476,0.015845650529139506,0.9841543494708604,-0.00801788178841012
687.0,0.96824,0.007879591757954094,0.992120408242046,0.00786344240270319,0.9921222670947898,0.015738267850209056,0.984261732149791,-0.00785867609225499
688.0,1.1206,0.007931429939068558,0.9920685700609314,0.007915210189653554,0.9920692673370319,0.015631115639687183,0.9843688843603128,-0.00769968570061863
689.0,1.1278,0.0079832818469705,0.9920167181530295,0.00796697797660392,0.9920162675792741,0.015524199123608228,0.9844758008763917,-0.007540917276637749
690.0,1.1821,0.008035146062730637,0.9919648539372694,0.008018745763554283,0.9919632678215161,0.015417523437809638,0.9845824765621903,-0.007382377375079074
691.0,1.2333,0.008087021185399397,0.9919129788146006,0.008070513550504647,0.9919102680637583,0.015311093628836613,0.9846889063711634,-0.007224072443437257
692.0,1.2689,0.008138905831815719,0.9918610941681842,0.00812228133745501,0.9918572683060004,0.015204914654842173,0.9847950853451578,-0.007066008823026437
693.0,1.2609,0.008190798636417411,0.9918092013635826,0.008174158596487567,0.9918036603321311,0.015098991386482546,0.9849010086135175,-0.006908192750065156
694.0,1.2464,0.008242698251053579,0.9917573017489464,0.008226084509778875,0.99174978203999,0.014993328607808817,0.9850066713921912,-0.006750630356755161
695.0,1.2714,0.00829460334479886,0.9917053966552012,0.008278010423070185,0.9916959037478489,0.014887931017153466,0.9851120689828465,-0.006593327672354654
696.0,1.2684,0.008346512603769252,0.9916534873962307,0.008329936336361494,0.9916420254557078,0.014782803228012486,0.9852171967719875,-0.006436290624243224
697.0,1.3403,0.008398424730940017,0.99160157526906,0.008381862249652802,0.9915881471635666,0.014677949769923085,0.9853220502300769,-0.0062795250389831025
698.0,1.3192,0.008450338445965147,0.9915496615540349,0.00843378816294411,0.9915342688714255,0.014573375089336062,0.9854266249106639,-0.006123036643370994
699.0,1.2918,0.008502252484998637,0.9914977475150014,0.008485714076235419,0.9914803905792844,0.01446908355048419,0.9855309164495158,-0.005966831065485567
700.0,1.2823,0.008554165600517662,0.9914458343994823,0.008537668976951799,0.9914272777516502,0.01436507943624512,0.9856349205637549,-0.005810913835727405
701.0,1.2659,0.008606076561147183,0.9913939234388528,0.008589624747290931,0.9913741878879512,0.014261366948999536,0.9857386330510005,-0.005655290387852285
702.0,1.2674,0.008657984151486645,0.9913420158485133,0.008641580517630063,0.9913210980242523,0.014157950211484596,0.9858420497885154,-0.005499966059997918
703.0,1.2747,0.008709887171938002,0.991290112828062,0.008693536287969195,0.9912680081605533,0.014054833267642215,0.9859451667323578,-0.005344946095704239
704.0,1.3078,0.008761784438535751,0.9912382155614643,0.008745492058308327,0.9912149182968543,0.013952020083462196,0.9860479799165378,-0.005190235644926489
705.0,1.3214,0.00881367478277842,0.9911863252172216,0.00879744782864746,0.9911618284331553,0.01384951454782016,0.9861504854521799,-0.005035839765041739
706.0,1.3144,0.008865557051461916,0.991134442948538,0.008849388509434586,0.9911089168903795,0.013747320473310991,0.986252679526689,-0.004881763421848984
707.0,1.309,0.008917430106514296,0.9910825698934858,0.008901216018581676,0.9910573427545276,0.013645441597076258,0.9863545584029237,-0.004728011490562012
708.0,1.3048,0.00896929282483238,0.9910307071751676,0.008953043527728766,0.9910057686186757,0.013543881581626945,0.9864561184183731,-0.0045745887567945065
709.0,1.3095,0.009021144098119892,0.9909788559018801,0.009004871036875856,0.9909541944828238,0.01344264401566079,0.9865573559843392,-0.0044214999175408165
710.0,1.3175,0.009072982832727198,0.9909270171672728,0.009056698546022946,0.990902620346972,0.013341732414874304,0.9866582675851256,-0.00426874958214718
711.0,1.3155,0.009124807949492652,0.9908751920505073,0.009108526055170036,0.9908510462111201,0.013241150222769569,0.9867588497772304,-0.004116342273276952
712.0,1.3071,0.009176618383585574,0.9908233816164145,0.009160353564317126,0.9907994720752682,0.01314090081145559,0.9868590991885444,-0.003964282427870058
713.0,1.2918,0.009228413084350713,0.9907715869156493,0.009212162687698838,0.9907479492454707,0.013040987482444193,0.9869590125175558,-0.00381257439809346
714.0,1.3029,0.00928019101515435,0.9907198089848457,0.009263847353591845,0.9906967737181956,0.012941413467441005,0.987058586532559,-0.0036612224522867276
715.0,1.2587,0.009331951153231844,0.9906680488467682,0.00931553201948485,0.9906455981909207,0.012842181929130269,0.9871578180708698,-0.003510230775898404
716.0,1.2716,0.009383692489536829,0.9906163075104631,0.009367216685377858,0.9905944226636456,0.012743295961954833,0.9872567040380452,-0.003359603472417927
717.0,1.1071,0.009435414028591785,0.9905645859714082,0.009418901351270865,0.9905432471363705,0.012644758592890432,0.9873552414071096,-0.003209344564298555
718.0,1.0296,0.009487114788340242,0.9905128852116598,0.00947058601716387,0.9904920716090955,0.01254657278221444,0.9874534272177855,-0.003059457993874304
719.0,0.92318,0.009538793800000351,0.9904612061999997,0.009522270683056878,0.9904408960818205,0.012448741424269343,0.9875512585757307,-0.0029099476242689937
720.0,0.9855,0.009590450107920086,0.99040954989208,0.009573955348949883,0.9903897205545454,0.01235126734822046,0.9876487326517795,-0.002760817240300417
721.0,1.0861,0.009642082769433683,0.9903579172305663,0.009625574710455352,0.9903380579973682,0.012254153318808317,0.9877458466811917,-0.0026120705493746232
722.0,1.2407,0.009693690854719786,0.9903063091452802,0.00967719407196082,0.990286395440191,0.012157402037095512,0.9878425979629045,-0.0024637111823756497
723.0,1.1444,0.009745273446660782,0.9902547265533392,0.009728813433466288,0.9902347328830138,0.012061016141207732,0.9879389838587923,-0.0023157426945469295
724.0,1.0555,0.009796829640703796,0.9902031703592962,0.009780432794971755,0.9901830703258365,0.011964998207069751,0.9880350017929302,-0.0021681685663659245
725.0,1.038,0.009848358544722912,0.9901516414552771,0.009832052156477224,0.9901314077686593,0.011869350749135393,0.9881306492508646,-0.0020209922044125417
726.0,1.0813,0.009899859278882817,0.9901001407211172,0.009883671517982692,0.9900797452114821,0.011774076221112198,0.9882259237788878,-0.0018742169422293342
727.0,1.085,0.00995133097550394,0.9900486690244961,0.00993529087948816,0.9900280826543049,0.01167917701668045,0.9883208229833196,-0.001727846041176484
728.0,1.04,0.010002772778928904,0.9899972272210711,0.009986816105701467,0.9899768249576839,0.011584655470206744,0.9884153445297933,-0.0015818826912777917
729.0,1.0466,0.010054183845390275,0.9899458161546097,0.010038306031180213,0.9899257190837716,0.011490513857451715,0.9885094861425483,-0.0014363300120614486
730.0,1.1285,0.01010556334287974,0.9898944366571203,0.010089795956658959,0.9898746132098593,0.011396754396272569,0.9886032456037275,-0.001291191053392815
731.0,1.0703,0.0101569104510185,0.9898430895489815,0.010141285882137707,0.9898235073359469,0.011303379247319825,0.9886966207526802,-0.0011464687963013143
732.0,1.1534,0.010208224360929377,0.9897917756390706,0.010192775807616452,0.9897724014620346,0.011210390514728446,0.9887896094852715,-0.0010021661537991111
733.0,1.1962,0.010259504275109485,0.9897404957248905,0.0102442657330952,0.9897212955881223,0.011117790246803769,0.9888822097531962,-0.0008582859716943503
734.0,1.2357,0.010310749407304998,0.989689250592695,0.010295755658573946,0.98967018971421,0.01102558043670138,0.9889744195632986,-0.0007148310293964011
735.0,1.2178,0.010361958982386746,0.9896380410176132,0.01034712807329326,0.9896196821875348,0.010933763023101875,0.9890662369768981,-0.000571804040715107
736.0,1.2059,0.010413132236227142,0.9895868677637728,0.01039823413029119,0.9895705309145976,0.010842339890879859,0.9891576601091201,-0.00042920765465270794
737.0,1.2039,0.010464268415578522,0.9895357315844214,0.010449340187289121,0.9895213796416602,0.010751312871767444,0.9892486871282326,-0.00028704445618887853
738.0,1.2269,0.010515366777952525,0.9894846332220475,0.010500446244287052,0.989472228368723,0.010660683745012367,0.9893393162549876,-0.00014531696705988306
739.0,1.1905,0.010566426591500937,0.989433573408499,0.010551552301284984,0.9894230770957856,0.010570454238030371,0.9894295457619696,-4.027646529403128e-06
740.0,1.2195,0.010617447134897595,0.9893825528651023,0.010602658358282915,0.9893739258228483,0.01048062602705245,0.9895193739729475,0.00013682110784518642
741.0,1.2148,0.010668427697221556,0.9893315723027785,0.010653764415280846,0.989324774549911,0.010391200737766025,0.989608799262234,0.00027722695945553433
742.0,1.2153,0.0107193675778415,0.9892806324221585,0.010704870472278777,0.9892756232769736,0.010302179945951286,0.9896978200540487,0.0004171876318902479
743.0,1.2405,0.01077026608630133,0.9892297339136986,0.010755557121581893,0.989227463355247,0.010213565178111665,0.9897864348218883,0.0005567009081897112
744.0,1.2503,0.010821122542206867,0.9891788774577931,0.010806090184968595,0.9891796664635412,0.010125357912099108,0.9898746420879009,0.0006957646301077869
745.0,1.2497,0.010871936275113804,0.9891280637248862,0.0108566232483553,0.9891318695718353,0.010037559577733593,0.9899624404222664,0.0008343766973802902
746.0,1.247,0.01092270662441687,0.9890772933755831,0.010907156311742001,0.9890840726801295,0.009950171557417745,0.9900498284425823,0.0009725350669991251
747.0,1.2477,0.010973432939239944,0.9890265670607601,0.010957689375128706,0.9890362757884237,0.009863195186745449,0.9901368048132545,0.001110237752494414
748.0,1.2401,0.01102411457832753,0.9889758854216725,0.011008222438515408,0.9889884788967178,0.009776631755105627,0.9902233682448943,0.001247482823221846
749.0,1.2357,0.011074750909937155,0.9889252490900629,0.011058755501902112,0.9889406820050121,0.009690482506280282,0.9903095174937198,0.0013842684036569075
750.0,1.2341,0.011125341311733167,0.9888746586882668,0.011109288565288814,0.9888928851133062,0.00960474863903738,0.9903952513609626,0.0015205926726957752
751.0,1.2286,0.011175885170681254,0.9888241148293188,0.01115932664584769,0.9888445999839864,0.009519431307718429,0.9904805686922815,0.001656453862962759
752.0,1.233,0.011226381882944387,0.9887736181170557,0.011209364726406566,0.9887963148546667,0.009434531622820647,0.9905654683771794,0.0017918502601237396
753.0,1.2266,0.011276830853779708,0.9887231691462203,0.011259402806965442,0.9887480297253469,0.009350050651573856,0.9906499493484261,0.0019267802022058245
754.0,1.242,0.011327231497436474,0.9886727685025636,0.011309440887524318,0.9886997445960272,0.009265989418512265,0.9907340105814877,0.002061242078924108
755.0,1.2383,0.011377583237055119,0.9886224167629449,0.011359478968083196,0.9886514594667074,0.009182348906040852,0.9908176510939591,0.0021952343310142064
756.0,1.2232,0.011427885504567345,0.9885721144954327,0.011409517048642072,0.9886031743373876,0.009099130054996454,0.9909008699450036,0.002328755449570896
757.0,1.2221,0.01147813774059731,0.9885218622594026,0.011459555129200948,0.9885548892080679,0.009016333765204158,0.9909836662347958,0.0024618039753931953
758.0,1.2295,0.01152833939436368,0.9884716606056363,0.011509560856598341,0.9885065063485926,0.008933960896027653,0.9910660391039724,0.002594378498336103
759.0,1.1945,0.011578489923582944,0.9884215100764171,0.011559291582123139,0.9884572927827961,0.008852012266915388,0.9911479877330847,0.0027264776566675586
760.0,0.26604,0.011628588794373533,0.9883714112056264,0.011609022307647935,0.9884080792169997,0.008770488657940962,0.991229511342059,0.0028581001364326175
761.0,0.15396,0.011678635481161081,0.9883213645188389,0.011658753033172733,0.9883588656512032,0.008689390810338546,0.9913106091896614,0.0029892446708225107
762.0,0.68766,0.011728629466584591,0.9882713705334154,0.011708483758697529,0.9883096520854068,0.008608719427033406,0.9913912805729665,0.0031199100395511437
763.0,0.37952,0.011778570241403708,0.9882214297585963,0.011758214484222327,0.9882604385196102,0.00852847517316719,0.9914715248268328,0.0032500950682364804
764.0,0.53878,0.011828457304406658,0.9881715426955934,0.011807945209747123,0.9882112249538137,0.008448658676618391,0.9915513413233816,0.0033797986277882552
765.0,0.68601,0.011878290162319664,0.9881217098376803,0.01185767593527192,0.9881620113880173,0.008369270528517582,0.9916307294714825,0.003509019633802124
766.0,0.81461,0.011928068329716776,0.9880719316702832,0.011907394237242493,0.9881128065904199,0.008290311283757713,0.9917096887162423,0.0036377570459591446
767.0,0.97417,0.011977791328931073,0.9880222086710689,0.011956833009243027,0.9880637990773018,0.008211781461499666,0.9917882185385003,0.0037660098674313636
768.0,1.1138,0.012027458689966485,0.9879725413100335,0.012006271781243562,0.9880147915641836,0.008133681545672778,0.9918663184543273,0.003893777144293731
769.0,1.1278,0.012077069950410727,0.9879229300495893,0.012055710553244095,0.9879657840510655,0.008056011985470278,0.9919439880145298,0.004021057964940455
770.0,1.1608,0.012126624655349118,0.9878733753446509,0.012105149325244629,0.9879167765379473,0.007978773195840293,0.9920212268041597,0.0041478514595088
771.0,1.1686,0.012176122357279263,0.9878238776427207,0.012154588097245162,0.9878677690248292,0.007901965557971468,0.9920980344420285,0.00427415679930776
772.0,1.1778,0.0122255626160267,0.9877744373839733,0.012204026869245696,0.987818761511711,0.007825589419774338,0.9921744105802257,0.004399973196252405
773.0,1.1771,0.012274944998661337,0.9877250550013387,0.01225346564124623,0.9877697539985929,0.007749645096357511,0.9922503549036424,0.00452529990230377
774.0,1.1771,0.01232426907941487,0.9876757309205851,0.012302904413246765,0.9877207464854748,0.007674132870499236,0.9923258671295008,0.004650136208915634
775.0,1.1771,0.012373534439599047,0.9876264655604009,0.012351996498661531,0.9876721443416605,0.0075990529931143315,0.9924009470068856,0.004774481446484735
776.0,1.1798,0.012422740667524778,0.9875772593324752,0.012401005379295716,0.9876236394864791,0.007524405683716283,0.9924755943162837,0.004898334983808539
777.0,1.1727,0.01247188735842199,0.987528112641578,0.0124500142599299,0.9875751346312978,0.007450191130874805,0.9925498088691252,0.005021696227547223
778.0,1.1713,0.012520974114360678,0.9874790258856393,0.012499023140564083,0.9875266297761164,0.00737640949266853,0.9926235905073315,0.005144564621692216
779.0,1.1765,0.012570000544172382,0.9874299994558277,0.012548032021198266,0.987478124920935,0.007303060897133532,0.9926969391028665,0.0052669396470388374
780.0,1.1636,0.012618966263372656,0.9873810337366273,0.012597040901832451,0.9874296200657536,0.007230145442706727,0.9927698545572933,0.0053888208206659405
781.0,1.1607,0.012667870894084518,0.9873321291059155,0.012646049782466634,0.9873811152105723,0.0071576631986651935,0.9928423368013348,0.005510207695419322
782.0,1.1662,0.012716714064962444,0.9872832859350376,0.012695058663100818,0.9873326103553909,0.007085614205560673,0.9929143857944394,0.0056310998594018
783.0,1.1614,0.012765495411117309,0.9872345045888827,0.01274388585203173,0.9872838854106015,0.007013998475649689,0.9929860015243503,0.005751496935467615
784.0,1.1536,0.012814214574042188,0.9871857854259578,0.01279243040942422,0.9872348181042,0.006942815993319316,0.9930571840066806,0.005871398580722831
785.0,1.1586,0.01286287120153876,0.9871371287984613,0.01284097496681671,0.9871857507977985,0.006872066715508322,0.9931279332844917,0.005990804486030399
786.0,1.1592,0.01291146494764465,0.9870885350523554,0.0128895195242092,0.9871366834913968,0.006801750572123975,0.993198249427876,0.0061097143755206584
787.0,1.145,0.012959995472561535,0.9870400045274385,0.01293806408160169,0.9870876161849953,0.006731867466454646,0.9932681325335454,0.006228128006106948
788.0,1.1305,0.013008462442583813,0.9869915375574162,0.01298660863899418,0.9870385488785937,0.0066624172755778,0.9933375827244222,0.006346045167005987
789.0,1.1257,0.013056865530028421,0.9869431344699716,0.01303515319638667,0.9869894815721921,0.006593399850763918,0.9934066001492361,0.00646346567926448
790.0,1.091,0.013105204413164885,0.9868947955868351,0.01308369775377916,0.9869404142657906,0.006524815017876015,0.993475184982124,0.0065803893952888215
791.0,1.1058,0.013153478776146726,0.9868465212238533,0.01313224231117165,0.986891346959389,0.006456662577764971,0.993543337422235,0.006696816198381694
792.0,1.0953,0.013201688308942968,0.986798311691057,0.013180500253983868,0.9868420359514549,0.0063889423066605,0.9936110576933395,0.006812746002282433
793.0,1.0875,0.013249832707270814,0.9867501672927292,0.01322868256239296,0.9867926606333943,0.006321653956558269,0.9936783460434417,0.006928178750712499
794.0,1.0972,0.013297911672528981,0.986702088327471,0.013276864870802051,0.9867432853153336,0.006254797255602532,0.9937452027443975,0.00704311441692651
795.0,1.0932,0.013345924911731392,0.9866540750882686,0.013325047179211142,0.9866939099972729,0.0061883719084646705,0.9938116280915353,0.007157553003266703
796.0,1.0742,0.013393872137442229,0.9866061278625577,0.013373229487620233,0.9866445346792123,0.0061223775967179156,0.993877622403282,0.007271494540724288
797.0,1.0913,0.013441753067710914,0.9865582469322891,0.013421411796029323,0.9865951593611516,0.006056813979207712,0.9939431860207922,0.0073849390885031285
798.0,1.1121,0.013489567426008493,0.9865104325739915,0.013469594104438416,0.9865457840430909,0.005991680692418149,0.9940083193075818,0.007497886733590309
799.0,1.0905,0.013537314941164192,0.9864626850588358,0.013517776412847507,0.9864964087250303,0.005926977350834512,0.9940730226491655,0.007610337590329697
800.0,1.0725,0.013584995347302896,0.9864150046526972,0.013565958721256597,0.9864470334069696,0.005862703547301615,0.9941372964526984,0.00772229180000128
801.0,1.0843,0.013632608383783142,0.9863673916162169,0.01361373266573972,0.9864001011828549,0.005798858853378461,0.9942011411466215,0.00783374953040461
802.0,1.0856,0.013680153795136108,0.9863198462048639,0.013661506610222843,0.9863531689587403,0.00573544281968878,0.9942645571803113,0.007944710975447355
803.0,1.0657,0.013727631331004736,0.9862723686689953,0.013709280554705964,0.9863062367346256,0.005672454976267851,0.9943275450237321,0.008055176354736848
804.0,1.0782,0.01377504074608395,0.9862249592539161,0.013757054499189087,0.9862593045105109,0.0056098948329053435,0.9943901051670947,0.008165145913178629
805.0,1.0545,0.013822381800061368,0.9861776181999387,0.01380482844367221,0.9862123722863962,0.005547761879484432,0.9944522381205155,0.008274619920576876
806.0,1.0974,0.013869654257558513,0.9861303457424415,0.013852602388155333,0.9861654400622816,0.005486055586317086,0.9945139444136829,0.008383598671241388
807.0,1.0859,0.013916857888072932,0.986083142111927,0.013900376332638454,0.9861185078381669,0.005424775404475591,0.9945752245955244,0.00849208248359734
808.0,1.0821,0.013963992465920616,0.9860360075340794,0.013948150277121577,0.9860715756140522,0.0053639207661204495,0.9946360792338795,0.00860007169980015
809.0,1.0548,0.014011057770179358,0.9859889422298207,0.01399591610511261,0.9860246914687705,0.005303491084824369,0.9946965089151756,0.008707566685354884
810.0,1.0559,0.014058053584632456,0.9859419464153676,0.014042967681799837,0.9859820382607809,0.005243485755892833,0.9947565142441072,0.008814567828739572
811.0,1.0533,0.014104979697713103,0.9858950203022869,0.014090019258487066,0.9859393850527914,0.005183904156680854,0.9948160958433191,0.008921075541032164
812.0,1.0268,0.014151835902449578,0.9858481640975504,0.014137070835174292,0.9858967318448019,0.005124745646906218,0.9948752543530938,0.00902709025554338
813.0,1.0086,0.014198621996410608,0.9858013780035894,0.01418412241186152,0.9858540786368123,0.0050660095689591365,0.9949339904310409,0.009132612427451559
814.0,0.90356,0.014245337781651777,0.9857546622183482,0.014231173988548746,0.9858114254288228,0.005007695248208233,0.9949923047517918,0.009237642533443613
815.0,0.89523,0.014291983064662093,0.9857080169353379,0.014278225565235973,0.9857687722208333,0.004949801993303304,0.9950501980066967,0.009342181071358757
816.0,0.83216,0.014338557656311535,0.9856614423436885,0.014325277141923201,0.9857261190128438,0.004892329096474268,0.9951076709035257,0.009446228559837233
817.0,0.85183,0.014385061371798737,0.9856149386282013,0.014372328718610428,0.9856834658048542,0.00483527583382686,0.9951647241661732,0.009549785537971922
818.0,0.82259,0.014431494030599614,0.9855685059694004,0.014419380295297655,0.9856408125968648,0.004778641465634813,0.9952213585343652,0.009652852564964842
819.0,0.90519,0.014477855456416324,0.9855221445435837,0.014465638424981109,0.9855996135651602,0.0047224252366287085,0.9952775747633713,0.009755430219787642
820.0,0.86188,0.014524145477126863,0.9854758545228731,0.014511720233108169,0.9855587376837414,0.004666626376281363,0.9953333736237187,0.009857519100845535
821.0,0.99764,0.014570363924735203,0.9854296360752648,0.014557802041235229,0.9855178618023225,0.004611244099089977,0.99538875590091,0.009959119825645235
822.0,0.95157,0.01461651063532182,0.9853834893646782,0.014603883849362287,0.9854769859209036,0.004556277604854918,0.9954437223951451,0.01006023303046688
823.0,0.67271,0.014662585448995045,0.985337414551005,0.014649965657489347,0.9854361100394847,0.004501726078955301,0.9954982739210447,0.010160859370039743
824.0,0.93506,0.01470858820984271,0.9852914117901573,0.014696047465616407,0.9853952341580658,0.004447588692621042,0.9955524113073789,0.010260999517221592
825.0,0.96935,0.014754518765884267,0.9852454812341157,0.014742129273743467,0.985354358276647,0.004393864603202209,0.9956061353967978,0.01036065416268206
826.0,0.93381,0.014800376969023792,0.9851996230309762,0.014788211081870527,0.9853134823952281,0.0043405529544345445,0.9956594470455654,0.010459824014589225
827.0,0.98465,0.014846162675003003,0.985153837324997,0.014834292889997585,0.9852726065138092,0.004287652876702413,0.9957123471232976,0.010558509798300642
828.0,0.84979,0.014891875743355126,0.9851081242566448,0.014880032397634505,0.9852306276696396,0.004235163487298145,0.9957648365127019,0.010656712256057022
829.0,0.9293,0.014937516037359173,0.9850624839626408,0.01492528697957706,0.9851870862949065,0.0041830838906786235,0.9958169161093213,0.010754432146680482
830.0,0.91601,0.014983083423994698,0.9850169165760053,0.014970541561519612,0.9851435449201733,0.004131413178718501,0.9958685868212815,0.010851670245276224
831.0,0.92392,0.015028577773897014,0.984971422226103,0.015015796143462165,0.9851000035454401,0.004080150430960559,0.9959198495690395,0.01094842734293644
832.0,0.89426,0.01507399896131294,0.9849260010386871,0.01506105072540472,0.985056462170707,0.00402929471486299,0.995970705285137,0.011044704246449877
833.0,0.9565,0.01511934686405701,0.984880653135943,0.015106305307347273,0.9850129207959738,0.00397884508604364,0.9960211549139564,0.0111405017780134
834.0,0.93412,0.015164621363468227,0.9848353786365318,0.015151559889289828,0.9849693794212406,0.003928800588521308,0.9960711994114787,0.011235820774946892
835.0,1.0032,0.015209822344367099,0.9847901776556329,0.01519681447123238,0.9849258380465074,0.0038791602549542023,0.9961208397450458,0.011330662089412913
836.0,0.97234,0.015254949695013353,0.9847450503049866,0.015242069053174935,0.9848822966717742,0.0038299231068751652,0.9961700768931249,0.011425026588138265
837.0,1.0092,0.015300003307064027,0.984699996692936,0.015287323635117488,0.984838755297041,0.0037810881549244536,0.9962189118450755,0.011518915152139542
838.0,0.99901,0.015344983075531882,0.9846550169244681,0.015332142329716775,0.9847925058506828,0.003732654399079316,0.9962673456009207,0.011612328676452566
839.0,1.0013,0.01538988889874453,0.9846101111012555,0.015376845642372254,0.9847455395618356,0.0036846208288808845,0.9963153791711191,0.011705268069863606
840.0,1.0157,0.015434720678303782,0.9845652793216962,0.015421548955027734,0.9846985732729885,0.003636986423658207,0.9963630135763418,0.011797734254645587
841.0,1.0101,0.015479478319045637,0.9845205216809544,0.015466252267683216,0.9846516069841413,0.0035897501527495123,0.9964102498472505,0.011889728166296076
842.0,0.99703,0.01552416172900034,0.9844758382709997,0.015510955580338695,0.9846046406952941,0.003542910975720733,0.9964570890242793,0.011981250753279604
843.0,1.0053,0.015568770819353388,0.9844312291806466,0.015555658892994175,0.9845576744064469,0.003496467842581331,0.9965035321574187,0.012072302976772087
844.0,0.98631,0.015613305504406575,0.9843866944955935,0.015600362205649655,0.9845107081175998,0.0034504196939972717,0.9965495803060027,0.012162885810409252
845.0,1.0165,0.015657765701539525,0.9843422342984605,0.015645065518305135,0.9844637418287526,0.0034047654615015494,0.9965952345384984,0.012253000240037948
846.0,1.0187,0.015702151331171907,0.9842978486688281,0.015689768830960616,0.9844167755399054,0.003359504067701825,0.9966404959322982,0.012342647263470119
847.0,0.9917,0.015746462316725513,0.9842535376832745,0.015734472143616098,0.9843698092510582,0.003314634426485671,0.9966853655735143,0.012431827890239777
848.0,0.99217,0.01579069858458744,0.9842093014154125,0.015778534440818087,0.9843231035965,0.003270155443223001,0.996729844556777,0.012520543141364526
849.0,0.98596,0.015834860064073142,0.9841651399359268,0.015822556674554233,0.9842764142315849,0.0032260660149660693,0.9967739339850339,0.012608794049107086
850.0,0.89372,0.01587894668739001,0.98412105331261,0.01586657890829038,0.9842297248666697,0.0031823650306468027,0.9968176349693532,0.012696581656743144
851.0,0.97493,0.015922958389601546,0.9840770416103984,0.015910601142026526,0.9841830355017546,0.0031390513712718474,0.9968609486287282,0.012783907018329765
852.0,0.96927,0.01596689510859174,0.9840331048914083,0.015954623375762676,0.9841363461368394,0.0030961239101147324,0.9969038760898853,0.012870771198477016
853.0,0.96486,0.016010756785029782,0.9839892432149702,0.015998645609498822,0.9840896567719243,0.0030535815129059322,0.9969464184870941,0.012957175272123922
854.0,0.85112,0.016054543362335392,0.9839454566376646,0.016042667843234968,0.9840429674070091,0.003011423038020189,0.9969885769619798,0.013043120324315205
855.0,0.913,0.016098254786644336,0.9839017452133557,0.016086690076971114,0.983996278042094,0.0029696473366616852,0.9970303526633383,0.013128607449982566
856.0,0.97317,0.016141891006774347,0.9838581089932257,0.016130712310707264,0.9839495886771789,0.0029282532530464835,0.9970717467469535,0.013213637753727858
857.0,0.99166,0.016185451974191464,0.9838145480258086,0.01617473454444341,0.9839028993122637,0.0028872396245829693,0.9971127603754171,0.013298212349608485
858.0,0.99196,0.01622893764297679,0.9837710623570232,0.016217742466892348,0.9838588260507779,0.0028466052820495134,0.9971533947179505,0.01338233236092734
859.0,0.99171,0.01627234796979338,0.9837276520302066,0.016260581337460084,0.9838151888065303,0.002806349049770241,0.9971936509502297,0.013465998920023092
860.0,0.98816,0.016315682913853893,0.9836843170861461,0.01630342020802782,0.9837715515622827,0.0027664697457881813,0.9972335302542118,0.013549213168065677
861.0,0.98679,0.01635894243688812,0.9836410575631119,0.016346259078595556,0.9837279143180351,0.002726966182036169,0.9972730338179638,0.013631976254851907
862.0,0.99449,0.01640212650311124,0.9835978734968888,0.01638909794916329,0.9836842770737875,0.002687837164505688,0.9973121628354943,0.013714289338605523
863.0,1.0005,0.01644523507919232,0.9835547649208077,0.016431936819731027,0.9836406398295399,0.0026490814934132362,0.9973509185065867,0.013796153585779014
864.0,0.97916,0.016488268134223022,0.983511731865777,0.016474775690298763,0.9835970025852921,0.0026106979633646176,0.9973893020366353,0.013877570170858333
865.0,0.96324,0.01653122563968682,0.9834687743603132,0.0165176145608665,0.9835533653410445,0.0025726853635169426,0.997427314636483,0.013958540276169829
866.0,0.849,0.016574107569428516,0.9834258924305714,0.016560453431434235,0.9835097280967969,0.002535042477738599,0.9974649575222614,0.01403906509168995
867.0,0.91546,0.016616913899624053,0.983383086100376,0.01660329230200197,0.9834660908525493,0.002497768084766966,0.997502231915233,0.01411914581485707
868.0,0.9592,0.016659644608750582,0.9833403553912494,0.01664541235447545,0.983423156272901,0.002460860958363966,0.997539139041636,0.014198783650386626
869.0,0.94956,0.01670229967755715,0.9832977003224429,0.016686895272729027,0.9833808445096018,0.002424319867469656,0.9975756801325304,0.014277979810087493
870.0,0.96755,0.01674487908903536,0.9832551209109647,0.016728378190982603,0.9833385327463028,0.002388143576353588,0.9976118564236464,0.014356735512681684
871.0,0.95387,0.016787382828390474,0.9832126171716096,0.016769861109236176,0.9832962209830037,0.0023523308447642634,0.9976476691552357,0.014435051983626157
872.0,0.96686,0.016829810883013007,0.983170189116987,0.016811344027489752,0.9832539092197047,0.002316880428076356,0.9976831195719237,0.014512930454936734
873.0,0.95721,0.016872163242450413,0.9831278367575496,0.016852826945743325,0.9832115974564055,0.0022817910774361135,0.9977182089225639,0.014590372165014354
874.0,0.94042,0.016914439898379107,0.9830855601016208,0.0168943098639969,0.9831692856931065,0.002247061539904637,0.9977529384600954,0.014667378358474537
875.0,0.92687,0.016956640844576938,0.9830433591554231,0.016935792782250474,0.9831269739298074,0.002212690558599213,0.9977873094414008,0.014743950285977747
876.0,0.95277,0.016998766076895808,0.9830012339231042,0.01697727570050405,0.9830846621665084,0.0021786768728327076,0.9978213231271673,0.01482008920406308
877.0,0.95615,0.017040815593234625,0.9829591844067653,0.017018758618757627,0.9830423504032092,0.002145019218251055,0.997854980781749,0.014895796374983616
878.0,0.95237,0.017082789393512755,0.9829172106064873,0.0170602415370112,0.9830000386399101,0.0021117163269687733,0.9978882836730312,0.014971073066543883
879.0,0.93656,0.017124687479643408,0.9828753125203566,0.0171009565631914,0.9829563743132265,0.002078766927702562,0.9979212330722974,0.015045920551940761
880.0,0.93957,0.017166509855507536,0.9828334901444925,0.017141632210290917,0.982912640624318,0.002046169745903181,0.9979538302540968,0.01512034010960428
881.0,0.90861,0.017208256526928107,0.9827917434730719,0.01718230785739043,0.9828689069354095,0.002013923503885274,0.9979860764961147,0.01519433302304285
882.0,0.93245,0.01724992750164438,0.9827500724983557,0.017222983504489944,0.982825173246501,0.001982026920955562,0.9980179730790444,0.01526790058068872
883.0,0.92927,0.01729152278928681,0.9827084772107132,0.01726365915158946,0.9827814395575926,0.0019504787135390172,0.998049521286461,0.015341044075747767
884.0,0.93305,0.017333042401351865,0.9826669575986481,0.017304334798688974,0.982737705868684,0.001919277595303417,0.9980807224046966,0.015413764806048502
885.0,0.94423,0.01737448635117738,0.9826255136488227,0.01734501044578849,0.9826939721797755,0.0018884222772820355,0.998111577722718,0.0154860640738953
886.0,0.90752,0.01741585465391822,0.9825841453460817,0.017385686092888004,0.9826502384908671,0.0018579114679946123,0.9981420885320054,0.015557943185923628
887.0,0.91062,0.01745714732652186,0.9825428526734782,0.01742636173998752,0.9826065048019585,0.0018277438735665665,0.9981722561264335,0.01562940345295527
888.0,0.92228,0.01749836438770462,0.9825016356122954,0.017467037387087034,0.98256277111305,0.001797918197846478,0.9982020818021535,0.015700446189858108
889.0,0.93455,0.017539505857928045,0.9824604941420719,0.01750769797188297,0.9825189979318647,0.001768433142521947,0.998231566857478,0.01577107271540612
890.0,0.92393,0.017580571759375458,0.9824194282406246,0.01754823805825026,0.9824749088124638,0.001739287407233662,0.9982607125927664,0.015841284352141827
891.0,0.92584,0.017621562115928798,0.9823784378840712,0.017588778144617553,0.982430819693063,0.001710479689687913,0.998289520310312,0.01591108242624084
892.0,0.90881,0.01766247695314581,0.9823375230468542,0.017629318230984844,0.9823867305736622,0.0016820086857674147,0.9983179913142326,0.015980468267378423
893.0,0.87327,0.017703316298237397,0.9822966837017626,0.017669858317352138,0.9823426414542614,0.0016538730896404857,0.9983461269103595,0.016049443208596914
894.0,0.8513,0.017744080180045255,0.9822559198199547,0.017710398403719428,0.9822985523348606,0.0016260715938686324,0.9983739284061314,0.016118008586176624
895.0,0.81357,0.017784768629019752,0.9822152313709802,0.017750938490086722,0.9822544632154598,0.0015986028895126187,0.9984013971104874,0.016186165739507152
896.0,0.76253,0.017825381677197983,0.9821746183228021,0.017791478576454012,0.982210374096059,0.0015714656662368176,0.9984285343337632,0.016253916010961156
897.0,0.66566,0.01786591935818233,0.9821340806418176,0.017832018662821306,0.9821662849766583,0.0015446586124121442,0.9984553413875878,0.016321260745770227
898.0,0.7178,0.017906381707118866,0.9820936182928811,0.017872558749188597,0.9821221958572575,0.001518180415217388,0.9984818195847827,0.01638820129190155
899.0,0.54871,0.017946768760676215,0.9820532312393238,0.01791309883555589,0.9820781067378567,0.0014920297607390665,0.998507970239261,0.016454738999937213
900.0,0.7426,0.01798708055702474,0.9820129194429753,0.01795363892192318,0.9820340176184559,0.0014662053340696733,0.9985337946659303,0.016520875222954978
901.0,0.59933,0.018027317135815814,0.9819726828641842,0.017993980817007895,0.981992936916214,0.0014407058194046357,0.9985592941805954,0.01658661131641126
902.0,0.66791,0.01806747853816133,0.9819325214618386,0.018034322712092613,0.9819518562139722,0.0014155299001375598,0.9985844700998624,0.016651948638023772
903.0,0.68889,0.018107564806613435,0.9818924351933865,0.018074664607177326,0.9819107755117303,0.001390676258954253,0.9986093237410457,0.01671688854765918
904.0,0.84457,0.01814757598514466,0.9818524240148554,0.01811500650226204,0.9818696948094885,0.001366143577925156,0.9986338564220748,0.01678143240721941
905.0,0.81709,0.01818751211912797,0.981812487880872,0.018155348397346754,0.9818286141072466,0.0013419305385964247,0.9986580694614036,0.01684558158053151
906.0,0.77558,0.018227373255317238,0.9817726267446828,0.01819569029243147,0.9817875334050048,0.0013180358220796005,0.9986819641779204,0.016909337433237637
907.0,0.63854,0.01826715944182807,0.9817328405581719,0.018236032187516182,0.981746452702763,0.0012944581091398769,0.9987055418908601,0.016972701332688245
908.0,0.65217,0.01830687072811841,0.9816931292718816,0.018276374082600896,0.9817053720005211,0.0012711960802829904,0.998728803919717,0.017035674647835397
909.0,0.70431,0.018346507164969866,0.9816534928350301,0.01831671597768561,0.9816642912982793,0.0012482484158408366,0.9987517515841592,0.01709825874912907
910.0,0.62467,0.018386068804468744,0.9816139311955313,0.018357057872770328,0.9816232105960374,0.0012256137960555958,0.9987743862039444,0.017160455008413122
911.0,0.66808,0.01842555569998781,0.9815744443000122,0.018397399767855042,0.9815821298937957,0.0012032909011626995,0.9987967090988373,0.01722226479882516
912.0,0.68893,0.0184649679061679,0.9815350320938321,0.018437187244264602,0.9815431567177471,0.0011812784114723573,0.9988187215885277,0.01728368949469561
913.0,0.62834,0.018504305478899724,0.9814956945211003,0.018476616658613124,0.981505544652365,0.001159575007449855,0.9988404249925501,0.0173447304714498
914.0,0.62649,0.01854356847530609,0.9814564315246939,0.018516046072961645,0.981467932586983,0.0011381793697946127,0.9988618206302053,0.017405389105511482
915.0,0.67836,0.01858275695372425,0.9814172430462758,0.01855547548731017,0.9814303205216008,0.0011170901795178347,0.9988829098204821,0.017465666774206356
916.0,0.57646,0.01862187097368836,0.9813781290263116,0.01859490490165869,0.9813927084562188,0.0010963061180191002,0.9989036938819809,0.01752556485566925
917.0,0.73017,0.01866091059591213,0.9813390894040879,0.018634334316007216,0.9813550963908367,0.0010758258671615534,0.9989241741328384,0.017585084728750533
918.0,0.59271,0.018699875882271903,0.981300124117728,0.018673763730355737,0.9813174843254546,0.0010556481093460122,0.998944351890654,0.017644227772925958
919.0,0.73877,0.01873876689578952,0.9812612331042104,0.01871319314470426,0.9812798722600726,0.0010357715275837213,0.9989642284724163,0.017702995368205854
920.0,0.74414,0.018777583700615788,0.9812224162993842,0.018752622559052783,0.9812422601946905,0.0010161948055680645,0.998983805194432,0.017761388895047747
921.0,0.78049,0.01881632636201387,0.9811836736379861,0.018792051973401305,0.9812046481293084,0.0009969166277450153,0.999003083372255,0.017819409734268876
922.0,0.70026,0.018854994946342928,0.9811450050536571,0.01883148138774983,0.9811670360639264,0.000977935679382425,0.9990220643206176,0.017877059266960482
923.0,0.74504,0.018893589521042017,0.981106410478958,0.01887091080209835,0.9811294239985443,0.0009592506466382175,0.9990407493533617,0.017934338874403766
924.0,0.7215,0.01893211015461407,0.981067889845386,0.01890910163720465,0.9810926354271419,0.0009408602166273318,0.9990591397833727,0.01799124993798673
925.0,0.7111,0.01897055691661014,0.9810294430833899,0.018947189257374104,0.9810559154802377,0.0009227630774877071,0.9990772369225123,0.01804779383912236
926.0,0.70331,0.019008929877613632,0.9809910701223864,0.018985276877543554,0.9810191955333337,0.000904957918445014,0.999095042081555,0.018103971959168574
927.0,0.78742,0.019047229109225138,0.9809527708907748,0.019023364497713004,0.9809824755864296,0.0008874434298763447,0.9991125565701237,0.01815978567934884
928.0,0.58968,0.019085454684046866,0.9809145453159531,0.019061452117882457,0.9809457556395255,0.0008702183033728774,0.9991297816966271,0.018215236380674016
929.0,0.55127,0.01912360667566767,0.9808763933243323,0.019099539738051906,0.9809090356926213,0.00085328123180133,0.9991467187681987,0.01827032544386642
930.0,0.4321,0.01916168515864826,0.9808383148413518,0.019137627358221356,0.9808723157457172,0.0008366309093645297,0.9991633690906355,0.018325054249283768
931.0,0.40921,0.019199690208506173,0.9808003097914938,0.019175714978390806,0.9808355957988131,0.0008202660316607809,0.9991797339683393,0.01837942417684546
932.0,0.30086,0.019237621901701325,0.9807623780982987,0.01921380259856026,0.9807988758519091,0.0008041852957423297,0.9991958147042577,0.018433436605958975
933.0,0.24841,0.019275480315621613,0.9807245196843783,0.01925189021872971,0.9807621559050049,0.0007883874001727202,0.9992116125998273,0.01848709291544892
934.0,0.1438,0.019313265528568564,0.9806867344714314,0.01928997783889916,0.9807254359581008,0.0007728710450831515,0.9992271289549168,0.018540394483485434
935.0,0.25084,0.019350977619743324,0.9806490223802566,0.01932806545906861,0.9806887160111967,0.0007576349322279521,0.9992423650677721,0.018593342687515446
936.0,0.16142,0.01938861666923253,0.9806113833307675,0.019365198701098353,0.9806523243103538,0.0007426777650388557,0.9992573222349611,0.018645938904193637
937.0,0.16338,0.019426182757994775,0.9805738172420052,0.019402265666868392,0.9806159554043762,0.0007279982486785898,0.9992720017513214,0.01869818450931615
938.0,0.20058,0.01946367596784678,0.9805363240321532,0.01943933263263843,0.9805795864983987,0.0007135950900932298,0.9992864049099067,0.01875008087775354
939.0,0.39887,0.019501096381450013,0.98049890361855,0.01947639959840847,0.9805432175924211,0.0006994669980637696,0.9993005330019362,0.018801629383386254
940.0,0.47181,0.01953844408229731,0.9804615559177027,0.01951346656417851,0.9805068486864437,0.0006856126832567509,0.9993143873167433,0.018852831399040593
941.0,0.37195,0.019575719154699738,0.9804242808453003,0.019550533529948552,0.9804704797804661,0.0006720308582738724,0.9993279691417262,0.018903688296425858
942.0,0.40532,0.019612921683773526,0.9803870783162265,0.01958760049571859,0.9804341108744885,0.0006587202377008291,0.9993412797622991,0.018954201446072627
943.0,0.27834,0.019650051755427292,0.9803499482445727,0.01962466746148863,0.980397741968511,0.0006456795381550999,0.9993543204618449,0.019004372217272247
944.0,0.28579,0.01968710945634919,0.9803128905436508,0.01966173442725867,0.9803613730625335,0.0006329074783329593,0.999367092521667,0.019054201978016216
945.0,0.36821,0.0197240948739944,0.9802759051260056,0.019698801393028712,0.980325004156556,0.0006204027790555674,0.9993795972209444,0.019103692094938785
946.0,0.19461,0.01976100809657268,0.9802389919034273,0.01973586835879875,0.9802886352505784,0.0006081641633141588,0.9993918358366859,0.019152843933258556
947.0,0.37112,0.019797849213035963,0.980202150786964,0.01977293532456879,0.9802522663446008,0.0005961903563145007,0.9994038096436855,0.019201658856721426
948.0,0.27423,0.019834618313066397,0.9801653816869336,0.019809627694025785,0.9802175961057207,0.0005844800855203183,0.9994155199144796,0.019250138227546065
949.0,0.49396,0.019871315487064133,0.9801286845129359,0.01984610154896683,0.9801839167559805,0.000573032080696018,0.999426967919304,0.019298283406368077
950.0,0.14726,0.019907940826135572,0.9800920591738644,0.01988257540390788,0.9801502374062404,0.0005618450739485859,0.9994381549260514,0.01934609575218693
951.0,0.48378,0.019944494422081578,0.9800555055779184,0.01991904925884893,0.9801165580565003,0.0005509177997686002,0.9994490822002314,0.019393576622313002
952.0,0.26891,0.019980976367385772,0.9800190236326143,0.019955523113789977,0.9800828787067603,0.0005402489950704688,0.9994597510049296,0.01944072737231528
953.0,0.34362,0.020017386755203204,0.9799826132447969,0.019991996968731024,0.9800491993570201,0.0005298373992319501,0.999470162600768,0.01948754935597119
954.0,0.42411,0.020053725679348888,0.9799462743206511,0.020028470823672075,0.98001552000728,0.0005196817541327158,0.9994803182458672,0.019534043925216182
955.0,0.34117,0.020089993234286653,0.9799100067657134,0.020064944678613122,0.9799818406575399,0.0005097808041923538,0.9994902191958076,0.019580212430094224
956.0,0.32821,0.020126189515118,0.979873810484882,0.020101418533554172,0.9799481613077997,0.000500133296407415,0.9994998667035926,0.019626056218710608
957.0,0.27067,0.020162314617571186,0.9798376853824288,0.02013789238849522,0.9799144819580596,0.0004907379803878629,0.9995092620196121,0.01967157663718333
958.0,0.46101,0.02019836863799034,0.9798016313620097,0.020174366243436267,0.9798808026083196,0.00048159360839263954,0.9995184063916074,0.019716775029597677
959.0,0.37385,0.02023435167332476,0.9797656483266752,0.020210840098377317,0.9798471232585794,0.00047269893536461803,0.9995273010646354,0.019761652737960156
960.0,0.42066,0.020270263821118375,0.9797297361788816,0.020247313953318365,0.9798134439088393,0.00046405271896475335,0.9995359472810352,0.019806211102153637
961.0,0.4612,0.020306105179499184,0.9796938948205008,0.02028300593925046,0.9797812302865738,0.00045565371960554083,0.9995443462803945,0.019850451459893614
962.0,0.44174,0.020341875847169042,0.9796581241528309,0.020318697925182552,0.9797490166643084,0.00044750070048379313,0.9995524992995162,0.01989437514668524
963.0,0.50503,0.020377575923393232,0.9796224240766067,0.020354389911114646,0.979716803042043,0.0004395924276126305,0.9995604075723874,0.019937983495780687
964.0,0.4586,0.020413205507990678,0.9795867944920094,0.020390081897046743,0.9796845894197775,0.00043192766985296116,0.999568072330147,0.019981277838137634
965.0,0.50374,0.020448764701323414,0.9795512352986766,0.020425773882978837,0.9796523757975121,0.00042450519894403333,0.999575494801056,0.020024259502379405
966.0,0.50275,0.020484253604287336,0.9795157463957127,0.02046146586891093,0.9796201621752466,0.0004173237895335501,0.9995826762104665,0.020066929814753776
967.0,0.5024,0.020519672318302,0.979480327681698,0.020497157854843025,0.9795879485529811,0.0004103822192069931,0.999589617780793,0.020109290099095012
968.0,0.6521,0.020555020945301185,0.9794449790546988,0.02053284984077512,0.9795557349307158,0.0004036792685163169,0.9995963207314836,0.020151341676784784
969.0,0.68622,0.020590299587723217,0.9794097004122768,0.020568541826707212,0.9795235213084503,0.00039721372100803246,0.999602786278992,0.0201930858667152
970.0,0.63461,0.020625508348501537,0.9793744916514985,0.020604233812639306,0.9794913076861849,0.00039098436325058373,0.9996090156367494,0.02023452398525094
971.0,0.71397,0.02066064733105558,0.9793393526689445,0.020639925798571403,0.9794590940639194,0.00038498998486119555,0.9996150100151387,0.020275657346194298
972.0,0.68765,0.020695716639281405,0.9793042833607186,0.020675617784503497,0.9794268804416539,0.0003792293785320292,0.9996207706214679,0.020316487260749305
973.0,0.60648,0.02073071637754252,0.9792692836224575,0.020711276285931796,0.9793944939266681,0.0003737013400557338,0.9996262986599442,0.02035701503748677
974.0,0.57529,0.02076564665066107,0.979234353349339,0.02074572934522352,0.9793558832737459,0.0003684046683504259,0.9996315953316496,0.020397241982310632
975.0,0.58987,0.020800507563908815,0.9791994924360912,0.020780182404515242,0.9793172726208237,0.0003633381654840478,0.9996366618345159,0.02043716939842477
976.0,0.57191,0.02083529922299839,0.9791647007770016,0.020814635463806967,0.9792786619679015,0.000358500636698162,0.9996414993633018,0.02047679858630025
977.0,0.63864,0.020870021734074564,0.9791299782659254,0.020849088523098688,0.9792400513149793,0.00035389089043113653,0.9996461091095689,0.020516130843643454
978.0,0.61509,0.020904675203705782,0.9790953247962942,0.020883541582390412,0.979201440662057,0.0003495077383408093,0.9996504922616591,0.0205551674653649
979.0,0.63815,0.020939259738875494,0.9790607402611246,0.020917994641682133,0.9791628300091348,0.0003453499953265071,0.9996546500046735,0.02059390974354891
980.0,0.60468,0.02097377544697388,0.9790262245530261,0.020952447700973858,0.9791242193562126,0.00034141647955060077,0.9996585835204495,0.020632358967423325
981.0,0.71338,0.021008222435789592,0.9789917775642104,0.02098690076026558,0.9790856087032904,0.0003377060124594453,0.9996622939875406,0.020670516423330176
982.0,0.69218,0.02104260081350151,0.9789573991864985,0.021021353819557304,0.9790469980503682,0.000334217418803829,0.9996657825811962,0.020708383394697716
983.0,0.66865,0.021076910688670673,0.9789230893113293,0.021055806878849028,0.979008387397446,0.0003309495266588432,0.9996690504733412,0.020745961162011883
984.0,0.73732,0.02111115217023218,0.9788888478297678,0.02109025993814075,0.9789697767445238,0.00032790116744326294,0.9996720988325567,0.020783251002788883
985.0,0.68817,0.0211453253674874,0.9788546746325126,0.021124712997432474,0.9789311660916016,0.0003250711759383787,0.9996749288240616,0.02082025419154898
986.0,0.75083,0.02117943039009617,0.9788205696099038,0.021159166056724195,0.9788925554386794,0.0003224583903063332,0.9996775416096937,0.020856971999789864
987.0,0.73928,0.021213467348068955,0.978786532651931,0.0211928538234966,0.9788455021059788,0.0003200616521079868,0.999679938347892,0.020893405695960987
988.0,0.73462,0.021247436351759352,0.9787525636482406,0.021226211464084196,0.9787948068329816,0.0003178798063201894,0.9996821201936799,0.020929556545439265
989.0,0.74906,0.021281337511856475,0.9787186624881435,0.021259569104671795,0.9787441115599844,0.0003159117013526678,0.9996840882986473,0.020965425810503757
990.0,0.73227,0.021315170939377483,0.9786848290606225,0.021292926745259396,0.9786934162869872,0.0003141561890643832,0.9996858438109356,0.02100101475031313
991.0,0.75358,0.02134893674566022,0.9786510632543398,0.021326284385846994,0.9786427210139901,0.0003126121247793907,0.9996873878752206,0.021036324620880786
992.0,0.75102,0.021382635042356057,0.978617364957644,0.021359642026434592,0.9785920257409929,0.0003112783673022766,0.9996887216326977,0.021071356675053776
993.0,0.73728,0.021416265941422628,0.9785837340585773,0.02139299966702219,0.9785413304679957,0.0003101537789330799,0.9996898462210669,0.021106112162489588
994.0,0.7541,0.021449829555116574,0.9785501704448835,0.02142635730760979,0.9784906351949986,0.0003092372254817883,0.9996907627745182,0.021140592329634722
995.0,0.75176,0.021483325995986752,0.9785166740040132,0.021459714948197386,0.9784399399220014,0.00030852757628240863,0.9996914724237176,0.021174798419704377
996.0,0.74884,0.021516755376867255,0.9784832446231327,0.021493072588784988,0.9783892446490042,0.00030802370420651525,0.9996919762957935,0.021208731672660797
997.0,0.73971,0.021550117810870368,0.9784498821891296,0.021526430229372586,0.9783385493760071,0.00030772448567644605,0.9996922755143236,0.021242393325193953
998.0,0.73887,0.021583413411380144,0.9784165865886199,0.021559787869960184,0.9782878541030099,0.00030762880067800524,0.999692371199322,0.02127578461070212
999.0,0.73857,0.021616642292045293,0.9783833577079547,0.021593145510547782,0.9782371588300127,0.0003077355327727495,0.9996922644672273,0.02130890675927255
1000.0,0.73532,0.0216498045667729,0.9783501954332271,0.02162650315113538,0.9781864635570156,0.00030804356910992686,0.99969195643089,0.02134176099766294
1001.0,0.74442,0.021682900349721767,0.9783170996502782,0.02165941042871373,0.9781310141632927,0.00030855180043785197,0.9996914481995621,0.021374348549283884
1002.0,0.72805,0.02171592975529599,0.978284070244704,0.021692317706292083,0.9780755647695699,0.00030925912111505086,0.999690740878885,0.021406670634181002
1003.0,0.73442,0.02174889289813842,0.9782511071018616,0.02172522498387043,0.9780201153758471,0.0003101644291208768,0.9996898355708791,0.02143872846901751
1004.0,0.72336,0.0217817898931247,0.9782182101068753,0.021758132261448782,0.9779646659821243,0.0003112666260657484,0.9996887333739343,0.021470523267059005
1005.0,0.68174,0.021814620855356747,0.9781853791446432,0.021791039539027134,0.9779092165884015,0.000312564617201075,0.9996874353827989,0.02150205623815571
1006.0,0.71252,0.02184738590015665,0.9781526140998433,0.02182394681660548,0.9778537671946786,0.00031405731142868977,0.9996859426885714,0.02153332858872803
1007.0,0.72753,0.021880085143060758,0.9781199148569393,0.021856854094183833,0.9777983178009558,0.0003157436213099859,0.99968425637869,0.021564341521750685
1008.0,0.72685,0.02191271869981343,0.9780872813001865,0.021889761371762184,0.977742868407233,0.00031762246307464784,0.9996823775369253,0.02159509623673883
1009.0,0.71972,0.02194528668636132,0.9780547133136387,0.021922668649340532,0.9776874190135102,0.0003196927566290005,0.999680307243371,0.02162559392973229
1010.0,0.71914,0.021977789218847445,0.9780222107811526,0.021955575926918883,0.9776319696197874,0.0003219534255640153,0.9996780465744359,0.02165583579328334
1011.0,0.72278,0.0220102264136053,0.9779897735863947,0.021988483204497235,0.9775765202260646,0.00032440339716297814,0.999675596602837,0.021685823016442285
1012.0,0.71877,0.022042598387153365,0.9779574016128466,0.022021390482075586,0.9775210708323417,0.0003270416024087545,0.9996729583975913,0.021715556784744683
1013.0,0.71761,0.022074905256189183,0.9779250947438108,0.022054297759653934,0.9774656214386189,0.000329866975990734,0.9996701330240093,0.02174503828019847
1014.0,0.72068,0.022107147137583966,0.977892852862416,0.022087205037232285,0.9774101720448961,0.0003328784563114727,0.9996671215436885,0.021774268681272524
1015.0,0.70817,0.022139324148377007,0.977860675851623,0.022119719608940363,0.9773651208056781,0.0003360749854929121,0.9996639250145071,0.02180324916288412
1016.0,0.71129,0.022171436405770455,0.9778285635942295,0.0221521979308758,0.9773210293961067,0.0003394555093823629,0.9996605444906176,0.021831980896388048
1017.0,0.70337,0.02220348402712341,0.9777965159728765,0.022184676252811238,0.9772769379865353,0.0003430189775580712,0.9996569810224419,0.021860465049565403
1018.0,0.71422,0.02223546712994723,0.9777645328700528,0.022217154574746673,0.9772328465769639,0.00034676434333454954,0.9996532356566654,0.02188870278661259
1019.0,0.68878,0.022267385831899814,0.9777326141681002,0.022249632896682112,0.9771887551673923,0.0003506905637675212,0.9996493094362324,0.021916695268132225
1020.0,0.69896,0.022299240250780786,0.9777007597492192,0.022282111218617548,0.9771446637578209,0.00035479659965858293,0.9996452034003415,0.021944443651122247
1021.0,0.70175,0.02233103050452603,0.977668969495474,0.022314589540552984,0.9771005723482495,0.00035908141555958254,0.9996409185844404,0.02197194908896638
1022.0,0.6897,0.022362756711202875,0.9776372432887971,0.022347067862488423,0.9770564809386781,0.0003635439797766459,0.9996364560202233,0.021999212731426243
1023.0,0.69508,0.022394418989004985,0.977605581010995,0.02237954618442386,0.9770123895291067,0.0003681832643739368,0.9996318167356261,0.022026235724631027
1024.0,0.69058,0.022426017456247588,0.9775739825437524,0.022412024506359297,0.9769682981195352,0.00037299824517712945,0.9996270017548229,0.0220530192110705
1025.0,0.69753,0.022457552231362306,0.9775424477686377,0.022444502828294733,0.9769242067099638,0.00037798790177656107,0.9996220120982234,0.022079564329585688
1026.0,0.69636,0.02248902343289264,0.9775109765671074,0.02247698115023017,0.9768801153003924,0.0003831512175301515,0.9996168487824698,0.02210587221536242
1027.0,0.69305,0.02252043117948905,0.9774795688205109,0.022509459472165608,0.976836023890821,0.0003884871795659703,0.999611512820434,0.02213194399992313
1028.0,0.69385,0.022551775589904323,0.9774482244100957,0.022541937794101043,0.9767919324812496,0.00039399477878460267,0.9996060052212153,0.02215778081111963
1029.0,0.68628,0.022583056782988963,0.977416943217011,0.0225738033606301,0.9767558357389106,0.00039967300986120676,0.9996003269901388,0.022183383773127785
1030.0,0.69055,0.022614274877686507,0.9773857251223135,0.02260485191995065,0.9767303985528815,0.0004055208712473127,0.9995944791287527,0.02220875400643918
1031.0,0.68736,0.022645429993029154,0.9773545700069708,0.0226359004792712,0.9767049613668525,0.0004115373651723144,0.9995884626348277,0.02223389262785691
1032.0,0.68787,0.022676522248133144,0.9773234777518669,0.02266694903859175,0.9766795241808234,0.00041772149764482077,0.9995822785023551,0.02225880075048825
1033.0,0.67613,0.02270755176219449,0.9772924482378055,0.022697997597912297,0.9766540869947943,0.00042407227845361585,0.9995759277215464,0.022283479483740876
1034.0,0.68015,0.02273851865448458,0.9772614813455154,0.022729046157232848,0.9766286498087652,0.00043058872116845257,0.9995694112788316,0.022307929933316206
1035.0,0.68234,0.022769423044345764,0.9772305769556542,0.022760094716553398,0.9766032126227361,0.00043726984314058795,0.9995627301568594,0.022332153201205185
1036.0,0.68202,0.022800265051187325,0.9771997349488126,0.022791143275873945,0.976577775436707,0.0004441146655030155,0.999555885334497,0.022356150385684392
1037.0,0.67497,0.022831044794481108,0.9771689552055189,0.022822191835194496,0.976552338250678,0.0004511222131706022,0.9995488777868294,0.022379922581310496
1038.0,0.67172,0.022861762393757482,0.9771382376062425,0.022853240394515046,0.9765269010646489,0.0004582915148398036,0.9995417084851602,0.022403470878917697
1039.0,0.67636,0.02289241796860124,0.9771075820313988,0.022884288953835596,0.9765014638786198,0.0004656216029883116,0.9995343783970116,0.022426796365612844
1040.0,0.6717,0.02292301163864752,0.9770769883613525,0.022915337513156143,0.9764760266925907,0.0004731115138743568,0.9995268884861257,0.022449900124773214
1041.0,0.67176,0.0229535435235778,0.9770464564764222,0.022946386072476694,0.9764505895065616,0.00048076028753589174,0.9995192397124641,0.02247278323604196
1042.0,0.672,0.022984013743116122,0.9770159862568839,0.022977434631797244,0.9764251523205325,0.0004885669677894471,0.9995114330322106,0.022495446775326666
1043.0,0.66525,0.023014422417025008,0.976985577582975,0.02300848319111779,0.9763997151345035,0.0004965306022288804,0.9995034693977711,0.02251789181479613
1044.0,0.66833,0.023044769665101845,0.9769552303348982,0.023038423931103426,0.976378604452168,0.0005046502422238065,0.9994953497577762,0.022540119422878035
1045.0,0.66452,0.023075055607174856,0.9769249443928252,0.02306734917003205,0.9763614597315515,0.0005129249429179275,0.9994870750570821,0.02256213066425694
1046.0,0.64714,0.02310528036309955,0.9768947196369004,0.023096274408960674,0.9763443150109351,0.0005213537632270442,0.999478646236773,0.022583926599872517
1047.0,0.65694,0.02313544405275506,0.976864555947245,0.023125199647889297,0.9763271702903187,0.0005299357658369779,0.9994700642341631,0.022605508286918097
1048.0,0.66274,0.023165546796040205,0.9768344532039598,0.023154124886817923,0.9763100255697023,0.0005386700172012121,0.9994613299827988,0.02262687677883901
1049.0,0.65896,0.023195588712870273,0.9768044112871297,0.02318305012574655,0.9762928808490858,0.0005475555875383484,0.9994524444124616,0.022648033125331923
1050.0,0.65463,0.023225569923173366,0.9767744300768266,0.02321197536467517,0.9762757361284694,0.0005565915508294544,0.9994434084491706,0.02266897837234394
1051.0,0.65521,0.02325549054688675,0.9767445094531132,0.023240900603603797,0.976258591407853,0.0005657769848151033,0.9994342230151849,0.022689713562071723
1052.0,0.65118,0.02328535070395344,0.9767146492960466,0.02326982584253242,0.9762414466872366,0.0005751109709922752,0.9994248890290077,0.022710239732961157
1053.0,0.64919,0.023315150514318966,0.976684849485681,0.023298751081461046,0.9762243019666201,0.0005845925946111573,0.9994154074053888,0.022730557919707794
1054.0,0.64646,0.023344890097927878,0.9766551099020722,0.02332767632038967,0.9762071572460037,0.0005942209446716248,0.9994057790553283,0.022750669153256187
1055.0,0.64847,0.0233745695747204,0.9766254304252796,0.023356601559318294,0.9761900125253873,0.0006039951139196412,0.9993960048860804,0.022770574460800774
1056.0,0.64641,0.023404189064629138,0.9765958109353708,0.02338552679824692,0.9761728678047709,0.0006139141988434575,0.9993860858011565,0.022790274865785665
1057.0,0.64482,0.023433748687575955,0.976566251312424,0.023414452037175543,0.9761557230841544,0.0006239772996696721,0.9993760227003303,0.022809771387906297
1058.0,0.63818,0.023463248563468774,0.9765367514365312,0.02344337727610417,0.976138578363538,0.0006341835203590555,0.999365816479641,0.022829065043109775
1059.0,0.61875,0.02349268881219828,0.9765073111878018,0.02347210137835109,0.9761202252119678,0.0006445319686022792,0.9993554680313977,0.02284815684359598
1060.0,0.63585,0.023522069553634853,0.9764779304463651,0.023499886842750072,0.9760962327159467,0.0006550217558154624,0.9993449782441846,0.02286704779781945
1061.0,0.62121,0.02355139090762571,0.9764486090923743,0.023527672307149052,0.9760722402199257,0.0006656519971355572,0.9993343480028645,0.022885738910490172
1062.0,0.63266,0.02358065299399156,0.9764193470060084,0.023555457771548032,0.9760482477239045,0.000676421811415554,0.9993235781885844,0.022904231182576007
1063.0,0.62239,0.023609855932523807,0.9763901440674762,0.023583243235947012,0.9760242552278835,0.000687330321219604,0.9993126696787804,0.022922525611304256
1064.0,0.63196,0.023638999842981623,0.9763610001570184,0.023611028700345992,0.9760002627318624,0.0006983766528179323,0.9993016233471821,0.022940623190163656
1065.0,0.62913,0.023668084845088942,0.976331915154911,0.023638814164744972,0.9759762702358413,0.0007095599361815974,0.9992904400638184,0.022958524908907374
1066.0,0.61713,0.02369711105853154,0.9763028889414684,0.023666599629143952,0.9759522777398203,0.0007208793049771797,0.9992791206950228,0.022976231753554344
1067.0,0.62032,0.023726078602954486,0.9762739213970455,0.023694385093542932,0.9759282852437992,0.0007323338965612553,0.9992676661034388,0.02299374470639326
1068.0,0.61944,0.023754987597958934,0.9762450124020411,0.023722170557941912,0.9759042927477781,0.00074392285197475,0.9992560771480252,0.023011064745984133
1069.0,0.58626,0.023783838163099806,0.9762161618369002,0.023749956022340892,0.975880300251757,0.0007556453159371957,0.9992443546840628,0.02302819284716262
1070.0,0.60469,0.02381263041788264,0.9761873695821174,0.023777741486739872,0.975856307755736,0.0007675004368408004,0.9992324995631592,0.0230451299810418
1071.0,0.61661,0.02384136448176126,0.9761586355182388,0.023805526951138856,0.9758323152597148,0.0007794873667444221,0.9992205126332556,0.023061877115016838
1072.0,0.61536,0.023870040474135035,0.976129959525865,0.023833312415537836,0.9758083227636938,0.0007916052613673986,0.9992083947386327,0.023078435212767645
1073.0,0.60363,0.023898658514346017,0.976101341485654,0.023861097879936816,0.9757843302676728,0.0008038532800832678,0.9991961467199167,0.023094805234262772
1074.0,0.62158,0.023927218721676847,0.9760727812783232,0.023888883344335796,0.9757603377716516,0.000816230585913347,0.9991837694140866,0.0231109881357634
1075.0,0.59252,0.023955721215347652,0.9760442787846524,0.023916887213177272,0.9757332288485308,0.0008287363455201954,0.9991712636544798,0.02312698486982745
1076.0,0.61471,0.023984166114514146,0.9760158338854859,0.023945258001482145,0.9757008843278823,0.0008413697292009899,0.999158630270799,0.023142796385313136
1077.0,0.60434,0.024012553538264626,0.9759874464617354,0.023973628789787017,0.9756685398072339,0.0008541299108807179,0.9991458700891193,0.02315842362738385
1078.0,0.60321,0.024040883605617847,0.9759591163943822,0.02400199957809189,0.9756361952865854,0.000867016068105326,0.9991329839318946,0.023173867537512494
1079.0,0.60474,0.02406915643552057,0.9759308435644795,0.024030370366396762,0.9756038507659369,0.0008800273820347245,0.9991199726179653,0.023189129053485802
1080.0,0.59722,0.024097372146845025,0.975902627853155,0.024058741154701635,0.9755715062452885,0.0008931630374356696,0.9991068369625643,0.023204209109409346
1081.0,0.58083,0.02412553085838684,0.9758744691416131,0.024087111943006504,0.9755391617246401,0.0009064222226745832,0.9990935777773254,0.023219108635712304
1082.0,0.5894,0.024153632688862614,0.9758463673111374,0.024115482731311377,0.9755068172039916,0.0009198041297102106,0.9990801958702898,0.02323382855915246
1083.0,0.59814,0.024181677756907535,0.9758183222430925,0.02414385351961625,0.9754744726833432,0.0009333079540862356,0.9990666920459138,0.0232483698028213
1084.0,0.57852,0.024209666181073314,0.9757903338189267,0.02417222430792112,0.9754421281626947,0.0009469328949237458,0.9990530671050762,0.023262733286149584
1085.0,0.5933,0.024237598079825916,0.975762401920174,0.024200595096225994,0.9754097836420462,0.0009606781549136231,0.9990393218450864,0.02327691992491232
1086.0,0.5541,0.024265473571543367,0.9757345264284566,0.024228965884530867,0.9753774391213977,0.0009745429403088529,0.9990254570596911,0.023290930631234552
1087.0,0.56697,0.024293292774513565,0.9757067072254865,0.02425733667283574,0.9753450946007494,0.0009885264609166848,0.9990114735390833,0.023304766313596792
1088.0,0.59317,0.02432105580693231,0.9756789441930677,0.024285707461140612,0.9753127500801009,0.001002627930090784,0.9989973720699092,0.023318427876841574
1089.0,0.57919,0.02434876278690108,0.9756512372130989,0.024314078249445484,0.9752804055594524,0.0010168465647232032,0.9989831534352768,0.023331916222177895
1090.0,0.55573,0.024376413832425024,0.9756235861675749,0.024342449037750354,0.975248061038804,0.0010311815852363387,0.9989688184147637,0.023345232247188763
1091.0,0.58835,0.024404009061410967,0.9755959909385891,0.02437086713369306,0.9752159838167744,0.0010456322155747851,0.9989543677844253,0.023358376845836193
1092.0,0.58124,0.024431548591665332,0.9755684514083347,0.024399758306014104,0.9751865795809346,0.0010601976831970444,0.9989398023168029,0.023371350908468203
1093.0,0.51058,0.024459032540892267,0.9755409674591078,0.024428649478335146,0.9751571753450946,0.0010748772190672204,0.9989251227809328,0.02338415532182503
1094.0,0.53965,0.024486461026691726,0.9755135389733083,0.02445754065065619,0.9751277711092547,0.0010896700576466748,0.9989103299423533,0.02339679096904501
1095.0,0.52067,0.024513834166557304,0.9754861658334427,0.024486431822977228,0.9750983668734148,0.0011045754368854293,0.9988954245631145,0.02340925872967181
1096.0,0.50323,0.02454115207787474,0.9754588479221252,0.02451532299529827,0.9750689626375748,0.0011195925982137012,0.9988804074017863,0.02342155947966107
1097.0,0.57852,0.024568414877919817,0.9754315851220802,0.024544214167619312,0.975039558401735,0.0011347207865332336,0.9988652792134668,0.023433694091386625
1098.0,0.50291,0.02459562268385652,0.9754043773161435,0.024573105339940355,0.975010154165895,0.001149959250208599,0.9988500407497914,0.023445663433647956
1099.0,0.50772,0.024622775612735397,0.9753772243872646,0.024601996512261397,0.9749807499300551,0.0011653072410583777,0.9988346927589417,0.02345746837167706
1100.0,0.48577,0.024649873781491555,0.9753501262185085,0.02463088768458244,0.9749513456942152,0.001180764014346374,0.9988192359856536,0.023469109767145113
1101.0,0.49696,0.02467691730694331,0.9753230826930567,0.02465977885690348,0.9749219414583752,0.0011963288287726568,0.9988036711712274,0.023480588478170694
1102.0,0.46883,0.02470390630578984,0.9752960936942101,0.02468867002922452,0.9748925372225353,0.001212000946464576,0.9987879990535354,0.023491905359325327
1103.0,0.46637,0.024730840894610095,0.9752691591053899,0.024717561201545564,0.9748631329866954,0.0012277796329677308,0.9987722203670323,0.023503061261642366
1104.0,0.46765,0.02475772118986086,0.9752422788101391,0.024746452373866606,0.9748337287508555,0.0012436641572368809,0.9987563358427631,0.02351405703262399
1105.0,0.50644,0.024784547307875028,0.975215452692125,0.02477534354618765,0.9748043245150155,0.0012596537916267038,0.9987403462083733,0.023524893516248313
1106.0,0.39792,0.02481131936486022,0.9751886806351397,0.02480423471850869,0.9747749202791757,0.0012757478118826438,0.9987242521881173,0.023535571552977586
1107.0,0.48304,0.02483803747689687,0.9751619625231032,0.02483312589082973,0.9747455160433357,0.0012919454971315623,0.9987080545028685,0.023546091979765316
1108.0,0.41565,0.02486470175993709,0.975135298240063,0.02486142733787141,0.974718779172176,0.001308246129872417,0.9986917538701275,0.023556455630064588
1109.0,0.41278,0.024891312329802545,0.9751086876701974,0.024888401903034527,0.9746980438715468,0.0013246489959668733,0.9986753510040332,0.023566663333835725
1110.0,0.47899,0.024917869302183572,0.9750821306978165,0.02491537646819764,0.9746773085709176,0.0013411533846298194,0.9986588466153702,0.023576715917553726
1111.0,0.33154,0.02494437279263716,0.9750556272073628,0.024942351033360753,0.9746565732702884,0.0013577585884198792,0.9986422414115801,0.02358661420421726
1112.0,0.41357,0.02497082291658573,0.9750291770834143,0.024969325598523866,0.9746358379696592,0.001374463903229841,0.9986255360967702,0.023596359013355883
1113.0,0.2685,0.024997219789315652,0.9750027802106843,0.02499630016368698,0.9746151026690301,0.001391268628277049,0.9986087313717229,0.023605951161038585
1114.0,0.29985,0.025023563525975703,0.9749764364740243,0.025023274728850096,0.9745943673684009,0.001408172066093784,0.9985918279339062,0.023615391459881896
1115.0,0.24987,0.02504985424157588,0.9749501457584241,0.02505024929401321,0.9745736320677717,0.0014251735225175072,0.9985748264774825,0.023624680719058433
1116.0,0.20136,0.02507609205098573,0.9749239079490143,0.025077223859176323,0.9745528967671425,0.0014422723066811235,0.9985577276933189,0.023633819744304563
1117.0,0.079618,0.02510227706893325,0.9748977229310668,0.025104198424339436,0.9745321614665133,0.0014594677310032496,0.9985405322689967,0.02364280933792995
1118.0,0.21753,0.02512840941000335,0.9748715905899966,0.02513117298950255,0.974511426165884,0.0014767591111782882,0.9985232408888217,0.0236516502988251
1119.0,0.11317,0.025154489188636667,0.9748455108113633,0.025158147554665666,0.9744906908652549,0.0014941457661666322,0.9985058542338334,0.023660343422470143
1120.0,0.14189,0.025180516519128202,0.9748194834808718,0.02518512211982878,0.9744699555646257,0.001511627018184707,0.9984883729818153,0.02366888950094348
1121.0,0.18586,0.025206491515625977,0.9747935084843741,0.025212096684991893,0.9744492202639965,0.0015292021926950462,0.998470797807305,0.023677289322930894
1122.0,0.081686,0.025232414292129936,0.97476758570787,0.025239071250155006,0.9744284849633673,0.0015468706183962503,0.9984531293816038,0.023685543673733767
1123.0,0.12817,0.025258284962490597,0.9747417150375094,0.02526604581531812,0.9744077496627381,0.0015646316272130095,0.998435368372787,0.02369365333527762
1124.0,0.1087,0.02528410364040779,0.9747158963595922,0.025293020380481236,0.974387014362109,0.0015824845542860553,0.998417515445714,0.023701619086121783
1125.0,0.14428,0.02530987043942972,0.9746901295605703,0.02531999494564435,0.9743662790614798,0.0016004287379620017,0.998399571262038,0.023709441701467715
1126.0,0.051589,0.025335585472951366,0.9746644145270487,0.025343193302006378,0.9743453217067043,0.0016184635197832604,0.9983815364802168,0.023717121953168108
1127.0,0.15725,0.025361248854213723,0.9746387511457862,0.02536639165836841,0.9743243643519288,0.0016365882444778976,0.9983634117555221,0.02372466060973588
1128.0,0.099224,0.02538686069630247,0.9746131393036975,0.025389590014730443,0.9743034069971533,0.0016548022599493929,0.9983451977400506,0.023732058436353065
1129.0,0.10591,0.025412421112146782,0.9745875788878532,0.025412788371092475,0.9742824496423779,0.0016731049172664803,0.9983268950827335,0.023739316194880344
1130.0,0.070574,0.02543793021451841,0.9745620697854815,0.025435986727454507,0.9742614922876024,0.0016914955706528584,0.9983085044293472,0.02374643464386561
1131.0,0.2956,0.025463388116030612,0.9745366118839693,0.02545918508381654,0.9742405349328269,0.0017099735774769376,0.9982900264225231,0.02375341453855373
1132.0,0.23411,0.025488794929136877,0.9745112050708631,0.02548238344017857,0.9742195775780514,0.0017285382982415234,0.9982714617017585,0.023760256630895427
1133.0,0.15331,0.025514150766129954,0.97448584923387,0.025505581796540604,0.974198620223276,0.0017471890965735442,0.9982528109034264,0.023766961669556386
1134.0,0.04174,0.025539455739141115,0.9744605442608589,0.025528780152902636,0.9741776628685005,0.0017659253392136333,0.9982340746607864,0.023773530399927467
1135.0,0.015462,0.025564709960138595,0.9744352900398614,0.025551978509264668,0.974156705513725,0.0017847463960058076,0.9982152536039942,0.02377996356413281
1136.0,0.12876,0.025589913540927225,0.9744100864590728,0.0255751768656267,0.9741357481589495,0.0018036516398870805,0.998196348360113,0.023786261901040162
1137.0,0.28785,0.025615066593146957,0.9743849334068531,0.025598375221988733,0.9741147908041741,0.0018226404468770136,0.998177359553123,0.023792426146269974
1138.0,0.20329,0.025640169228272183,0.9743598307717278,0.025621573578350765,0.9740938334493986,0.001841712196067309,0.9981582878039327,0.023798457032204845
1139.0,0.2985,0.02566522155761064,0.9743347784423894,0.025644771934712797,0.9740728760946231,0.0018608662696113804,0.9981391337303887,0.02380435528799929
1140.0,0.25599,0.025690223692302717,0.9743097763076973,0.02566797029107483,0.9740519187398476,0.0018801020527138453,0.9981198979472862,0.023810121639588844
1141.0,0.19337,0.025715175743320207,0.9742848242566798,0.02569116864743686,0.9740309613850722,0.0018994189336200703,0.9981005810663799,0.02381575680970005
1142.0,0.22479,0.02574007782146579,0.9742599221785342,0.025714367003798894,0.9740100040302967,0.0019188163036056437,0.9980811836963943,0.023821261517860126
1143.0,0.31183,0.02576493003737198,0.974235069962628,0.025737282276840016,0.9739876091294767,0.0019382935569659215,0.998061706443034,0.02382663648040606
1144.0,0.11326,0.025789732501500164,0.9742102674984998,0.025758499049955683,0.9739565889523892,0.0019578500910054294,0.9980421499089945,0.02383188241049472
1145.0,0.14604,0.02581448532413994,0.97418551467586,0.025779715823071345,0.9739255687753017,0.0019774853060273317,0.9980225146939726,0.02383700001811262
1146.0,0.15764,0.02583918861540823,0.9741608113845918,0.02580093259618701,0.9738945485982142,0.0019971986053229523,0.998002801394677,0.023841990010085246
1147.0,0.059176,0.0258638424852485,0.9741361575147515,0.025822149369302674,0.9738635284211268,0.00201698939516111,0.9979830106048388,0.023846853090087383
1148.0,0.27113,0.0258884470434299,0.9741115529565701,0.02584336614241834,0.9738325082440392,0.0020368570847776077,0.9979631429152224,0.02385158995865222
1149.0,0.21854,0.02591300239954654,0.9740869976004535,0.025864582915534007,0.9738014880669518,0.0020568010863646195,0.9979431989136354,0.02385620131318189
1150.0,0.12164,0.025937508663016754,0.9740624913369832,0.02588579968864967,0.9737704678898643,0.002076820815060117,0.9979231791849399,0.023860687847956696
1151.0,0.2034,0.025961965943082303,0.9740380340569177,0.025907016461765336,0.9737394477127768,0.0020969156889372583,0.9979030843110628,0.023865050254145093
1152.0,0.24762,0.025986374348807652,0.9740136256511923,0.025928233234881,0.9737084275356893,0.002117085128993769,0.9978829148710062,0.023869289219813905
1153.0,0.23812,0.02601073398907923,0.9739892660109207,0.025949450007996665,0.9736774073586019,0.002137328559141342,0.9978626714408586,0.023873405429937877
1154.0,0.14248,0.026035044972604764,0.9739649550273952,0.02597066678111233,0.9736463871815143,0.0021576454061950226,0.997842354593805,0.023877399566409774
1155.0,0.31316,0.02605930740791268,0.9739406925920873,0.025991883554227994,0.9736153670044269,0.0021780350998625462,0.9978219649001374,0.02388127230805015
1156.0,0.2809,0.02608352140335124,0.9739164785966488,0.02601310032734366,0.9735843468273394,0.002198497072733784,0.9978015029272662,0.023885024330617455
1157.0,0.31458,0.026107687067088013,0.973892312932912,0.026034317100459323,0.9735533266502518,0.002219030760269992,0.99778096923973,0.023888656306818024
1158.0,0.31171,0.026131804507109085,0.9738681954928909,0.02605553387357499,0.9735223064731644,0.0022396356007933116,0.9977603643992067,0.023892168906315736
1159.0,0.33693,0.026155873831218715,0.9738441261687812,0.026076750646690655,0.973491286296077,0.002260311035476016,0.997739688964524,0.023895562795742786
1160.0,0.28648,0.02617989514703839,0.9738201048529616,0.026097967419806318,0.9734602661189894,0.0022810565083299494,0.99771894349167,0.023898838638708453
1161.0,0.34753,0.026203868562006398,0.9737961314379936,0.026119184192921984,0.9734292459419019,0.0023018714661958363,0.9976981285338041,0.023901997095810534
1162.0,0.35002,0.02622779418337723,0.9737722058166227,0.02614190938359544,0.9733947931109883,0.0023227553587326726,0.9976772446412673,0.023905038824644564
1163.0,0.46857,0.02625167211822088,0.9737483278817791,0.026165251654178906,0.9733589360126003,0.0023437076384070846,0.9976562923615929,0.023907964479813804
1164.0,0.40188,0.02627550247342251,0.9737244975265775,0.026188593924762367,0.9733230789142122,0.0023647277604826604,0.9976352722395173,0.023910774712939786
1165.0,0.3886,0.0262992853556816,0.9737007146443184,0.02621193619534583,0.9732872218158243,0.0023858151830093567,0.9976141848169906,0.023913470172672202
1166.0,0.37494,0.02632302087151157,0.9736769791284884,0.026235278465929296,0.9732513647174362,0.0024069693668128476,0.9975930306331872,0.023916051504698776
1167.0,0.40996,0.02634670912723932,0.9736532908727606,0.02625862073651276,0.9732155076190482,0.0024281897754838883,0.9975718102245161,0.023918519351755485
1168.0,0.41954,0.026370350229004646,0.9736296497709953,0.02628196300709622,0.9731796505206602,0.002449475875367683,0.9975505241246323,0.02392087435363699
1169.0,0.4231,0.0263939442827596,0.9736060557172403,0.026305305277679686,0.9731437934222722,0.002470827135553288,0.9975291728644468,0.023923117147206407
1170.0,0.45873,0.02641749139426813,0.9735825086057319,0.02632864754826315,0.9731079363238843,0.002492243027862976,0.997507756972137,0.023925248366405083
1171.0,0.44831,0.026440991669105705,0.9735590083308943,0.026351989818846615,0.9730720792254962,0.002513723026841649,0.9974862769731584,0.023927268642264132
1172.0,0.45483,0.02646444521265857,0.9735355547873414,0.026375332089430076,0.9730362221271082,0.0025352666097461962,0.9974647333902538,0.023929178602912327
1173.0,0.45642,0.026487852130123498,0.9735121478698765,0.02639867436001354,0.9730003650287202,0.002556873256534918,0.9974431267434651,0.023930978873588638
1174.0,0.33692,0.02651121252650736,0.9734887874734927,0.026422016630597005,0.9729645079303322,0.002578542449856957,0.997421457550143,0.023932670076650342
1175.0,0.4524,0.026534526506626407,0.9734654734933736,0.02644535890118047,0.9729286508319441,0.002600273675041655,0.9973997263249583,0.02393425283158468
1176.0,0.47679,0.026557794175106297,0.9734422058248937,0.02646870117176393,0.9728927937335562,0.0026220664200880582,0.9973779335799119,0.023935727755018177
1177.0,0.47235,0.026581015636381308,0.9734189843636187,0.026492043442347395,0.9728569366351681,0.002643920175654282,0.9973560798243457,0.023937095460726976
1178.0,0.36,0.026604190994694004,0.973395809005306,0.02651538571293086,0.9728210795367802,0.0026658344350469795,0.997334165564953,0.023938356559647045
1179.0,0.48371,0.026627320354094968,0.973372679645905,0.026538727983514324,0.9727852224383922,0.0026878086942108267,0.9973121913057892,0.023939511659884172
1180.0,0.44069,0.02665040381844246,0.9733495961815576,0.026562070254097785,0.9727493653400041,0.0027098424517179426,0.9972901575482821,0.02394056136672451
1181.0,0.45514,0.026673441491401724,0.9733265585085983,0.026587841570842565,0.9727196237446505,0.0027319352087573716,0.9972680647912426,0.023941506282644354
1182.0,0.32318,0.026696433476444986,0.973303566523555,0.026614797788153833,0.9726928653215087,0.0027540864691245905,0.9972459135308754,0.023942347007320453
1183.0,0.4387,0.02671937987685093,0.9732806201231491,0.026641754005465104,0.972666106898367,0.0027762957392110047,0.997223704260789,0.023943084137639903
1184.0,0.41985,0.026742280795704353,0.9732577192042956,0.026668710222776375,0.9726393484752252,0.002798562527993445,0.9972014374720065,0.02394371826771091
1185.0,0.40741,0.026765136335895893,0.973234863664104,0.026695666440087647,0.9726125900520834,0.0028208863470236866,0.9971791136529763,0.023944249988872235
1186.0,0.47715,0.026787946600121737,0.9732120533998783,0.026722622657398918,0.9725858316289416,0.002843266710418001,0.997156733289582,0.023944679889703724
1187.0,0.45575,0.026810711690883185,0.9731892883091168,0.02674957887471019,0.9725590732057999,0.002865703134846713,0.9971342968651533,0.02394500855603654
1188.0,0.33504,0.02683343171048638,0.9731665682895136,0.02677653509202146,0.9725323147826581,0.002888195139523721,0.9971118048604762,0.02394523657096259
1189.0,0.41569,0.026856106761042196,0.9731438932389578,0.026803491309332732,0.9725055563595163,0.0029107422461961503,0.9970892577538039,0.02394536451484608
1190.0,0.46239,0.02687873694446572,0.9731212630555343,0.026830447526644003,0.9724787979363746,0.002933343979133879,0.9970666560208661,0.023945392965331824
1191.0,0.4466,0.02690132236247606,0.9730986776375239,0.026857403743955274,0.9724520395132328,0.002955999865119166,0.9970440001348808,0.023945322497356925
1192.0,0.47336,0.02692386311659624,0.9730761368834038,0.026884359961266542,0.9724252810900911,0.0029787094334362994,0.9970212905665637,0.02394515368315997
1193.0,0.45434,0.026946359308152586,0.9730536406918474,0.026911316178577813,0.9723985226669493,0.003001472215861224,0.9969985277841388,0.023944887092291367
1194.0,0.4689,0.026968811038274854,0.9730311889617251,0.026938272395889085,0.9723717642438074,0.0030242877466511637,0.9969757122533488,0.023944523291623665
1195.0,0.44696,0.026991218407895874,0.9730087815921041,0.026965228613200356,0.9723450058206657,0.0030471555625343613,0.9969528444374657,0.023944062845361547
1196.0,0.43131,0.02701358151775109,0.9729864184822489,0.026992184830511627,0.9723182473975239,0.0030700752026996863,0.9969299247973004,0.023943506315051488
1197.0,0.47715,0.027035900468378667,0.9729640995316213,0.0270191410478229,0.9722914889743822,0.003093046208786446,0.9969069537912135,0.023942854259592194
1198.0,0.43392,0.0270581753601192,0.9729418246398808,0.02704609726513417,0.9722647305512404,0.0031160681248740183,0.996883931875126,0.023942107235245258
1199.0,0.36489,0.0270804062931153,0.9729195937068847,0.02707305348244544,0.9722379721280987,0.003139140497471635,0.9968608595025283,0.023941265795643596
1200.0,0.44825,0.027102593367311755,0.9728974066326882,0.027100009699756705,0.9722112137049569,0.0031622628755081632,0.9968377371244919,0.023940330491803663
